serve_date,serving_line,sheet_name,meal,category,recipe_no,display_name,item_name_as_typed
2026-09-07,Breakfast SS K-12,Breakfast SS K-12,Breakfast,Fruit,37432,"Fruit, Peach Cup, Individual, (CP)","Fruit, Peach Cup, Individual, (CP) 25-26"
2026-09-07,Breakfast SS K-12,Breakfast SS K-12,Breakfast,Fruit,38118,"Juice, 100% Apple, 4oz (Shelf-stable)","Juice, 100% Apple, 4oz (Shelf-stable) 25-26"
2026-09-07,Breakfast SS K-12,Breakfast SS K-12,Breakfast,Grain/ M/MA,37725,"Sandwich, Croissant, WG, Egg & American Cheese, IW (C)","Sandwich, Croissant, WG, Egg & American Cheese, IW (C) 25-26"
2026-09-07,Breakfast SS K-12,Breakfast SS K-12,Breakfast,Milk,37349,"Milk, 1% Plain Half Pint","Milk, 1% Plain Half Pint 25-26"
2026-09-07,Breakfast SS K-12,Breakfast SS K-12,Breakfast,Milk,37353,"Milk, Skim Plain Half Pint","Milk, Skim Plain Half Pint 25-26"
2026-09-07,Breakfast SS Pre-K,Breakfast SS PreK,Breakfast,Fruit,38118,"Juice, 100% Apple, 4oz (Shelf-stable)","Juice, 100% Apple, 4oz (Shelf-stable) 25-26"
2026-09-07,Breakfast SS Pre-K,Breakfast SS PreK,Breakfast,Grain/ M/MA,37725,"Sandwich, Croissant, WG, Egg & American Cheese, IW (C)","Sandwich, Croissant, WG, Egg & American Cheese, IW (C) 25-26"
2026-09-07,Breakfast SS Pre-K,Breakfast SS PreK,Breakfast,Milk,37349,"Milk, 1% Plain Half Pint","Milk, 1% Plain Half Pint 25-26"
2026-09-07,Breakfast Traditional OVS K-12,Breakfast Traditional OVS K-12,Breakfast,Condiments/ Side,37321,"Cracker, Educational Farmers MRKT","Cracker, Educational Farmers MRKT 25-26"
2026-09-07,Breakfast Traditional OVS K-12,Breakfast Traditional OVS K-12,Breakfast,Fruit,37432,"Fruit, Peach Cup, Individual, (CP)","Fruit, Peach Cup, Individual, (CP) 25-26"
2026-09-07,Breakfast Traditional OVS K-12,Breakfast Traditional OVS K-12,Breakfast,Fruit,38118,"Juice, 100% Apple, 4oz (Shelf-stable)","Juice, 100% Apple, 4oz (Shelf-stable) 25-26"
2026-09-07,Breakfast Traditional OVS K-12,Breakfast Traditional OVS K-12,Breakfast,Grain/ M/MA,37915,"Bar, Blueberry Pomegranate Granola Bake WG","Bar, Blueberry Pomegranate Granola Bake WG 25-26"
2026-09-07,Breakfast Traditional OVS K-12,Breakfast Traditional OVS K-12,Breakfast,Grain/ M/MA,37725,"Sandwich, Croissant, WG, Egg & American Cheese, IW (C)","Sandwich, Croissant, WG, Egg & American Cheese, IW (C) 25-26"
2026-09-07,Breakfast Traditional OVS K-12,Breakfast Traditional OVS K-12,Breakfast,Milk,37349,"Milk, 1% Plain Half Pint","Milk, 1% Plain Half Pint 25-26"
2026-09-07,Breakfast Traditional OVS K-12,Breakfast Traditional OVS K-12,Breakfast,Milk,37353,"Milk, Skim Plain Half Pint","Milk, Skim Plain Half Pint 25-26"
2026-09-07,CACFP Cold Dinner,CACFP Cold Dinner,Dinner,Condiments,37390,"Mayonnaise, PC","Mayonnaise, PC 25-26"
2026-09-07,CACFP Cold Dinner,CACFP Cold Dinner,Dinner,Condiments,37398,"Mustard, PC","Mustard, PC 25-26"
2026-09-07,CACFP Cold Dinner,CACFP Cold Dinner,Dinner,Condiments,37455,"Ranch, Lite, PC","Ranch, Lite, PC 25-26"
2026-09-07,CACFP Cold Dinner,CACFP Cold Dinner,Dinner,Entrees,37681,"Sandwich, Hoagie, Turkey Ham & Cheese on WG Roll IW","Sandwich, Hoagie, Turkey Ham & Cheese on WG Roll IW 25-26"
2026-09-07,CACFP Cold Dinner,CACFP Cold Dinner,Dinner,Fruit Sides,38088,"Orange, Whole Cut 138 ct. (P)","Orange, Whole Cut 138 ct. (P) 25-26"
2026-09-07,CACFP Cold Dinner,CACFP Cold Dinner,Dinner,Milk,37349,"Milk, 1% Plain Half Pint","Milk, 1% Plain Half Pint 25-26"
2026-09-07,CACFP Cold Dinner,CACFP Cold Dinner,Dinner,Milk,37351,"Milk, Skim Chocolate Half Pint","Milk, Skim Chocolate Half Pint 25-26"
2026-09-07,CACFP Cold Dinner,CACFP Cold Dinner,Dinner,Vegetable Sides,38070,"Broccoli, Raw","Broccoli, Raw 25-26"
2026-09-07,CACFP Hot Dinner,CACFP Hot Dinner,Dinner,Entrees,37589,"Chicken, Dumplings, Teriyaki Sauce","Chicken, Dumplings, Teriyaki Sauce 25-26"
2026-09-07,CACFP Hot Dinner,CACFP Hot Dinner,Dinner,Fruit Sides,37456,Raisins (P),Raisins (P) 25-26
2026-09-07,CACFP Hot Dinner,CACFP Hot Dinner,Dinner,Milk,37349,"Milk, 1% Plain Half Pint","Milk, 1% Plain Half Pint 25-26"
2026-09-07,CACFP Hot Dinner,CACFP Hot Dinner,Dinner,Milk,37351,"Milk, Skim Chocolate Half Pint","Milk, Skim Chocolate Half Pint 25-26"
2026-09-07,CACFP Hot Dinner,CACFP Hot Dinner,Dinner,Vegetable Sides,37290,"Broccoli, Frozen, Butter Buds, Fajita","Broccoli, Frozen, Butter Buds, Fajita 25-26"
2026-09-07,HS Homestyle Lunch,HS Homestyle Lunch,Lunch,Condiments,37455,"Ranch, Lite, PC","Ranch, Lite, PC 25-26"
2026-09-07,HS Homestyle Lunch,HS Homestyle Lunch,Lunch,Condiments,37929,"Sauce, Hot Sauce TX Pete's PC","Sauce, Hot Sauce TX Pete's PC 25-26"
2026-09-07,HS Homestyle Lunch,HS Homestyle Lunch,Lunch,Condiments,37884,"Sauce, Salsa Cup (P)","Sauce, Salsa Cup (P) 25-26"
2026-09-07,HS Homestyle Lunch,HS Homestyle Lunch,Lunch,Entrees,38274,"Pasta, Spaghetti and Meatballs (NEW) (C) & Marinara","Pasta, Spaghetti and Meatballs (NEW) (C) & Marinara 26-27"
2026-09-07,HS Homestyle Lunch,HS Homestyle Lunch,Lunch,Entrees,37457,"Pupusa, Bean & Cheese","Pupusa, Bean & Cheese 25-26"
2026-09-07,HS Homestyle Lunch,HS Homestyle Lunch,Lunch,Entrees,37591,"Sandwich, Soy Butter and Jelly IW","Sandwich, Soy Butter and Jelly IW 25-26"
2026-09-07,HS Homestyle Lunch,HS Homestyle Lunch,Lunch,Fruit Sides,38118,"Juice, 100% Apple, 4oz (Shelf-stable)","Juice, 100% Apple, 4oz (Shelf-stable) 25-26"
2026-09-07,HS Homestyle Lunch,HS Homestyle Lunch,Lunch,Fruit Sides,37436,"Pears, Diced (Drained)","Pears, Diced (Drained) 25-26"
2026-09-07,HS Homestyle Lunch,HS Homestyle Lunch,Lunch,Grain/Other Side,37397,"Muffin, Corn (IW)","Muffin, Corn (IW) 25-26"
2026-09-07,HS Homestyle Lunch,HS Homestyle Lunch,Lunch,Grain/Other Side,37459,"Pudding, Chocolate","Pudding, Chocolate 25-26"
2026-09-07,HS Homestyle Lunch,HS Homestyle Lunch,Lunch,Milk,37349,"Milk, 1% Plain Half Pint","Milk, 1% Plain Half Pint 25-26"
2026-09-07,HS Homestyle Lunch,HS Homestyle Lunch,Lunch,Milk,37351,"Milk, Skim Chocolate Half Pint","Milk, Skim Chocolate Half Pint 25-26"
2026-09-07,HS Homestyle Lunch,HS Homestyle Lunch,Lunch,Milk,37353,"Milk, Skim Plain Half Pint","Milk, Skim Plain Half Pint 25-26"
2026-09-07,HS Homestyle Lunch,HS Homestyle Lunch,Lunch,Vegetable Sides,38072,"Celery, Raw","Celery, Raw 25-26"
2026-09-07,HS Homestyle Lunch,HS Homestyle Lunch,Lunch,Vegetable Sides,37438,"Peas & Carrots, Blend, Butter Buds, Fajita","Peas & Carrots, Blend, Butter Buds, Fajita 25-26"
2026-09-07,HS SS Satellite Lunch,HS SS Satellite Lunch,Lunch,Condiments,37455,"Ranch, Lite, PC","Ranch, Lite, PC 25-26"
2026-09-07,HS SS Satellite Lunch,HS SS Satellite Lunch,Lunch,Condiments,37929,"Sauce, Hot Sauce TX Pete's PC","Sauce, Hot Sauce TX Pete's PC 25-26"
2026-09-07,HS SS Satellite Lunch,HS SS Satellite Lunch,Lunch,Condiments,37884,"Sauce, Salsa Cup (P)","Sauce, Salsa Cup (P) 25-26"
2026-09-07,HS SS Satellite Lunch,HS SS Satellite Lunch,Lunch,Entrees,37457,"Pupusa, Bean & Cheese","Pupusa, Bean & Cheese 25-26"
2026-09-07,HS SS Satellite Lunch,HS SS Satellite Lunch,Lunch,Fruit Sides,38118,"Juice, 100% Apple, 4oz (Shelf-stable)","Juice, 100% Apple, 4oz (Shelf-stable) 25-26"
2026-09-07,HS SS Satellite Lunch,HS SS Satellite Lunch,Lunch,Fruit Sides,37436,"Pears, Diced (Drained)","Pears, Diced (Drained) 25-26"
2026-09-07,HS SS Satellite Lunch,HS SS Satellite Lunch,Lunch,Grain/Other Side,37397,"Muffin, Corn (IW)","Muffin, Corn (IW) 25-26"
2026-09-07,HS SS Satellite Lunch,HS SS Satellite Lunch,Lunch,Milk,37349,"Milk, 1% Plain Half Pint","Milk, 1% Plain Half Pint 25-26"
2026-09-07,HS SS Satellite Lunch,HS SS Satellite Lunch,Lunch,Milk,37351,"Milk, Skim Chocolate Half Pint","Milk, Skim Chocolate Half Pint 25-26"
2026-09-07,HS SS Satellite Lunch,HS SS Satellite Lunch,Lunch,Milk,37353,"Milk, Skim Plain Half Pint","Milk, Skim Plain Half Pint 25-26"
2026-09-07,HS SS Satellite Lunch,HS SS Satellite Lunch,Lunch,Vegetable Sides,38072,"Celery, Raw","Celery, Raw 25-26"
2026-09-07,HS SS Satellite Lunch,HS SS Satellite Lunch,Lunch,Vegetable Sides,37438,"Peas & Carrots, Blend, Butter Buds, Fajita","Peas & Carrots, Blend, Butter Buds, Fajita 25-26"
2026-09-07,HS Sack Lunch,HS Sack Lunch,Lunch,Condiments,37390,"Mayonnaise, PC","Mayonnaise, PC 25-26"
2026-09-07,HS Sack Lunch,HS Sack Lunch,Lunch,Condiments,37455,"Ranch, Lite, PC","Ranch, Lite, PC 25-26"
2026-09-07,HS Sack Lunch,HS Sack Lunch,Lunch,Entrees,37775,Turkey Breast (C) & Cheese (C) Pullman Sandwich (H/C),Turkey Breast (C) & Cheese (C) Pullman Sandwich (H/C) 25-26
2026-09-07,HS Sack Lunch,HS Sack Lunch,Lunch,Fruit Sides,38062,"Apple, Whole, Fuji","Apple, Whole, Fuji 25-26"
2026-09-07,HS Sack Lunch,HS Sack Lunch,Lunch,Fruit Sides,38122,"Juice, 100% Fruit Punch, 4oz (Shelf-stable)","Juice, 100% Fruit Punch, 4oz (Shelf-stable) 25-26"
2026-09-07,HS Sack Lunch,HS Sack Lunch,Lunch,Grain/Other Side,37310,"Chips, Baked Lays","Chips, Baked Lays 25-26"
2026-09-07,HS Sack Lunch,HS Sack Lunch,Lunch,Milk,37349,"Milk, 1% Plain Half Pint","Milk, 1% Plain Half Pint 25-26"
2026-09-07,HS Sack Lunch,HS Sack Lunch,Lunch,Milk,37351,"Milk, Skim Chocolate Half Pint","Milk, Skim Chocolate Half Pint 25-26"
2026-09-07,HS Sack Lunch,HS Sack Lunch,Lunch,Milk,37353,"Milk, Skim Plain Half Pint","Milk, Skim Plain Half Pint 25-26"
2026-09-07,HS Sack Lunch,HS Sack Lunch,Lunch,Vegetable Sides,38071,"Carrots, Baby Raw","Carrots, Baby Raw 25-26"
2026-09-07,HS Sack Lunch,HS Sack Lunch,Lunch,Vegetable Sides,38072,"Celery, Raw","Celery, Raw 25-26"
2026-09-07,HS Satellite Lunch,HS Satellite Lunch,Lunch,Condiments,37455,"Ranch, Lite, PC","Ranch, Lite, PC 25-26"
2026-09-07,HS Satellite Lunch,HS Satellite Lunch,Lunch,Condiments,37929,"Sauce, Hot Sauce TX Pete's PC","Sauce, Hot Sauce TX Pete's PC 25-26"
2026-09-07,HS Satellite Lunch,HS Satellite Lunch,Lunch,Condiments,37884,"Sauce, Salsa Cup (P)","Sauce, Salsa Cup (P) 25-26"
2026-09-07,HS Satellite Lunch,HS Satellite Lunch,Lunch,Entrees,37457,"Pupusa, Bean & Cheese","Pupusa, Bean & Cheese 25-26"
2026-09-07,HS Satellite Lunch,HS Satellite Lunch,Lunch,Fruit Sides,38118,"Juice, 100% Apple, 4oz (Shelf-stable)","Juice, 100% Apple, 4oz (Shelf-stable) 25-26"
2026-09-07,HS Satellite Lunch,HS Satellite Lunch,Lunch,Fruit Sides,37436,"Pears, Diced (Drained)","Pears, Diced (Drained) 25-26"
2026-09-07,HS Satellite Lunch,HS Satellite Lunch,Lunch,Grain/Other Side,37397,"Muffin, Corn (IW)","Muffin, Corn (IW) 25-26"
2026-09-07,HS Satellite Lunch,HS Satellite Lunch,Lunch,Milk,37349,"Milk, 1% Plain Half Pint","Milk, 1% Plain Half Pint 25-26"
2026-09-07,HS Satellite Lunch,HS Satellite Lunch,Lunch,Milk,37351,"Milk, Skim Chocolate Half Pint","Milk, Skim Chocolate Half Pint 25-26"
2026-09-07,HS Satellite Lunch,HS Satellite Lunch,Lunch,Milk,37353,"Milk, Skim Plain Half Pint","Milk, Skim Plain Half Pint 25-26"
2026-09-07,HS Satellite Lunch,HS Satellite Lunch,Lunch,Vegetable Sides,38072,"Celery, Raw","Celery, Raw 25-26"
2026-09-07,HS Satellite Lunch,HS Satellite Lunch,Lunch,Vegetable Sides,37438,"Peas & Carrots, Blend, Butter Buds, Fajita","Peas & Carrots, Blend, Butter Buds, Fajita 25-26"
2026-09-07,HS Snack Favorites,HS Favorites,Snack,Condiments,37842,"Ketchup, PC (P)","Ketchup, PC (P) 25-26"
2026-09-07,HS Snack Favorites,HS Favorites,Snack,Condiments,37390,"Mayonnaise, PC","Mayonnaise, PC 25-26"
2026-09-07,HS Snack Favorites,HS Favorites,Snack,Condiments,37398,"Mustard, PC","Mustard, PC 25-26"
2026-09-07,HS Snack Favorites,HS Favorites,Snack,Condiments,37439,"Pickles, 2ea","Pickles, 2ea 25-26"
2026-09-07,HS Snack Favorites,HS Favorites,Snack,Condiments,37455,"Ranch, Lite, PC","Ranch, Lite, PC 25-26"
2026-09-07,HS Snack Favorites,HS Favorites,Snack,Condiments,37914,"Sauce, Guacamole","Sauce, Guacamole 25-26"
2026-09-07,HS Snack Favorites,HS Favorites,Snack,Condiments,37929,"Sauce, Hot Sauce TX Pete's PC","Sauce, Hot Sauce TX Pete's PC 25-26"
2026-09-07,HS Snack Favorites,HS Favorites,Snack,Condiments,37884,"Sauce, Salsa Cup (P)","Sauce, Salsa Cup (P) 25-26"
2026-09-07,HS Snack Favorites,HS Favorites,Snack,Condiments,37913,"Sour Cream, Individual PC,","Sour Cream, Individual PC, 25-26"
2026-09-07,HS Snack Favorites,HS Favorites,Snack,Condiments,37443,"Tajin, PC","Tajin, PC 25-26"
2026-09-07,HS Snack Favorites,HS Favorites,Snack,Entrees,38110,"Chicken Fajita (CP), Cheese Sauce (C) Nachos","Chicken Fajita (CP), Cheese Sauce (C) Nachos 25-26"
2026-09-07,HS Snack Favorites,HS Favorites,Snack,Entrees,38099,"Chicken, Spicy, Sandwich WM (C)","Chicken, Spicy, Sandwich WM (C) 25-26"
2026-09-07,HS Snack Favorites,HS Favorites,Snack,Entrees,37923,"Turkey (C), Hot Dog","Turkey (C), Hot Dog 25-26"
2026-09-07,HS Snack Favorites,HS Favorites,Snack,Fruit Sides,38118,"Juice, 100% Apple, 4oz (Shelf-stable)","Juice, 100% Apple, 4oz (Shelf-stable) 25-26"
2026-09-07,HS Snack Favorites,HS Favorites,Snack,Fruit Sides,37436,"Pears, Diced (Drained)","Pears, Diced (Drained) 25-26"
2026-09-07,HS Snack Favorites,HS Favorites,Snack,Grain/Other Side,37970,"ALC, Cookie, Chocolate Chip, Dough","ALC, Cookie, Chocolate Chip, Dough 25-26"
2026-09-07,HS Snack Favorites,HS Favorites,Snack,Grain/Other Side,37310,"Chips, Baked Lays","Chips, Baked Lays 25-26"
2026-09-07,HS Snack Favorites,HS Favorites,Snack,Milk,37349,"Milk, 1% Plain Half Pint","Milk, 1% Plain Half Pint 25-26"
2026-09-07,HS Snack Favorites,HS Favorites,Snack,Milk,37351,"Milk, Skim Chocolate Half Pint","Milk, Skim Chocolate Half Pint 25-26"
2026-09-07,HS Snack Favorites,HS Favorites,Snack,Milk,37353,"Milk, Skim Plain Half Pint","Milk, Skim Plain Half Pint 25-26"
2026-09-07,HS Snack Favorites,HS Favorites,Snack,Vegetable Sides,38072,"Celery, Raw","Celery, Raw 25-26"
2026-09-07,HS Snack Favorites,HS Favorites,Snack,Vegetable Sides,37438,"Peas & Carrots, Blend, Butter Buds, Fajita","Peas & Carrots, Blend, Butter Buds, Fajita 25-26"
2026-09-07,HS Tailgate Menus,HS Tailgate Menus,Lunch,Condiments,37842,"Ketchup, PC (P)","Ketchup, PC (P) 25-26"
2026-09-07,HS Tailgate Menus,HS Tailgate Menus,Lunch,Condiments,37398,"Mustard, PC","Mustard, PC 25-26"
2026-09-07,HS Tailgate Menus,HS Tailgate Menus,Lunch,Entrees,37717,"Beef (C), Burger, American Cheese (C)","Beef (C), Burger, American Cheese (C) 25-26"
2026-09-07,HS Tailgate Menus,HS Tailgate Menus,Lunch,Fruit Sides,37534,"Fruit, Applesauce Cup, Individual, Strawberry (CP)","Fruit, Applesauce Cup, Individual, Strawberry (CP) 25-26"
2026-09-07,HS Tailgate Menus,HS Tailgate Menus,Lunch,Fruit Sides,37839,"Juice, 100% Fruit Blend, 4oz (Fresh)","Juice, 100% Fruit Blend, 4oz (Fresh) 24-25"
2026-09-07,HS Tailgate Menus,HS Tailgate Menus,Lunch,Grain/Other Side,37310,"Chips, Baked Lays","Chips, Baked Lays 25-26"
2026-09-07,HS Tailgate Menus,HS Tailgate Menus,Lunch,Milk,37349,"Milk, 1% Plain Half Pint","Milk, 1% Plain Half Pint 25-26"
2026-09-07,HS Tailgate Menus,HS Tailgate Menus,Lunch,Milk,37351,"Milk, Skim Chocolate Half Pint","Milk, Skim Chocolate Half Pint 25-26"
2026-09-07,HS Tailgate Menus,HS Tailgate Menus,Lunch,Milk,37353,"Milk, Skim Plain Half Pint","Milk, Skim Plain Half Pint 25-26"
2026-09-07,HS Tailgate Menus,HS Tailgate Menus,Lunch,Vegetable Sides,38071,"Carrots, Baby Raw","Carrots, Baby Raw 25-26"
2026-09-07,HS Tailgate Menus,HS Tailgate Menus,Lunch,Vegetable Sides,37328,"Fries, Seasoned, Wedge (C)","Fries, Seasoned, Wedge (C) 25-26"
2026-09-07,K-12 Snack,K-12 Snack,Snack,Entrees,37445,"Snack, Cracker, Cheese","Snack, Cracker, Cheese 25-26"
2026-09-07,K-12 Snack,K-12 Snack,Snack,Fruit Sides,38182,"Apple, Whole, Red Delicious","Apple, Whole, Red Delicious 25-26"
2026-09-07,K-8 Lunch,K-8 Lunch,Lunch,Condiments,37455,"Ranch, Lite, PC","Ranch, Lite, PC 25-26"
2026-09-07,K-8 Lunch,K-8 Lunch,Lunch,Condiments,37929,"Sauce, Hot Sauce TX Pete's PC","Sauce, Hot Sauce TX Pete's PC 25-26"
2026-09-07,K-8 Lunch,K-8 Lunch,Lunch,Condiments,37884,"Sauce, Salsa Cup (P)","Sauce, Salsa Cup (P) 25-26"
2026-09-07,K-8 Lunch,K-8 Lunch,Lunch,Entrees,38274,"Pasta, Spaghetti and Meatballs (NEW) (C) & Marinara","Pasta, Spaghetti and Meatballs (NEW) (C) & Marinara 26-27"
2026-09-07,K-8 Lunch,K-8 Lunch,Lunch,Entrees,37457,"Pupusa, Bean & Cheese","Pupusa, Bean & Cheese 25-26"
2026-09-07,K-8 Lunch,K-8 Lunch,Lunch,Entrees,37591,"Sandwich, Soy Butter and Jelly IW","Sandwich, Soy Butter and Jelly IW 25-26"
2026-09-07,K-8 Lunch,K-8 Lunch,Lunch,Fruit Sides,37436,"Pears, Diced (Drained)","Pears, Diced (Drained) 25-26"
2026-09-07,K-8 Lunch,K-8 Lunch,Lunch,Milk,37349,"Milk, 1% Plain Half Pint","Milk, 1% Plain Half Pint 25-26"
2026-09-07,K-8 Lunch,K-8 Lunch,Lunch,Milk,37351,"Milk, Skim Chocolate Half Pint","Milk, Skim Chocolate Half Pint 25-26"
2026-09-07,K-8 Lunch,K-8 Lunch,Lunch,Milk,37353,"Milk, Skim Plain Half Pint","Milk, Skim Plain Half Pint 25-26"
2026-09-07,K-8 Lunch,K-8 Lunch,Lunch,Vegetable Sides,38072,"Celery, Raw","Celery, Raw 25-26"
2026-09-07,K-8 Lunch,K-8 Lunch,Lunch,Vegetable Sides,37438,"Peas & Carrots, Blend, Butter Buds, Fajita","Peas & Carrots, Blend, Butter Buds, Fajita 25-26"
2026-09-07,K-8 Sack Lunch,K-8 Sack Lunch,Lunch,Condiments,37455,"Ranch, Lite, PC","Ranch, Lite, PC 25-26"
2026-09-07,K-8 Sack Lunch,K-8 Sack Lunch,Lunch,Entrees,37899,Turkey Ham (C) & American Cheese (C) Hoagie (H/C),Turkey Ham (C) & American Cheese (C) Hoagie (H/C) 25-26
2026-09-07,K-8 Sack Lunch,K-8 Sack Lunch,Lunch,Fruit Sides,38062,"Apple, Whole, Fuji","Apple, Whole, Fuji 25-26"
2026-09-07,K-8 Sack Lunch,K-8 Sack Lunch,Lunch,Milk,37349,"Milk, 1% Plain Half Pint","Milk, 1% Plain Half Pint 25-26"
2026-09-07,K-8 Sack Lunch,K-8 Sack Lunch,Lunch,Milk,37351,"Milk, Skim Chocolate Half Pint","Milk, Skim Chocolate Half Pint 25-26"
2026-09-07,K-8 Sack Lunch,K-8 Sack Lunch,Lunch,Milk,37353,"Milk, Skim Plain Half Pint","Milk, Skim Plain Half Pint 25-26"
2026-09-07,K-8 Sack Lunch,K-8 Sack Lunch,Lunch,Vegetable Sides,38071,"Carrots, Baby Raw","Carrots, Baby Raw 25-26"
2026-09-07,K-8 Sack Lunch,K-8 Sack Lunch,Lunch,Vegetable Sides,38072,"Celery, Raw","Celery, Raw 25-26"
2026-09-07,K-8 Satellite Lunch,K-8 Satellite Lunch,Lunch,Condiments,37455,"Ranch, Lite, PC","Ranch, Lite, PC 25-26"
2026-09-07,K-8 Satellite Lunch,K-8 Satellite Lunch,Lunch,Condiments,37929,"Sauce, Hot Sauce TX Pete's PC","Sauce, Hot Sauce TX Pete's PC 25-26"
2026-09-07,K-8 Satellite Lunch,K-8 Satellite Lunch,Lunch,Condiments,37884,"Sauce, Salsa Cup (P)","Sauce, Salsa Cup (P) 25-26"
2026-09-07,K-8 Satellite Lunch,K-8 Satellite Lunch,Lunch,Entrees,37457,"Pupusa, Bean & Cheese","Pupusa, Bean & Cheese 25-26"
2026-09-07,K-8 Satellite Lunch,K-8 Satellite Lunch,Lunch,Fruit Sides,37436,"Pears, Diced (Drained)","Pears, Diced (Drained) 25-26"
2026-09-07,K-8 Satellite Lunch,K-8 Satellite Lunch,Lunch,Milk,37349,"Milk, 1% Plain Half Pint","Milk, 1% Plain Half Pint 25-26"
2026-09-07,K-8 Satellite Lunch,K-8 Satellite Lunch,Lunch,Milk,37351,"Milk, Skim Chocolate Half Pint","Milk, Skim Chocolate Half Pint 25-26"
2026-09-07,K-8 Satellite Lunch,K-8 Satellite Lunch,Lunch,Milk,37353,"Milk, Skim Plain Half Pint","Milk, Skim Plain Half Pint 25-26"
2026-09-07,K-8 Satellite Lunch,K-8 Satellite Lunch,Lunch,Vegetable Sides,38072,"Celery, Raw","Celery, Raw 25-26"
2026-09-07,K-8 Satellite Lunch,K-8 Satellite Lunch,Lunch,Vegetable Sides,37438,"Peas & Carrots, Blend, Butter Buds, Fajita","Peas & Carrots, Blend, Butter Buds, Fajita 25-26"
2026-09-07,K-8 Tailgate Menus,K-8 Tailgate Menus,Lunch,Condiments,37842,"Ketchup, PC (P)","Ketchup, PC (P) 25-26"
2026-09-07,K-8 Tailgate Menus,K-8 Tailgate Menus,Lunch,Condiments,37398,"Mustard, PC","Mustard, PC 25-26"
2026-09-07,K-8 Tailgate Menus,K-8 Tailgate Menus,Lunch,Entrees,37717,"Beef (C), Burger, American Cheese (C)","Beef (C), Burger, American Cheese (C) 25-26"
2026-09-07,K-8 Tailgate Menus,K-8 Tailgate Menus,Lunch,Fruit Sides,37534,"Fruit, Applesauce Cup, Individual, Strawberry (CP)","Fruit, Applesauce Cup, Individual, Strawberry (CP) 25-26"
2026-09-07,K-8 Tailgate Menus,K-8 Tailgate Menus,Lunch,Grain/Other Side,37819,"Cool Tropics, Lone Star Luau, Texas Slush","Cool Tropics, Lone Star Luau, Texas Slush 25-26"
2026-09-07,K-8 Tailgate Menus,K-8 Tailgate Menus,Lunch,Milk,37349,"Milk, 1% Plain Half Pint","Milk, 1% Plain Half Pint 25-26"
2026-09-07,K-8 Tailgate Menus,K-8 Tailgate Menus,Lunch,Milk,37351,"Milk, Skim Chocolate Half Pint","Milk, Skim Chocolate Half Pint 25-26"
2026-09-07,K-8 Tailgate Menus,K-8 Tailgate Menus,Lunch,Milk,37353,"Milk, Skim Plain Half Pint","Milk, Skim Plain Half Pint 25-26"
2026-09-07,K-8 Tailgate Menus,K-8 Tailgate Menus,Lunch,Vegetable Sides,38071,"Carrots, Baby Raw","Carrots, Baby Raw 25-26"
2026-09-07,K-8 Tailgate Menus,K-8 Tailgate Menus,Lunch,Vegetable Sides,37527,"Potato, Tater Tots (C)","Potato, Tater Tots (C) 25-26"
2026-09-07,MS Snack Favorites,MS Favorites,Snack,Condiments,37842,"Ketchup, PC (P)","Ketchup, PC (P) 25-26"
2026-09-07,MS Snack Favorites,MS Favorites,Snack,Condiments,37390,"Mayonnaise, PC","Mayonnaise, PC 25-26"
2026-09-07,MS Snack Favorites,MS Favorites,Snack,Condiments,37398,"Mustard, PC","Mustard, PC 25-26"
2026-09-07,MS Snack Favorites,MS Favorites,Snack,Condiments,37439,"Pickles, 2ea","Pickles, 2ea 25-26"
2026-09-07,MS Snack Favorites,MS Favorites,Snack,Condiments,37455,"Ranch, Lite, PC","Ranch, Lite, PC 25-26"
2026-09-07,MS Snack Favorites,MS Favorites,Snack,Condiments,37914,"Sauce, Guacamole","Sauce, Guacamole 25-26"
2026-09-07,MS Snack Favorites,MS Favorites,Snack,Condiments,37929,"Sauce, Hot Sauce TX Pete's PC","Sauce, Hot Sauce TX Pete's PC 25-26"
2026-09-07,MS Snack Favorites,MS Favorites,Snack,Condiments,37884,"Sauce, Salsa Cup (P)","Sauce, Salsa Cup (P) 25-26"
2026-09-07,MS Snack Favorites,MS Favorites,Snack,Entrees,38110,"Chicken Fajita (CP), Cheese Sauce (C) Nachos","Chicken Fajita (CP), Cheese Sauce (C) Nachos 25-26"
2026-09-07,MS Snack Favorites,MS Favorites,Snack,Entrees,38099,"Chicken, Spicy, Sandwich WM (C)","Chicken, Spicy, Sandwich WM (C) 25-26"
2026-09-07,MS Snack Favorites,MS Favorites,Snack,Entrees,37923,"Turkey (C), Hot Dog","Turkey (C), Hot Dog 25-26"
2026-09-07,MS Snack Favorites,MS Favorites,Snack,Fruit Sides,37436,"Pears, Diced (Drained)","Pears, Diced (Drained) 25-26"
2026-09-07,MS Snack Favorites,MS Favorites,Snack,Grain/Other Side,37310,"Chips, Baked Lays","Chips, Baked Lays 25-26"
2026-09-07,MS Snack Favorites,MS Favorites,Snack,Milk,37349,"Milk, 1% Plain Half Pint","Milk, 1% Plain Half Pint 25-26"
2026-09-07,MS Snack Favorites,MS Favorites,Snack,Milk,37351,"Milk, Skim Chocolate Half Pint","Milk, Skim Chocolate Half Pint 25-26"
2026-09-07,MS Snack Favorites,MS Favorites,Snack,Milk,37353,"Milk, Skim Plain Half Pint","Milk, Skim Plain Half Pint 25-26"
2026-09-07,MS Snack Favorites,MS Favorites,Snack,Vegetable Sides,38072,"Celery, Raw","Celery, Raw 25-26"
2026-09-07,MS Snack Favorites,MS Favorites,Snack,Vegetable Sides,37438,"Peas & Carrots, Blend, Butter Buds, Fajita","Peas & Carrots, Blend, Butter Buds, Fajita 25-26"
2026-09-07,Pre-K Lunch SS,PreK Lunch SS,Lunch,Entrees,37457,"Pupusa, Bean & Cheese","Pupusa, Bean & Cheese 25-26"
2026-09-07,Pre-K Lunch SS,PreK Lunch SS,Lunch,Fruit Sides,37471,"PreK, Pears, Diced 1/4 Cup","PreK, Pears, Diced 1/4 Cup 25-26"
2026-09-07,Pre-K Lunch SS,PreK Lunch SS,Lunch,Milk,37349,"Milk, 1% Plain Half Pint","Milk, 1% Plain Half Pint 25-26"
2026-09-07,Pre-K Lunch SS,PreK Lunch SS,Lunch,Vegetable Sides,37469,"PreK, Peas & Carrots, Blend, Butter Buds, Fajita 1/4 cup","PreK, Peas & Carrots, Blend, Butter Buds, Fajita 1/4 cup 25-26"
2026-09-07,PreK Snack,PreK Snack,Snack,Entrees,37445,"Snack, Cracker, Cheese","Snack, Cracker, Cheese 25-26"
2026-09-07,PreK Snack,PreK Snack,Snack,Fruit Sides,37456,Raisins (P),Raisins (P) 25-26
2026-09-07,Saturday Menus,Saturday Menus,Lunch,Entrees,37347,"Kolache, BRK, Maple Sausage, IW, 2oz","Kolache, BRK, Maple Sausage, IW, 2oz 25-26"
2026-09-07,Saturday Menus,Saturday Menus,Lunch,Fruit Sides,38123,"Craisins, Dried, Cherry","Craisins, Dried, Cherry 25-26"
2026-09-07,Saturday Menus,Saturday Menus,Lunch,Milk,37349,"Milk, 1% Plain Half Pint","Milk, 1% Plain Half Pint 25-26"
2026-09-07,Saturday Menus,Saturday Menus,Lunch,Milk,37353,"Milk, Skim Plain Half Pint","Milk, Skim Plain Half Pint 25-26"
2026-09-08,Breakfast SS K-12,Breakfast SS K-12,Breakfast,Fruit,37506,"Fruit, Apple Slices IW (C)","Fruit, Apple Slices IW (C) 25-26"
2026-09-08,Breakfast SS K-12,Breakfast SS K-12,Breakfast,Fruit,38118,"Juice, 100% Apple, 4oz (Shelf-stable)","Juice, 100% Apple, 4oz (Shelf-stable) 25-26"
2026-09-08,Breakfast SS K-12,Breakfast SS K-12,Breakfast,Grain/ M/MA,37284,Beef Sausage and Cheese Bagel (C),Beef Sausage and Cheese Bagel (C) 25-26
2026-09-08,Breakfast SS K-12,Breakfast SS K-12,Breakfast,Milk,37349,"Milk, 1% Plain Half Pint","Milk, 1% Plain Half Pint 25-26"
2026-09-08,Breakfast SS K-12,Breakfast SS K-12,Breakfast,Milk,37353,"Milk, Skim Plain Half Pint","Milk, Skim Plain Half Pint 25-26"
2026-09-08,Breakfast SS Pre-K,Breakfast SS PreK,Breakfast,Fruit,37506,"Fruit, Apple Slices IW (C)","Fruit, Apple Slices IW (C) 25-26"
2026-09-08,Breakfast SS Pre-K,Breakfast SS PreK,Breakfast,Grain/ M/MA,37284,Beef Sausage and Cheese Bagel (C),Beef Sausage and Cheese Bagel (C) 25-26
2026-09-08,Breakfast SS Pre-K,Breakfast SS PreK,Breakfast,Milk,37349,"Milk, 1% Plain Half Pint","Milk, 1% Plain Half Pint 25-26"
2026-09-08,Breakfast Traditional OVS K-12,Breakfast Traditional OVS K-12,Breakfast,Condiments/ Side,37535,"Crackers, Blueberry Crisp","Crackers, Blueberry Crisp 25-26"
2026-09-08,Breakfast Traditional OVS K-12,Breakfast Traditional OVS K-12,Breakfast,Condiments/ Side,37929,"Sauce, Hot Sauce TX Pete's PC","Sauce, Hot Sauce TX Pete's PC 25-26"
2026-09-08,Breakfast Traditional OVS K-12,Breakfast Traditional OVS K-12,Breakfast,Condiments/ Side,37884,"Sauce, Salsa Cup (P)","Sauce, Salsa Cup (P) 25-26"
2026-09-08,Breakfast Traditional OVS K-12,Breakfast Traditional OVS K-12,Breakfast,Fruit,37506,"Fruit, Apple Slices IW (C)","Fruit, Apple Slices IW (C) 25-26"
2026-09-08,Breakfast Traditional OVS K-12,Breakfast Traditional OVS K-12,Breakfast,Fruit,38118,"Juice, 100% Apple, 4oz (Shelf-stable)","Juice, 100% Apple, 4oz (Shelf-stable) 25-26"
2026-09-08,Breakfast Traditional OVS K-12,Breakfast Traditional OVS K-12,Breakfast,Grain/ M/MA,37284,Beef Sausage and Cheese Bagel (C),Beef Sausage and Cheese Bagel (C) 25-26
2026-09-08,Breakfast Traditional OVS K-12,Breakfast Traditional OVS K-12,Breakfast,Grain/ M/MA,37663,"Breakfast Bundle, Cinnamon Toast Crunch Cereal w/Mozzarella Cheese Stick (C)","Breakfast Bundle, Cinnamon Toast Crunch Cereal w/Mozzarella Cheese Stick (C) 25-26"
2026-09-08,Breakfast Traditional OVS K-12,Breakfast Traditional OVS K-12,Breakfast,Milk,37349,"Milk, 1% Plain Half Pint","Milk, 1% Plain Half Pint 25-26"
2026-09-08,Breakfast Traditional OVS K-12,Breakfast Traditional OVS K-12,Breakfast,Milk,37353,"Milk, Skim Plain Half Pint","Milk, Skim Plain Half Pint 25-26"
2026-09-08,CACFP Cold Dinner,CACFP Cold Dinner,Dinner,Condiments,37455,"Ranch, Lite, PC","Ranch, Lite, PC 25-26"
2026-09-08,CACFP Cold Dinner,CACFP Cold Dinner,Dinner,Entrees,37591,"Sandwich, Soy Butter and Jelly IW","Sandwich, Soy Butter and Jelly IW 25-26"
2026-09-08,CACFP Cold Dinner,CACFP Cold Dinner,Dinner,Fruit Sides,38123,"Craisins, Dried, Cherry","Craisins, Dried, Cherry 25-26"
2026-09-08,CACFP Cold Dinner,CACFP Cold Dinner,Dinner,Milk,37349,"Milk, 1% Plain Half Pint","Milk, 1% Plain Half Pint 25-26"
2026-09-08,CACFP Cold Dinner,CACFP Cold Dinner,Dinner,Milk,37351,"Milk, Skim Chocolate Half Pint","Milk, Skim Chocolate Half Pint 25-26"
2026-09-08,CACFP Cold Dinner,CACFP Cold Dinner,Dinner,Vegetable Sides,38071,"Carrots, Baby Raw","Carrots, Baby Raw 25-26"
2026-09-08,CACFP Hot Dinner,CACFP Hot Dinner,Dinner,Condiments,38262,"Dipping Sauce, Marinara (P)","Dipping Sauce, Marinara (P) 25-26"
2026-09-08,CACFP Hot Dinner,CACFP Hot Dinner,Dinner,Condiments,37455,"Ranch, Lite, PC","Ranch, Lite, PC 25-26"
2026-09-08,CACFP Hot Dinner,CACFP Hot Dinner,Dinner,Entrees,37292,"Calzone, Cheese & Sauce (IW)","Calzone, Cheese & Sauce (IW) 25-26"
2026-09-08,CACFP Hot Dinner,CACFP Hot Dinner,Dinner,Entrees,38144,"Calzone, Pepperoni & Cheese","Calzone, Pepperoni & Cheese 25-26"
2026-09-08,CACFP Hot Dinner,CACFP Hot Dinner,Dinner,Fruit Sides,37331,"Fruit, Mixed, Canned (Drained)","Fruit, Mixed, Canned (Drained) 25-26"
2026-09-08,CACFP Hot Dinner,CACFP Hot Dinner,Dinner,Milk,37349,"Milk, 1% Plain Half Pint","Milk, 1% Plain Half Pint 25-26"
2026-09-08,CACFP Hot Dinner,CACFP Hot Dinner,Dinner,Milk,37351,"Milk, Skim Chocolate Half Pint","Milk, Skim Chocolate Half Pint 25-26"
2026-09-08,CACFP Hot Dinner,CACFP Hot Dinner,Dinner,Vegetable Sides,37424,"Vegetable Blend, Butter Buds, Fajita","Vegetable Blend, Butter Buds, Fajita 25-26"
2026-09-08,HS Homestyle Lunch,HS Homestyle Lunch,Lunch,Condiments,37842,"Ketchup, PC (P)","Ketchup, PC (P) 25-26"
2026-09-08,HS Homestyle Lunch,HS Homestyle Lunch,Lunch,Condiments,37390,"Mayonnaise, PC","Mayonnaise, PC 25-26"
2026-09-08,HS Homestyle Lunch,HS Homestyle Lunch,Lunch,Condiments,37398,"Mustard, PC","Mustard, PC 25-26"
2026-09-08,HS Homestyle Lunch,HS Homestyle Lunch,Lunch,Condiments,37439,"Pickles, 2ea","Pickles, 2ea 25-26"
2026-09-08,HS Homestyle Lunch,HS Homestyle Lunch,Lunch,Condiments,37914,"Sauce, Guacamole","Sauce, Guacamole 25-26"
2026-09-08,HS Homestyle Lunch,HS Homestyle Lunch,Lunch,Condiments,37929,"Sauce, Hot Sauce TX Pete's PC","Sauce, Hot Sauce TX Pete's PC 25-26"
2026-09-08,HS Homestyle Lunch,HS Homestyle Lunch,Lunch,Condiments,37884,"Sauce, Salsa Cup (P)","Sauce, Salsa Cup (P) 25-26"
2026-09-08,HS Homestyle Lunch,HS Homestyle Lunch,Lunch,Entrees,37217,"Chicken, Sandwich WM (C)","Chicken, Sandwich WM (C) 25-26"
2026-09-08,HS Homestyle Lunch,HS Homestyle Lunch,Lunch,Entrees,37591,"Sandwich, Soy Butter and Jelly IW","Sandwich, Soy Butter and Jelly IW 25-26"
2026-09-08,HS Homestyle Lunch,HS Homestyle Lunch,Lunch,Entrees,37688,"Turkey, Barbacoa, Soft Taco (C)","Turkey, Barbacoa, Soft Taco (C) 25-26"
2026-09-08,HS Homestyle Lunch,HS Homestyle Lunch,Lunch,Fruit Sides,38091,"Grapes, Red, Whole","Grapes, Red, Whole 25-26"
2026-09-08,HS Homestyle Lunch,HS Homestyle Lunch,Lunch,Fruit Sides,38118,"Juice, 100% Apple, 4oz (Shelf-stable)","Juice, 100% Apple, 4oz (Shelf-stable) 25-26"
2026-09-08,HS Homestyle Lunch,HS Homestyle Lunch,Lunch,Grain/Other Side,37310,"Chips, Baked Lays","Chips, Baked Lays 25-26"
2026-09-08,HS Homestyle Lunch,HS Homestyle Lunch,Lunch,Grain/Other Side,37459,"Pudding, Chocolate","Pudding, Chocolate 25-26"
2026-09-08,HS Homestyle Lunch,HS Homestyle Lunch,Lunch,Milk,37349,"Milk, 1% Plain Half Pint","Milk, 1% Plain Half Pint 25-26"
2026-09-08,HS Homestyle Lunch,HS Homestyle Lunch,Lunch,Milk,37351,"Milk, Skim Chocolate Half Pint","Milk, Skim Chocolate Half Pint 25-26"
2026-09-08,HS Homestyle Lunch,HS Homestyle Lunch,Lunch,Milk,37353,"Milk, Skim Plain Half Pint","Milk, Skim Plain Half Pint 25-26"
2026-09-08,HS Homestyle Lunch,HS Homestyle Lunch,Lunch,Vegetable Sides,37675,"Black Beans, Taco Fiesta","Black Beans, Taco Fiesta 25-26"
2026-09-08,HS Homestyle Lunch,HS Homestyle Lunch,Lunch,Vegetable Sides,37335,"Green Beans, Butter Buds, Fajita","Green Beans, Butter Buds, Fajita 25-26"
2026-09-08,HS SS Satellite Lunch,HS SS Satellite Lunch,Lunch,Condiments,37842,"Ketchup, PC (P)","Ketchup, PC (P) 25-26"
2026-09-08,HS SS Satellite Lunch,HS SS Satellite Lunch,Lunch,Condiments,37390,"Mayonnaise, PC","Mayonnaise, PC 25-26"
2026-09-08,HS SS Satellite Lunch,HS SS Satellite Lunch,Lunch,Condiments,37398,"Mustard, PC","Mustard, PC 25-26"
2026-09-08,HS SS Satellite Lunch,HS SS Satellite Lunch,Lunch,Condiments,37439,"Pickles, 2ea","Pickles, 2ea 25-26"
2026-09-08,HS SS Satellite Lunch,HS SS Satellite Lunch,Lunch,Condiments,37929,"Sauce, Hot Sauce TX Pete's PC","Sauce, Hot Sauce TX Pete's PC 25-26"
2026-09-08,HS SS Satellite Lunch,HS SS Satellite Lunch,Lunch,Entrees,37217,"Chicken, Sandwich WM (C)","Chicken, Sandwich WM (C) 25-26"
2026-09-08,HS SS Satellite Lunch,HS SS Satellite Lunch,Lunch,Fruit Sides,38091,"Grapes, Red, Whole","Grapes, Red, Whole 25-26"
2026-09-08,HS SS Satellite Lunch,HS SS Satellite Lunch,Lunch,Fruit Sides,38118,"Juice, 100% Apple, 4oz (Shelf-stable)","Juice, 100% Apple, 4oz (Shelf-stable) 25-26"
2026-09-08,HS SS Satellite Lunch,HS SS Satellite Lunch,Lunch,Grain/Other Side,37310,"Chips, Baked Lays","Chips, Baked Lays 25-26"
2026-09-08,HS SS Satellite Lunch,HS SS Satellite Lunch,Lunch,Milk,37349,"Milk, 1% Plain Half Pint","Milk, 1% Plain Half Pint 25-26"
2026-09-08,HS SS Satellite Lunch,HS SS Satellite Lunch,Lunch,Milk,37351,"Milk, Skim Chocolate Half Pint","Milk, Skim Chocolate Half Pint 25-26"
2026-09-08,HS SS Satellite Lunch,HS SS Satellite Lunch,Lunch,Milk,37353,"Milk, Skim Plain Half Pint","Milk, Skim Plain Half Pint 25-26"
2026-09-08,HS SS Satellite Lunch,HS SS Satellite Lunch,Lunch,Vegetable Sides,37675,"Black Beans, Taco Fiesta","Black Beans, Taco Fiesta 25-26"
2026-09-08,HS SS Satellite Lunch,HS SS Satellite Lunch,Lunch,Vegetable Sides,37335,"Green Beans, Butter Buds, Fajita","Green Beans, Butter Buds, Fajita 25-26"
2026-09-08,HS Sack Lunch,HS Sack Lunch,Lunch,Condiments,37390,"Mayonnaise, PC","Mayonnaise, PC 25-26"
2026-09-08,HS Sack Lunch,HS Sack Lunch,Lunch,Condiments,37398,"Mustard, PC","Mustard, PC 25-26"
2026-09-08,HS Sack Lunch,HS Sack Lunch,Lunch,Condiments,37455,"Ranch, Lite, PC","Ranch, Lite, PC 25-26"
2026-09-08,HS Sack Lunch,HS Sack Lunch,Lunch,Entrees,37899,Turkey Ham (C) & American Cheese (C) Hoagie (H/C),Turkey Ham (C) & American Cheese (C) Hoagie (H/C) 25-26
2026-09-08,HS Sack Lunch,HS Sack Lunch,Lunch,Fruit Sides,38122,"Juice, 100% Fruit Punch, 4oz (Shelf-stable)","Juice, 100% Fruit Punch, 4oz (Shelf-stable) 25-26"
2026-09-08,HS Sack Lunch,HS Sack Lunch,Lunch,Fruit Sides,38088,"Orange, Whole Cut 138 ct. (P)","Orange, Whole Cut 138 ct. (P) 25-26"
2026-09-08,HS Sack Lunch,HS Sack Lunch,Lunch,Grain/Other Side,37310,"Chips, Baked Lays","Chips, Baked Lays 25-26"
2026-09-08,HS Sack Lunch,HS Sack Lunch,Lunch,Milk,37349,"Milk, 1% Plain Half Pint","Milk, 1% Plain Half Pint 25-26"
2026-09-08,HS Sack Lunch,HS Sack Lunch,Lunch,Milk,37351,"Milk, Skim Chocolate Half Pint","Milk, Skim Chocolate Half Pint 25-26"
2026-09-08,HS Sack Lunch,HS Sack Lunch,Lunch,Milk,37353,"Milk, Skim Plain Half Pint","Milk, Skim Plain Half Pint 25-26"
2026-09-08,HS Sack Lunch,HS Sack Lunch,Lunch,Vegetable Sides,38111,"Corn, Salad 1/2c","Corn, Salad 1/2c 25-26"
2026-09-08,HS Sack Lunch,HS Sack Lunch,Lunch,Vegetable Sides,38093,"Cucumber Slices, Raw Whole","Cucumber Slices, Raw Whole 25-26"
2026-09-08,HS Satellite Lunch,HS Satellite Lunch,Lunch,Condiments,37842,"Ketchup, PC (P)","Ketchup, PC (P) 25-26"
2026-09-08,HS Satellite Lunch,HS Satellite Lunch,Lunch,Condiments,37390,"Mayonnaise, PC","Mayonnaise, PC 25-26"
2026-09-08,HS Satellite Lunch,HS Satellite Lunch,Lunch,Condiments,37398,"Mustard, PC","Mustard, PC 25-26"
2026-09-08,HS Satellite Lunch,HS Satellite Lunch,Lunch,Condiments,37439,"Pickles, 2ea","Pickles, 2ea 25-26"
2026-09-08,HS Satellite Lunch,HS Satellite Lunch,Lunch,Condiments,37929,"Sauce, Hot Sauce TX Pete's PC","Sauce, Hot Sauce TX Pete's PC 25-26"
2026-09-08,HS Satellite Lunch,HS Satellite Lunch,Lunch,Entrees,37217,"Chicken, Sandwich WM (C)","Chicken, Sandwich WM (C) 25-26"
2026-09-08,HS Satellite Lunch,HS Satellite Lunch,Lunch,Fruit Sides,38091,"Grapes, Red, Whole","Grapes, Red, Whole 25-26"
2026-09-08,HS Satellite Lunch,HS Satellite Lunch,Lunch,Fruit Sides,38118,"Juice, 100% Apple, 4oz (Shelf-stable)","Juice, 100% Apple, 4oz (Shelf-stable) 25-26"
2026-09-08,HS Satellite Lunch,HS Satellite Lunch,Lunch,Grain/Other Side,37310,"Chips, Baked Lays","Chips, Baked Lays 25-26"
2026-09-08,HS Satellite Lunch,HS Satellite Lunch,Lunch,Milk,37349,"Milk, 1% Plain Half Pint","Milk, 1% Plain Half Pint 25-26"
2026-09-08,HS Satellite Lunch,HS Satellite Lunch,Lunch,Milk,37351,"Milk, Skim Chocolate Half Pint","Milk, Skim Chocolate Half Pint 25-26"
2026-09-08,HS Satellite Lunch,HS Satellite Lunch,Lunch,Milk,37353,"Milk, Skim Plain Half Pint","Milk, Skim Plain Half Pint 25-26"
2026-09-08,HS Satellite Lunch,HS Satellite Lunch,Lunch,Vegetable Sides,37675,"Black Beans, Taco Fiesta","Black Beans, Taco Fiesta 25-26"
2026-09-08,HS Satellite Lunch,HS Satellite Lunch,Lunch,Vegetable Sides,37335,"Green Beans, Butter Buds, Fajita","Green Beans, Butter Buds, Fajita 25-26"
2026-09-08,HS Snack Favorites,HS Favorites,Snack,Condiments,38262,"Dipping Sauce, Marinara (P)","Dipping Sauce, Marinara (P) 25-26"
2026-09-08,HS Snack Favorites,HS Favorites,Snack,Condiments,37842,"Ketchup, PC (P)","Ketchup, PC (P) 25-26"
2026-09-08,HS Snack Favorites,HS Favorites,Snack,Condiments,37883,"Sauce, BBQ Dunk Cup, PC (P)","Sauce, BBQ Dunk Cup, PC (P) 25-26"
2026-09-08,HS Snack Favorites,HS Favorites,Snack,Condiments,37914,"Sauce, Guacamole","Sauce, Guacamole 25-26"
2026-09-08,HS Snack Favorites,HS Favorites,Snack,Condiments,37929,"Sauce, Hot Sauce TX Pete's PC","Sauce, Hot Sauce TX Pete's PC 25-26"
2026-09-08,HS Snack Favorites,HS Favorites,Snack,Condiments,37884,"Sauce, Salsa Cup (P)","Sauce, Salsa Cup (P) 25-26"
2026-09-08,HS Snack Favorites,HS Favorites,Snack,Entrees,37524,"Beef, Spicy Taco Stick (C)","Beef, Spicy Taco Stick (C) 25-26"
2026-09-08,HS Snack Favorites,HS Favorites,Snack,Entrees,37304,Cheesy Breadstick Bites (C),Cheesy Breadstick Bites (C) 25-26
2026-09-08,HS Snack Favorites,HS Favorites,Snack,Entrees,37442,"Chicken, Nuggets, WM w/Breadstick, Cheesy Garlic (C)","Chicken, Nuggets, WM w/Breadstick, Cheesy Garlic (C) 25-26"
2026-09-08,HS Snack Favorites,HS Favorites,Snack,Fruit Sides,38091,"Grapes, Red, Whole","Grapes, Red, Whole 25-26"
2026-09-08,HS Snack Favorites,HS Favorites,Snack,Fruit Sides,38118,"Juice, 100% Apple, 4oz (Shelf-stable)","Juice, 100% Apple, 4oz (Shelf-stable) 25-26"
2026-09-08,HS Snack Favorites,HS Favorites,Snack,Grain/Other Side,37310,"Chips, Baked Lays","Chips, Baked Lays 25-26"
2026-09-08,HS Snack Favorites,HS Favorites,Snack,Grain/Other Side,37459,"Pudding, Chocolate","Pudding, Chocolate 25-26"
2026-09-08,HS Snack Favorites,HS Favorites,Snack,Milk,37349,"Milk, 1% Plain Half Pint","Milk, 1% Plain Half Pint 25-26"
2026-09-08,HS Snack Favorites,HS Favorites,Snack,Milk,37351,"Milk, Skim Chocolate Half Pint","Milk, Skim Chocolate Half Pint 25-26"
2026-09-08,HS Snack Favorites,HS Favorites,Snack,Milk,37353,"Milk, Skim Plain Half Pint","Milk, Skim Plain Half Pint 25-26"
2026-09-08,HS Snack Favorites,HS Favorites,Snack,Vegetable Sides,37675,"Black Beans, Taco Fiesta","Black Beans, Taco Fiesta 25-26"
2026-09-08,HS Snack Favorites,HS Favorites,Snack,Vegetable Sides,37335,"Green Beans, Butter Buds, Fajita","Green Beans, Butter Buds, Fajita 25-26"
2026-09-08,HS Tailgate Menus,HS Tailgate Menus,Lunch,Condiments,37842,"Ketchup, PC (P)","Ketchup, PC (P) 25-26"
2026-09-08,HS Tailgate Menus,HS Tailgate Menus,Lunch,Entrees,37923,"Turkey (C), Hot Dog","Turkey (C), Hot Dog 25-26"
2026-09-08,HS Tailgate Menus,HS Tailgate Menus,Lunch,Fruit Sides,37534,"Fruit, Applesauce Cup, Individual, Strawberry (CP)","Fruit, Applesauce Cup, Individual, Strawberry (CP) 25-26"
2026-09-08,HS Tailgate Menus,HS Tailgate Menus,Lunch,Fruit Sides,37839,"Juice, 100% Fruit Blend, 4oz (Fresh)","Juice, 100% Fruit Blend, 4oz (Fresh) 24-25"
2026-09-08,HS Tailgate Menus,HS Tailgate Menus,Lunch,Grain/Other Side,37310,"Chips, Baked Lays","Chips, Baked Lays 25-26"
2026-09-08,HS Tailgate Menus,HS Tailgate Menus,Lunch,Milk,37349,"Milk, 1% Plain Half Pint","Milk, 1% Plain Half Pint 25-26"
2026-09-08,HS Tailgate Menus,HS Tailgate Menus,Lunch,Milk,37351,"Milk, Skim Chocolate Half Pint","Milk, Skim Chocolate Half Pint 25-26"
2026-09-08,HS Tailgate Menus,HS Tailgate Menus,Lunch,Milk,37353,"Milk, Skim Plain Half Pint","Milk, Skim Plain Half Pint 25-26"
2026-09-08,HS Tailgate Menus,HS Tailgate Menus,Lunch,Vegetable Sides,38071,"Carrots, Baby Raw","Carrots, Baby Raw 25-26"
2026-09-08,HS Tailgate Menus,HS Tailgate Menus,Lunch,Vegetable Sides,37328,"Fries, Seasoned, Wedge (C)","Fries, Seasoned, Wedge (C) 25-26"
2026-09-08,K-12 Snack,K-12 Snack,Snack,Entrees,37362,"Cracker, Crispy Veggie","Cracker, Crispy Veggie 25-26"
2026-09-08,K-12 Snack,K-12 Snack,Snack,Fruit Sides,38131,"Juice, 100% Apple, 6oz (Shelf-stable)","Juice, 100% Apple, 6oz (Shelf-stable) 25-26"
2026-09-08,K-8 Lunch,K-8 Lunch,Lunch,Condiments,37842,"Ketchup, PC (P)","Ketchup, PC (P) 25-26"
2026-09-08,K-8 Lunch,K-8 Lunch,Lunch,Condiments,37390,"Mayonnaise, PC","Mayonnaise, PC 25-26"
2026-09-08,K-8 Lunch,K-8 Lunch,Lunch,Condiments,37398,"Mustard, PC","Mustard, PC 25-26"
2026-09-08,K-8 Lunch,K-8 Lunch,Lunch,Condiments,37439,"Pickles, 2ea","Pickles, 2ea 25-26"
2026-09-08,K-8 Lunch,K-8 Lunch,Lunch,Condiments,37914,"Sauce, Guacamole","Sauce, Guacamole 25-26"
2026-09-08,K-8 Lunch,K-8 Lunch,Lunch,Condiments,37929,"Sauce, Hot Sauce TX Pete's PC","Sauce, Hot Sauce TX Pete's PC 25-26"
2026-09-08,K-8 Lunch,K-8 Lunch,Lunch,Condiments,37884,"Sauce, Salsa Cup (P)","Sauce, Salsa Cup (P) 25-26"
2026-09-08,K-8 Lunch,K-8 Lunch,Lunch,Entrees,37217,"Chicken, Sandwich WM (C)","Chicken, Sandwich WM (C) 25-26"
2026-09-08,K-8 Lunch,K-8 Lunch,Lunch,Entrees,37591,"Sandwich, Soy Butter and Jelly IW","Sandwich, Soy Butter and Jelly IW 25-26"
2026-09-08,K-8 Lunch,K-8 Lunch,Lunch,Entrees,37688,"Turkey, Barbacoa, Soft Taco (C)","Turkey, Barbacoa, Soft Taco (C) 25-26"
2026-09-08,K-8 Lunch,K-8 Lunch,Lunch,Fruit Sides,38091,"Grapes, Red, Whole","Grapes, Red, Whole 25-26"
2026-09-08,K-8 Lunch,K-8 Lunch,Lunch,Grain/Other Side,37397,"Muffin, Corn (IW)","Muffin, Corn (IW) 25-26"
2026-09-08,K-8 Lunch,K-8 Lunch,Lunch,Milk,37349,"Milk, 1% Plain Half Pint","Milk, 1% Plain Half Pint 25-26"
2026-09-08,K-8 Lunch,K-8 Lunch,Lunch,Milk,37351,"Milk, Skim Chocolate Half Pint","Milk, Skim Chocolate Half Pint 25-26"
2026-09-08,K-8 Lunch,K-8 Lunch,Lunch,Milk,37353,"Milk, Skim Plain Half Pint","Milk, Skim Plain Half Pint 25-26"
2026-09-08,K-8 Lunch,K-8 Lunch,Lunch,Vegetable Sides,37675,"Black Beans, Taco Fiesta","Black Beans, Taco Fiesta 25-26"
2026-09-08,K-8 Lunch,K-8 Lunch,Lunch,Vegetable Sides,37335,"Green Beans, Butter Buds, Fajita","Green Beans, Butter Buds, Fajita 25-26"
2026-09-08,K-8 Sack Lunch,K-8 Sack Lunch,Lunch,Entrees,37775,Turkey Breast (C) & Cheese (C) Pullman Sandwich (H/C),Turkey Breast (C) & Cheese (C) Pullman Sandwich (H/C) 25-26
2026-09-08,K-8 Sack Lunch,K-8 Sack Lunch,Lunch,Fruit Sides,38088,"Orange, Whole Cut 138 ct. (P)","Orange, Whole Cut 138 ct. (P) 25-26"
2026-09-08,K-8 Sack Lunch,K-8 Sack Lunch,Lunch,Grain/Other Side,37310,"Chips, Baked Lays","Chips, Baked Lays 25-26"
2026-09-08,K-8 Sack Lunch,K-8 Sack Lunch,Lunch,Milk,37349,"Milk, 1% Plain Half Pint","Milk, 1% Plain Half Pint 25-26"
2026-09-08,K-8 Sack Lunch,K-8 Sack Lunch,Lunch,Milk,37351,"Milk, Skim Chocolate Half Pint","Milk, Skim Chocolate Half Pint 25-26"
2026-09-08,K-8 Sack Lunch,K-8 Sack Lunch,Lunch,Milk,37353,"Milk, Skim Plain Half Pint","Milk, Skim Plain Half Pint 25-26"
2026-09-08,K-8 Sack Lunch,K-8 Sack Lunch,Lunch,Vegetable Sides,38111,"Corn, Salad 1/2c","Corn, Salad 1/2c 25-26"
2026-09-08,K-8 Sack Lunch,K-8 Sack Lunch,Lunch,Vegetable Sides,38093,"Cucumber Slices, Raw Whole","Cucumber Slices, Raw Whole 25-26"
2026-09-08,K-8 Satellite Lunch,K-8 Satellite Lunch,Lunch,Condiments,37842,"Ketchup, PC (P)","Ketchup, PC (P) 25-26"
2026-09-08,K-8 Satellite Lunch,K-8 Satellite Lunch,Lunch,Condiments,37390,"Mayonnaise, PC","Mayonnaise, PC 25-26"
2026-09-08,K-8 Satellite Lunch,K-8 Satellite Lunch,Lunch,Condiments,37398,"Mustard, PC","Mustard, PC 25-26"
2026-09-08,K-8 Satellite Lunch,K-8 Satellite Lunch,Lunch,Condiments,37439,"Pickles, 2ea","Pickles, 2ea 25-26"
2026-09-08,K-8 Satellite Lunch,K-8 Satellite Lunch,Lunch,Condiments,37929,"Sauce, Hot Sauce TX Pete's PC","Sauce, Hot Sauce TX Pete's PC 25-26"
2026-09-08,K-8 Satellite Lunch,K-8 Satellite Lunch,Lunch,Entrees,37217,"Chicken, Sandwich WM (C)","Chicken, Sandwich WM (C) 25-26"
2026-09-08,K-8 Satellite Lunch,K-8 Satellite Lunch,Lunch,Fruit Sides,38091,"Grapes, Red, Whole","Grapes, Red, Whole 25-26"
2026-09-08,K-8 Satellite Lunch,K-8 Satellite Lunch,Lunch,Milk,37349,"Milk, 1% Plain Half Pint","Milk, 1% Plain Half Pint 25-26"
2026-09-08,K-8 Satellite Lunch,K-8 Satellite Lunch,Lunch,Milk,37351,"Milk, Skim Chocolate Half Pint","Milk, Skim Chocolate Half Pint 25-26"
2026-09-08,K-8 Satellite Lunch,K-8 Satellite Lunch,Lunch,Milk,37353,"Milk, Skim Plain Half Pint","Milk, Skim Plain Half Pint 25-26"
2026-09-08,K-8 Satellite Lunch,K-8 Satellite Lunch,Lunch,Vegetable Sides,37675,"Black Beans, Taco Fiesta","Black Beans, Taco Fiesta 25-26"
2026-09-08,K-8 Satellite Lunch,K-8 Satellite Lunch,Lunch,Vegetable Sides,37335,"Green Beans, Butter Buds, Fajita","Green Beans, Butter Buds, Fajita 25-26"
2026-09-08,K-8 Tailgate Menus,K-8 Tailgate Menus,Lunch,Condiments,37842,"Ketchup, PC (P)","Ketchup, PC (P) 25-26"
2026-09-08,K-8 Tailgate Menus,K-8 Tailgate Menus,Lunch,Entrees,37923,"Turkey (C), Hot Dog","Turkey (C), Hot Dog 25-26"
2026-09-08,K-8 Tailgate Menus,K-8 Tailgate Menus,Lunch,Fruit Sides,37534,"Fruit, Applesauce Cup, Individual, Strawberry (CP)","Fruit, Applesauce Cup, Individual, Strawberry (CP) 25-26"
2026-09-08,K-8 Tailgate Menus,K-8 Tailgate Menus,Lunch,Grain/Other Side,37819,"Cool Tropics, Lone Star Luau, Texas Slush","Cool Tropics, Lone Star Luau, Texas Slush 25-26"
2026-09-08,K-8 Tailgate Menus,K-8 Tailgate Menus,Lunch,Milk,37349,"Milk, 1% Plain Half Pint","Milk, 1% Plain Half Pint 25-26"
2026-09-08,K-8 Tailgate Menus,K-8 Tailgate Menus,Lunch,Milk,37351,"Milk, Skim Chocolate Half Pint","Milk, Skim Chocolate Half Pint 25-26"
2026-09-08,K-8 Tailgate Menus,K-8 Tailgate Menus,Lunch,Milk,37353,"Milk, Skim Plain Half Pint","Milk, Skim Plain Half Pint 25-26"
2026-09-08,K-8 Tailgate Menus,K-8 Tailgate Menus,Lunch,Vegetable Sides,38071,"Carrots, Baby Raw","Carrots, Baby Raw 25-26"
2026-09-08,K-8 Tailgate Menus,K-8 Tailgate Menus,Lunch,Vegetable Sides,37527,"Potato, Tater Tots (C)","Potato, Tater Tots (C) 25-26"
2026-09-08,MS Snack Favorites,MS Favorites,Snack,Condiments,38262,"Dipping Sauce, Marinara (P)","Dipping Sauce, Marinara (P) 25-26"
2026-09-08,MS Snack Favorites,MS Favorites,Snack,Condiments,37842,"Ketchup, PC (P)","Ketchup, PC (P) 25-26"
2026-09-08,MS Snack Favorites,MS Favorites,Snack,Condiments,37883,"Sauce, BBQ Dunk Cup, PC (P)","Sauce, BBQ Dunk Cup, PC (P) 25-26"
2026-09-08,MS Snack Favorites,MS Favorites,Snack,Condiments,37929,"Sauce, Hot Sauce TX Pete's PC","Sauce, Hot Sauce TX Pete's PC 25-26"
2026-09-08,MS Snack Favorites,MS Favorites,Snack,Condiments,37884,"Sauce, Salsa Cup (P)","Sauce, Salsa Cup (P) 25-26"
2026-09-08,MS Snack Favorites,MS Favorites,Snack,Entrees,37524,"Beef, Spicy Taco Stick (C)","Beef, Spicy Taco Stick (C) 25-26"
2026-09-08,MS Snack Favorites,MS Favorites,Snack,Entrees,37304,Cheesy Breadstick Bites (C),Cheesy Breadstick Bites (C) 25-26
2026-09-08,MS Snack Favorites,MS Favorites,Snack,Entrees,37442,"Chicken, Nuggets, WM w/Breadstick, Cheesy Garlic (C)","Chicken, Nuggets, WM w/Breadstick, Cheesy Garlic (C) 25-26"
2026-09-08,MS Snack Favorites,MS Favorites,Snack,Fruit Sides,38091,"Grapes, Red, Whole","Grapes, Red, Whole 25-26"
2026-09-08,MS Snack Favorites,MS Favorites,Snack,Milk,37349,"Milk, 1% Plain Half Pint","Milk, 1% Plain Half Pint 25-26"
2026-09-08,MS Snack Favorites,MS Favorites,Snack,Milk,37351,"Milk, Skim Chocolate Half Pint","Milk, Skim Chocolate Half Pint 25-26"
2026-09-08,MS Snack Favorites,MS Favorites,Snack,Milk,37353,"Milk, Skim Plain Half Pint","Milk, Skim Plain Half Pint 25-26"
2026-09-08,MS Snack Favorites,MS Favorites,Snack,Vegetable Sides,37675,"Black Beans, Taco Fiesta","Black Beans, Taco Fiesta 25-26"
2026-09-08,MS Snack Favorites,MS Favorites,Snack,Vegetable Sides,37335,"Green Beans, Butter Buds, Fajita","Green Beans, Butter Buds, Fajita 25-26"
2026-09-08,Pre-K Lunch SS,PreK Lunch SS,Lunch,Condiments,37842,"Ketchup, PC (P)","Ketchup, PC (P) 25-26"
2026-09-08,Pre-K Lunch SS,PreK Lunch SS,Lunch,Condiments,37390,"Mayonnaise, PC","Mayonnaise, PC 25-26"
2026-09-08,Pre-K Lunch SS,PreK Lunch SS,Lunch,Condiments,37398,"Mustard, PC","Mustard, PC 25-26"
2026-09-08,Pre-K Lunch SS,PreK Lunch SS,Lunch,Entrees,37217,"Chicken, Sandwich WM (C)","Chicken, Sandwich WM (C) 25-26"
2026-09-08,Pre-K Lunch SS,PreK Lunch SS,Lunch,Fruit Sides,37474,"PreK, Peaches, Diced 1/4 Cup","PreK, Peaches, Diced 1/4 Cup 25-26"
2026-09-08,Pre-K Lunch SS,PreK Lunch SS,Lunch,Milk,37349,"Milk, 1% Plain Half Pint","Milk, 1% Plain Half Pint 25-26"
2026-09-08,Pre-K Lunch SS,PreK Lunch SS,Lunch,Vegetable Sides,37478,"PreK, Green Beans, Frozen, Butter Buds, Fajita 1/4 Cup (P)","PreK, Green Beans, Frozen, Butter Buds, Fajita 1/4 Cup (P) 25-26"
2026-09-08,PreK Snack,PreK Snack,Snack,Entrees,37362,"Cracker, Crispy Veggie","Cracker, Crispy Veggie 25-26"
2026-09-08,PreK Snack,PreK Snack,Snack,Fruit Sides,38131,"Juice, 100% Apple, 6oz (Shelf-stable)","Juice, 100% Apple, 6oz (Shelf-stable) 25-26"
2026-09-08,Saturday Menus,Saturday Menus,Lunch,Entrees,37300,"Cereal, Cinnamon Toast Crunch","Cereal, Cinnamon Toast Crunch 25-26"
2026-09-08,Saturday Menus,Saturday Menus,Lunch,Fruit Sides,38123,"Craisins, Dried, Cherry","Craisins, Dried, Cherry 25-26"
2026-09-08,Saturday Menus,Saturday Menus,Lunch,Milk,37349,"Milk, 1% Plain Half Pint","Milk, 1% Plain Half Pint 25-26"
2026-09-08,Saturday Menus,Saturday Menus,Lunch,Milk,37353,"Milk, Skim Plain Half Pint","Milk, Skim Plain Half Pint 25-26"
2026-09-09,Breakfast SS K-12,Breakfast SS K-12,Breakfast,Fruit,38063,"Banana, Whole","Banana, Whole 25-26"
2026-09-09,Breakfast SS K-12,Breakfast SS K-12,Breakfast,Fruit,38118,"Juice, 100% Apple, 4oz (Shelf-stable)","Juice, 100% Apple, 4oz (Shelf-stable) 25-26"
2026-09-09,Breakfast SS K-12,Breakfast SS K-12,Breakfast,Grain/ M/MA,37671,"Breakfast Bundle, Cherry Muffin w/Strawberry Yogurt","Breakfast Bundle, Cherry Muffin w/Strawberry Yogurt 25-26"
2026-09-09,Breakfast SS K-12,Breakfast SS K-12,Breakfast,Milk,37349,"Milk, 1% Plain Half Pint","Milk, 1% Plain Half Pint 25-26"
2026-09-09,Breakfast SS K-12,Breakfast SS K-12,Breakfast,Milk,37353,"Milk, Skim Plain Half Pint","Milk, Skim Plain Half Pint 25-26"
2026-09-09,Breakfast SS Pre-K,Breakfast SS PreK,Breakfast,Fruit,38118,"Juice, 100% Apple, 4oz (Shelf-stable)","Juice, 100% Apple, 4oz (Shelf-stable) 25-26"
2026-09-09,Breakfast SS Pre-K,Breakfast SS PreK,Breakfast,Grain/ M/MA,37844,"Muffin, Cherry, (IW)","Muffin, Cherry, (IW) 25-26"
2026-09-09,Breakfast SS Pre-K,Breakfast SS PreK,Breakfast,Milk,37349,"Milk, 1% Plain Half Pint","Milk, 1% Plain Half Pint 25-26"
2026-09-09,Breakfast Traditional OVS K-12,Breakfast Traditional OVS K-12,Breakfast,Condiments/ Side,37321,"Cracker, Educational Farmers MRKT","Cracker, Educational Farmers MRKT 25-26"
2026-09-09,Breakfast Traditional OVS K-12,Breakfast Traditional OVS K-12,Breakfast,Fruit,38063,"Banana, Whole","Banana, Whole 25-26"
2026-09-09,Breakfast Traditional OVS K-12,Breakfast Traditional OVS K-12,Breakfast,Fruit,38118,"Juice, 100% Apple, 4oz (Shelf-stable)","Juice, 100% Apple, 4oz (Shelf-stable) 25-26"
2026-09-09,Breakfast Traditional OVS K-12,Breakfast Traditional OVS K-12,Breakfast,Grain/ M/MA,37671,"Breakfast Bundle, Cherry Muffin w/Strawberry Yogurt","Breakfast Bundle, Cherry Muffin w/Strawberry Yogurt 25-26"
2026-09-09,Breakfast Traditional OVS K-12,Breakfast Traditional OVS K-12,Breakfast,Grain/ M/MA,37726,"Breakfast, Stuffed Egg & Cheese Hashbrown (C)","Breakfast, Stuffed Egg & Cheese Hashbrown (C) 25-26"
2026-09-09,Breakfast Traditional OVS K-12,Breakfast Traditional OVS K-12,Breakfast,Milk,37349,"Milk, 1% Plain Half Pint","Milk, 1% Plain Half Pint 25-26"
2026-09-09,Breakfast Traditional OVS K-12,Breakfast Traditional OVS K-12,Breakfast,Milk,37353,"Milk, Skim Plain Half Pint","Milk, Skim Plain Half Pint 25-26"
2026-09-09,CACFP Cold Dinner,CACFP Cold Dinner,Dinner,Condiments,37390,"Mayonnaise, PC","Mayonnaise, PC 25-26"
2026-09-09,CACFP Cold Dinner,CACFP Cold Dinner,Dinner,Condiments,37398,"Mustard, PC","Mustard, PC 25-26"
2026-09-09,CACFP Cold Dinner,CACFP Cold Dinner,Dinner,Condiments,37455,"Ranch, Lite, PC","Ranch, Lite, PC 25-26"
2026-09-09,CACFP Cold Dinner,CACFP Cold Dinner,Dinner,Entrees,37681,"Sandwich, Hoagie, Turkey Ham & Cheese on WG Roll IW","Sandwich, Hoagie, Turkey Ham & Cheese on WG Roll IW 25-26"
2026-09-09,CACFP Cold Dinner,CACFP Cold Dinner,Dinner,Fruit Sides,38088,"Orange, Whole Cut 138 ct. (P)","Orange, Whole Cut 138 ct. (P) 25-26"
2026-09-09,CACFP Cold Dinner,CACFP Cold Dinner,Dinner,Milk,37349,"Milk, 1% Plain Half Pint","Milk, 1% Plain Half Pint 25-26"
2026-09-09,CACFP Cold Dinner,CACFP Cold Dinner,Dinner,Milk,37351,"Milk, Skim Chocolate Half Pint","Milk, Skim Chocolate Half Pint 25-26"
2026-09-09,CACFP Cold Dinner,CACFP Cold Dinner,Dinner,Vegetable Sides,38093,"Cucumber Slices, Raw Whole","Cucumber Slices, Raw Whole 25-26"
2026-09-09,CACFP Hot Dinner,CACFP Hot Dinner,Dinner,Condiments,37842,"Ketchup, PC (P)","Ketchup, PC (P) 25-26"
2026-09-09,CACFP Hot Dinner,CACFP Hot Dinner,Dinner,Entrees,37225,"Chicken Fried Steak, Gravy, w/Roll","Chicken Fried Steak, Gravy, w/Roll 25-26"
2026-09-09,CACFP Hot Dinner,CACFP Hot Dinner,Dinner,Fruit Sides,38123,"Craisins, Dried, Cherry","Craisins, Dried, Cherry 25-26"
2026-09-09,CACFP Hot Dinner,CACFP Hot Dinner,Dinner,Milk,37349,"Milk, 1% Plain Half Pint","Milk, 1% Plain Half Pint 25-26"
2026-09-09,CACFP Hot Dinner,CACFP Hot Dinner,Dinner,Milk,37351,"Milk, Skim Chocolate Half Pint","Milk, Skim Chocolate Half Pint 25-26"
2026-09-09,CACFP Hot Dinner,CACFP Hot Dinner,Dinner,Vegetable Sides,37441,"Potato, Sweet, Roasted (P)","Potato, Sweet, Roasted (P) 25-26"
2026-09-09,HS Homestyle Lunch,HS Homestyle Lunch,Lunch,Condiments,37323,"Croutons, Cheese Garlic, IW","Croutons, Cheese Garlic, IW 25-26"
2026-09-09,HS Homestyle Lunch,HS Homestyle Lunch,Lunch,Condiments,38262,"Dipping Sauce, Marinara (P)","Dipping Sauce, Marinara (P) 25-26"
2026-09-09,HS Homestyle Lunch,HS Homestyle Lunch,Lunch,Condiments,37455,"Ranch, Lite, PC","Ranch, Lite, PC 25-26"
2026-09-09,HS Homestyle Lunch,HS Homestyle Lunch,Lunch,Entrees,38056,"Bistro, Flatbread (C), Tuscan Chicken (CP) Sandwich","Bistro, Flatbread (C), Tuscan Chicken (CP) Sandwich 25-26"
2026-09-09,HS Homestyle Lunch,HS Homestyle Lunch,Lunch,Entrees,37304,Cheesy Breadstick Bites (C),Cheesy Breadstick Bites (C) 25-26
2026-09-09,HS Homestyle Lunch,HS Homestyle Lunch,Lunch,Entrees,37591,"Sandwich, Soy Butter and Jelly IW","Sandwich, Soy Butter and Jelly IW 25-26"
2026-09-09,HS Homestyle Lunch,HS Homestyle Lunch,Lunch,Fruit Sides,37690,Applesauce,Applesauce 25-26
2026-09-09,HS Homestyle Lunch,HS Homestyle Lunch,Lunch,Fruit Sides,38118,"Juice, 100% Apple, 4oz (Shelf-stable)","Juice, 100% Apple, 4oz (Shelf-stable) 25-26"
2026-09-09,HS Homestyle Lunch,HS Homestyle Lunch,Lunch,Grain/Other Side,37310,"Chips, Baked Lays","Chips, Baked Lays 25-26"
2026-09-09,HS Homestyle Lunch,HS Homestyle Lunch,Lunch,Grain/Other Side,37459,"Pudding, Chocolate","Pudding, Chocolate 25-26"
2026-09-09,HS Homestyle Lunch,HS Homestyle Lunch,Lunch,Milk,37349,"Milk, 1% Plain Half Pint","Milk, 1% Plain Half Pint 25-26"
2026-09-09,HS Homestyle Lunch,HS Homestyle Lunch,Lunch,Milk,37351,"Milk, Skim Chocolate Half Pint","Milk, Skim Chocolate Half Pint 25-26"
2026-09-09,HS Homestyle Lunch,HS Homestyle Lunch,Lunch,Milk,37353,"Milk, Skim Plain Half Pint","Milk, Skim Plain Half Pint 25-26"
2026-09-09,HS Homestyle Lunch,HS Homestyle Lunch,Lunch,Vegetable Sides,37441,"Potato, Sweet, Roasted (P)","Potato, Sweet, Roasted (P) 25-26"
2026-09-09,HS Homestyle Lunch,HS Homestyle Lunch,Lunch,Vegetable Sides,38124,"Salad, Side, Romaine Chopped","Salad, Side, Romaine Chopped 25-26"
2026-09-09,HS SS Satellite Lunch,HS SS Satellite Lunch,Lunch,Condiments,37323,"Croutons, Cheese Garlic, IW","Croutons, Cheese Garlic, IW 25-26"
2026-09-09,HS SS Satellite Lunch,HS SS Satellite Lunch,Lunch,Condiments,37455,"Ranch, Lite, PC","Ranch, Lite, PC 25-26"
2026-09-09,HS SS Satellite Lunch,HS SS Satellite Lunch,Lunch,Entrees,38056,"Bistro, Flatbread (C), Tuscan Chicken (CP) Sandwich","Bistro, Flatbread (C), Tuscan Chicken (CP) Sandwich 25-26"
2026-09-09,HS SS Satellite Lunch,HS SS Satellite Lunch,Lunch,Fruit Sides,37690,Applesauce,Applesauce 25-26
2026-09-09,HS SS Satellite Lunch,HS SS Satellite Lunch,Lunch,Fruit Sides,38118,"Juice, 100% Apple, 4oz (Shelf-stable)","Juice, 100% Apple, 4oz (Shelf-stable) 25-26"
2026-09-09,HS SS Satellite Lunch,HS SS Satellite Lunch,Lunch,Grain/Other Side,37310,"Chips, Baked Lays","Chips, Baked Lays 25-26"
2026-09-09,HS SS Satellite Lunch,HS SS Satellite Lunch,Lunch,Milk,37349,"Milk, 1% Plain Half Pint","Milk, 1% Plain Half Pint 25-26"
2026-09-09,HS SS Satellite Lunch,HS SS Satellite Lunch,Lunch,Milk,37351,"Milk, Skim Chocolate Half Pint","Milk, Skim Chocolate Half Pint 25-26"
2026-09-09,HS SS Satellite Lunch,HS SS Satellite Lunch,Lunch,Milk,37353,"Milk, Skim Plain Half Pint","Milk, Skim Plain Half Pint 25-26"
2026-09-09,HS SS Satellite Lunch,HS SS Satellite Lunch,Lunch,Vegetable Sides,37441,"Potato, Sweet, Roasted (P)","Potato, Sweet, Roasted (P) 25-26"
2026-09-09,HS SS Satellite Lunch,HS SS Satellite Lunch,Lunch,Vegetable Sides,38124,"Salad, Side, Romaine Chopped","Salad, Side, Romaine Chopped 25-26"
2026-09-09,HS Sack Lunch,HS Sack Lunch,Lunch,Condiments,37390,"Mayonnaise, PC","Mayonnaise, PC 25-26"
2026-09-09,HS Sack Lunch,HS Sack Lunch,Lunch,Condiments,37398,"Mustard, PC","Mustard, PC 25-26"
2026-09-09,HS Sack Lunch,HS Sack Lunch,Lunch,Condiments,37455,"Ranch, Lite, PC","Ranch, Lite, PC 25-26"
2026-09-09,HS Sack Lunch,HS Sack Lunch,Lunch,Entrees,37775,Turkey Breast (C) & Cheese (C) Pullman Sandwich (H/C),Turkey Breast (C) & Cheese (C) Pullman Sandwich (H/C) 25-26
2026-09-09,HS Sack Lunch,HS Sack Lunch,Lunch,Fruit Sides,38062,"Apple, Whole, Fuji","Apple, Whole, Fuji 25-26"
2026-09-09,HS Sack Lunch,HS Sack Lunch,Lunch,Fruit Sides,38122,"Juice, 100% Fruit Punch, 4oz (Shelf-stable)","Juice, 100% Fruit Punch, 4oz (Shelf-stable) 25-26"
2026-09-09,HS Sack Lunch,HS Sack Lunch,Lunch,Grain/Other Side,37310,"Chips, Baked Lays","Chips, Baked Lays 25-26"
2026-09-09,HS Sack Lunch,HS Sack Lunch,Lunch,Milk,37349,"Milk, 1% Plain Half Pint","Milk, 1% Plain Half Pint 25-26"
2026-09-09,HS Sack Lunch,HS Sack Lunch,Lunch,Milk,37351,"Milk, Skim Chocolate Half Pint","Milk, Skim Chocolate Half Pint 25-26"
2026-09-09,HS Sack Lunch,HS Sack Lunch,Lunch,Milk,37353,"Milk, Skim Plain Half Pint","Milk, Skim Plain Half Pint 25-26"
2026-09-09,HS Sack Lunch,HS Sack Lunch,Lunch,Vegetable Sides,38070,"Broccoli, Raw","Broccoli, Raw 25-26"
2026-09-09,HS Sack Lunch,HS Sack Lunch,Lunch,Vegetable Sides,38071,"Carrots, Baby Raw","Carrots, Baby Raw 25-26"
2026-09-09,HS Satellite Lunch,HS Satellite Lunch,Lunch,Condiments,37323,"Croutons, Cheese Garlic, IW","Croutons, Cheese Garlic, IW 25-26"
2026-09-09,HS Satellite Lunch,HS Satellite Lunch,Lunch,Condiments,37455,"Ranch, Lite, PC","Ranch, Lite, PC 25-26"
2026-09-09,HS Satellite Lunch,HS Satellite Lunch,Lunch,Entrees,38056,"Bistro, Flatbread (C), Tuscan Chicken (CP) Sandwich","Bistro, Flatbread (C), Tuscan Chicken (CP) Sandwich 25-26"
2026-09-09,HS Satellite Lunch,HS Satellite Lunch,Lunch,Fruit Sides,37690,Applesauce,Applesauce 25-26
2026-09-09,HS Satellite Lunch,HS Satellite Lunch,Lunch,Fruit Sides,38118,"Juice, 100% Apple, 4oz (Shelf-stable)","Juice, 100% Apple, 4oz (Shelf-stable) 25-26"
2026-09-09,HS Satellite Lunch,HS Satellite Lunch,Lunch,Grain/Other Side,37310,"Chips, Baked Lays","Chips, Baked Lays 25-26"
2026-09-09,HS Satellite Lunch,HS Satellite Lunch,Lunch,Milk,37349,"Milk, 1% Plain Half Pint","Milk, 1% Plain Half Pint 25-26"
2026-09-09,HS Satellite Lunch,HS Satellite Lunch,Lunch,Milk,37351,"Milk, Skim Chocolate Half Pint","Milk, Skim Chocolate Half Pint 25-26"
2026-09-09,HS Satellite Lunch,HS Satellite Lunch,Lunch,Milk,37353,"Milk, Skim Plain Half Pint","Milk, Skim Plain Half Pint 25-26"
2026-09-09,HS Satellite Lunch,HS Satellite Lunch,Lunch,Vegetable Sides,37441,"Potato, Sweet, Roasted (P)","Potato, Sweet, Roasted (P) 25-26"
2026-09-09,HS Satellite Lunch,HS Satellite Lunch,Lunch,Vegetable Sides,38124,"Salad, Side, Romaine Chopped","Salad, Side, Romaine Chopped 25-26"
2026-09-09,HS Snack Favorites,HS Favorites,Snack,Condiments,37323,"Croutons, Cheese Garlic, IW","Croutons, Cheese Garlic, IW 25-26"
2026-09-09,HS Snack Favorites,HS Favorites,Snack,Condiments,37842,"Ketchup, PC (P)","Ketchup, PC (P) 25-26"
2026-09-09,HS Snack Favorites,HS Favorites,Snack,Condiments,37455,"Ranch, Lite, PC","Ranch, Lite, PC 25-26"
2026-09-09,HS Snack Favorites,HS Favorites,Snack,Condiments,37883,"Sauce, BBQ Dunk Cup, PC (P)","Sauce, BBQ Dunk Cup, PC (P) 25-26"
2026-09-09,HS Snack Favorites,HS Favorites,Snack,Condiments,37929,"Sauce, Hot Sauce TX Pete's PC","Sauce, Hot Sauce TX Pete's PC 25-26"
2026-09-09,HS Snack Favorites,HS Favorites,Snack,Entrees,37678,"Chicken, Tenders, Nashville Hot w/1 oz Roll (C)","Chicken, Tenders, Nashville Hot w/1 oz Roll (C) 25-26"
2026-09-09,HS Snack Favorites,HS Favorites,Snack,Entrees,37919,Macaroni and Cheese (C) w/Cornbread Poppers (C),Macaroni and Cheese (C) w/Cornbread Poppers (C) 25-26
2026-09-09,HS Snack Favorites,HS Favorites,Snack,Entrees,38255,"Pizza (CP), Pepperoni (Beef), 8 Cut","Pizza (CP), Pepperoni (Beef), 8 Cut 26-27"
2026-09-09,HS Snack Favorites,HS Favorites,Snack,Fruit Sides,37690,Applesauce,Applesauce 25-26
2026-09-09,HS Snack Favorites,HS Favorites,Snack,Fruit Sides,38118,"Juice, 100% Apple, 4oz (Shelf-stable)","Juice, 100% Apple, 4oz (Shelf-stable) 25-26"
2026-09-09,HS Snack Favorites,HS Favorites,Snack,Grain/Other Side,37310,"Chips, Baked Lays","Chips, Baked Lays 25-26"
2026-09-09,HS Snack Favorites,HS Favorites,Snack,Grain/Other Side,37459,"Pudding, Chocolate","Pudding, Chocolate 25-26"
2026-09-09,HS Snack Favorites,HS Favorites,Snack,Milk,37349,"Milk, 1% Plain Half Pint","Milk, 1% Plain Half Pint 25-26"
2026-09-09,HS Snack Favorites,HS Favorites,Snack,Milk,37351,"Milk, Skim Chocolate Half Pint","Milk, Skim Chocolate Half Pint 25-26"
2026-09-09,HS Snack Favorites,HS Favorites,Snack,Milk,37353,"Milk, Skim Plain Half Pint","Milk, Skim Plain Half Pint 25-26"
2026-09-09,HS Snack Favorites,HS Favorites,Snack,Vegetable Sides,37441,"Potato, Sweet, Roasted (P)","Potato, Sweet, Roasted (P) 25-26"
2026-09-09,HS Snack Favorites,HS Favorites,Snack,Vegetable Sides,38124,"Salad, Side, Romaine Chopped","Salad, Side, Romaine Chopped 25-26"
2026-09-09,HS Tailgate Menus,HS Tailgate Menus,Lunch,Condiments,37842,"Ketchup, PC (P)","Ketchup, PC (P) 25-26"
2026-09-09,HS Tailgate Menus,HS Tailgate Menus,Lunch,Condiments,37455,"Ranch, Lite, PC","Ranch, Lite, PC 25-26"
2026-09-09,HS Tailgate Menus,HS Tailgate Menus,Lunch,Entrees,37743,"Wings, Crispy, Fajita (C) Roll (2M/MA)","Wings, Crispy, Fajita (C) Roll (2M/MA) 25-26"
2026-09-09,HS Tailgate Menus,HS Tailgate Menus,Lunch,Fruit Sides,37534,"Fruit, Applesauce Cup, Individual, Strawberry (CP)","Fruit, Applesauce Cup, Individual, Strawberry (CP) 25-26"
2026-09-09,HS Tailgate Menus,HS Tailgate Menus,Lunch,Fruit Sides,37839,"Juice, 100% Fruit Blend, 4oz (Fresh)","Juice, 100% Fruit Blend, 4oz (Fresh) 24-25"
2026-09-09,HS Tailgate Menus,HS Tailgate Menus,Lunch,Milk,37349,"Milk, 1% Plain Half Pint","Milk, 1% Plain Half Pint 25-26"
2026-09-09,HS Tailgate Menus,HS Tailgate Menus,Lunch,Milk,37351,"Milk, Skim Chocolate Half Pint","Milk, Skim Chocolate Half Pint 25-26"
2026-09-09,HS Tailgate Menus,HS Tailgate Menus,Lunch,Milk,37353,"Milk, Skim Plain Half Pint","Milk, Skim Plain Half Pint 25-26"
2026-09-09,HS Tailgate Menus,HS Tailgate Menus,Lunch,Vegetable Sides,38071,"Carrots, Baby Raw","Carrots, Baby Raw 25-26"
2026-09-09,HS Tailgate Menus,HS Tailgate Menus,Lunch,Vegetable Sides,37328,"Fries, Seasoned, Wedge (C)","Fries, Seasoned, Wedge (C) 25-26"
2026-09-09,K-12 Snack,K-12 Snack,Snack,Entrees,37460,Pretzel,Pretzel 25-26
2026-09-09,K-12 Snack,K-12 Snack,Snack,Fruit Sides,38182,"Apple, Whole, Red Delicious","Apple, Whole, Red Delicious 25-26"
2026-09-09,K-8 Lunch,K-8 Lunch,Lunch,Condiments,37323,"Croutons, Cheese Garlic, IW","Croutons, Cheese Garlic, IW 25-26"
2026-09-09,K-8 Lunch,K-8 Lunch,Lunch,Condiments,38262,"Dipping Sauce, Marinara (P)","Dipping Sauce, Marinara (P) 25-26"
2026-09-09,K-8 Lunch,K-8 Lunch,Lunch,Condiments,37455,"Ranch, Lite, PC","Ranch, Lite, PC 25-26"
2026-09-09,K-8 Lunch,K-8 Lunch,Lunch,Entrees,38056,"Bistro, Flatbread (C), Tuscan Chicken (CP) Sandwich","Bistro, Flatbread (C), Tuscan Chicken (CP) Sandwich 25-26"
2026-09-09,K-8 Lunch,K-8 Lunch,Lunch,Entrees,37304,Cheesy Breadstick Bites (C),Cheesy Breadstick Bites (C) 25-26
2026-09-09,K-8 Lunch,K-8 Lunch,Lunch,Entrees,37591,"Sandwich, Soy Butter and Jelly IW","Sandwich, Soy Butter and Jelly IW 25-26"
2026-09-09,K-8 Lunch,K-8 Lunch,Lunch,Fruit Sides,37690,Applesauce,Applesauce 25-26
2026-09-09,K-8 Lunch,K-8 Lunch,Lunch,Milk,37349,"Milk, 1% Plain Half Pint","Milk, 1% Plain Half Pint 25-26"
2026-09-09,K-8 Lunch,K-8 Lunch,Lunch,Milk,37351,"Milk, Skim Chocolate Half Pint","Milk, Skim Chocolate Half Pint 25-26"
2026-09-09,K-8 Lunch,K-8 Lunch,Lunch,Milk,37353,"Milk, Skim Plain Half Pint","Milk, Skim Plain Half Pint 25-26"
2026-09-09,K-8 Lunch,K-8 Lunch,Lunch,Vegetable Sides,37441,"Potato, Sweet, Roasted (P)","Potato, Sweet, Roasted (P) 25-26"
2026-09-09,K-8 Lunch,K-8 Lunch,Lunch,Vegetable Sides,38124,"Salad, Side, Romaine Chopped","Salad, Side, Romaine Chopped 25-26"
2026-09-09,K-8 Sack Lunch,K-8 Sack Lunch,Lunch,Condiments,37398,"Mustard, PC","Mustard, PC 25-26"
2026-09-09,K-8 Sack Lunch,K-8 Sack Lunch,Lunch,Condiments,37455,"Ranch, Lite, PC","Ranch, Lite, PC 25-26"
2026-09-09,K-8 Sack Lunch,K-8 Sack Lunch,Lunch,Entrees,37899,Turkey Ham (C) & American Cheese (C) Hoagie (H/C),Turkey Ham (C) & American Cheese (C) Hoagie (H/C) 25-26
2026-09-09,K-8 Sack Lunch,K-8 Sack Lunch,Lunch,Fruit Sides,38062,"Apple, Whole, Fuji","Apple, Whole, Fuji 25-26"
2026-09-09,K-8 Sack Lunch,K-8 Sack Lunch,Lunch,Milk,37349,"Milk, 1% Plain Half Pint","Milk, 1% Plain Half Pint 25-26"
2026-09-09,K-8 Sack Lunch,K-8 Sack Lunch,Lunch,Milk,37351,"Milk, Skim Chocolate Half Pint","Milk, Skim Chocolate Half Pint 25-26"
2026-09-09,K-8 Sack Lunch,K-8 Sack Lunch,Lunch,Milk,37353,"Milk, Skim Plain Half Pint","Milk, Skim Plain Half Pint 25-26"
2026-09-09,K-8 Sack Lunch,K-8 Sack Lunch,Lunch,Vegetable Sides,38070,"Broccoli, Raw","Broccoli, Raw 25-26"
2026-09-09,K-8 Sack Lunch,K-8 Sack Lunch,Lunch,Vegetable Sides,38071,"Carrots, Baby Raw","Carrots, Baby Raw 25-26"
2026-09-09,K-8 Satellite Lunch,K-8 Satellite Lunch,Lunch,Condiments,37323,"Croutons, Cheese Garlic, IW","Croutons, Cheese Garlic, IW 25-26"
2026-09-09,K-8 Satellite Lunch,K-8 Satellite Lunch,Lunch,Condiments,37455,"Ranch, Lite, PC","Ranch, Lite, PC 25-26"
2026-09-09,K-8 Satellite Lunch,K-8 Satellite Lunch,Lunch,Entrees,38056,"Bistro, Flatbread (C), Tuscan Chicken (CP) Sandwich","Bistro, Flatbread (C), Tuscan Chicken (CP) Sandwich 25-26"
2026-09-09,K-8 Satellite Lunch,K-8 Satellite Lunch,Lunch,Fruit Sides,37690,Applesauce,Applesauce 25-26
2026-09-09,K-8 Satellite Lunch,K-8 Satellite Lunch,Lunch,Milk,37349,"Milk, 1% Plain Half Pint","Milk, 1% Plain Half Pint 25-26"
2026-09-09,K-8 Satellite Lunch,K-8 Satellite Lunch,Lunch,Milk,37351,"Milk, Skim Chocolate Half Pint","Milk, Skim Chocolate Half Pint 25-26"
2026-09-09,K-8 Satellite Lunch,K-8 Satellite Lunch,Lunch,Milk,37353,"Milk, Skim Plain Half Pint","Milk, Skim Plain Half Pint 25-26"
2026-09-09,K-8 Satellite Lunch,K-8 Satellite Lunch,Lunch,Vegetable Sides,37441,"Potato, Sweet, Roasted (P)","Potato, Sweet, Roasted (P) 25-26"
2026-09-09,K-8 Satellite Lunch,K-8 Satellite Lunch,Lunch,Vegetable Sides,38124,"Salad, Side, Romaine Chopped","Salad, Side, Romaine Chopped 25-26"
2026-09-09,K-8 Tailgate Menus,K-8 Tailgate Menus,Lunch,Condiments,37842,"Ketchup, PC (P)","Ketchup, PC (P) 25-26"
2026-09-09,K-8 Tailgate Menus,K-8 Tailgate Menus,Lunch,Entrees,37677,"Turkey, BBQ Sandwich (C)","Turkey, BBQ Sandwich (C) 25-26"
2026-09-09,K-8 Tailgate Menus,K-8 Tailgate Menus,Lunch,Fruit Sides,37534,"Fruit, Applesauce Cup, Individual, Strawberry (CP)","Fruit, Applesauce Cup, Individual, Strawberry (CP) 25-26"
2026-09-09,K-8 Tailgate Menus,K-8 Tailgate Menus,Lunch,Grain/Other Side,37819,"Cool Tropics, Lone Star Luau, Texas Slush","Cool Tropics, Lone Star Luau, Texas Slush 25-26"
2026-09-09,K-8 Tailgate Menus,K-8 Tailgate Menus,Lunch,Milk,37349,"Milk, 1% Plain Half Pint","Milk, 1% Plain Half Pint 25-26"
2026-09-09,K-8 Tailgate Menus,K-8 Tailgate Menus,Lunch,Milk,37351,"Milk, Skim Chocolate Half Pint","Milk, Skim Chocolate Half Pint 25-26"
2026-09-09,K-8 Tailgate Menus,K-8 Tailgate Menus,Lunch,Milk,37353,"Milk, Skim Plain Half Pint","Milk, Skim Plain Half Pint 25-26"
2026-09-09,K-8 Tailgate Menus,K-8 Tailgate Menus,Lunch,Vegetable Sides,38071,"Carrots, Baby Raw","Carrots, Baby Raw 25-26"
2026-09-09,K-8 Tailgate Menus,K-8 Tailgate Menus,Lunch,Vegetable Sides,37527,"Potato, Tater Tots (C)","Potato, Tater Tots (C) 25-26"
2026-09-09,MS Snack Favorites,MS Favorites,Snack,Condiments,37842,"Ketchup, PC (P)","Ketchup, PC (P) 25-26"
2026-09-09,MS Snack Favorites,MS Favorites,Snack,Condiments,37455,"Ranch, Lite, PC","Ranch, Lite, PC 25-26"
2026-09-09,MS Snack Favorites,MS Favorites,Snack,Condiments,37929,"Sauce, Hot Sauce TX Pete's PC","Sauce, Hot Sauce TX Pete's PC 25-26"
2026-09-09,MS Snack Favorites,MS Favorites,Snack,Entrees,37678,"Chicken, Tenders, Nashville Hot w/1 oz Roll (C)","Chicken, Tenders, Nashville Hot w/1 oz Roll (C) 25-26"
2026-09-09,MS Snack Favorites,MS Favorites,Snack,Entrees,37919,Macaroni and Cheese (C) w/Cornbread Poppers (C),Macaroni and Cheese (C) w/Cornbread Poppers (C) 25-26
2026-09-09,MS Snack Favorites,MS Favorites,Snack,Entrees,38255,"Pizza (CP), Pepperoni (Beef), 8 Cut","Pizza (CP), Pepperoni (Beef), 8 Cut 26-27"
2026-09-09,MS Snack Favorites,MS Favorites,Snack,Fruit Sides,37690,Applesauce,Applesauce 25-26
2026-09-09,MS Snack Favorites,MS Favorites,Snack,Milk,37349,"Milk, 1% Plain Half Pint","Milk, 1% Plain Half Pint 25-26"
2026-09-09,MS Snack Favorites,MS Favorites,Snack,Milk,37351,"Milk, Skim Chocolate Half Pint","Milk, Skim Chocolate Half Pint 25-26"
2026-09-09,MS Snack Favorites,MS Favorites,Snack,Milk,37353,"Milk, Skim Plain Half Pint","Milk, Skim Plain Half Pint 25-26"
2026-09-09,MS Snack Favorites,MS Favorites,Snack,Vegetable Sides,37441,"Potato, Sweet, Roasted (P)","Potato, Sweet, Roasted (P) 25-26"
2026-09-09,MS Snack Favorites,MS Favorites,Snack,Vegetable Sides,38124,"Salad, Side, Romaine Chopped","Salad, Side, Romaine Chopped 25-26"
2026-09-09,Pre-K Lunch SS,PreK Lunch SS,Lunch,Condiments,38262,"Dipping Sauce, Marinara (P)","Dipping Sauce, Marinara (P) 25-26"
2026-09-09,Pre-K Lunch SS,PreK Lunch SS,Lunch,Entrees,37304,Cheesy Breadstick Bites (C),Cheesy Breadstick Bites (C) 25-26
2026-09-09,Pre-K Lunch SS,PreK Lunch SS,Lunch,Fruit Sides,37490,"PreK, Applesauce ¼ cup","PreK, Applesauce ¼ cup 25-26"
2026-09-09,Pre-K Lunch SS,PreK Lunch SS,Lunch,Milk,37349,"Milk, 1% Plain Half Pint","Milk, 1% Plain Half Pint 25-26"
2026-09-09,Pre-K Lunch SS,PreK Lunch SS,Lunch,Vegetable Sides,37463,"PreK, Sweet Potato, Roasted (P) 1/4 cup","PreK, Sweet Potato, Roasted (P) 1/4 cup 25-26"
2026-09-09,PreK Snack,PreK Snack,Snack,Entrees,37460,Pretzel,Pretzel 25-26
2026-09-09,PreK Snack,PreK Snack,Snack,Fruit Sides,37456,Raisins (P),Raisins (P) 25-26
2026-09-09,Saturday Menus,Saturday Menus,Lunch,Entrees,37347,"Kolache, BRK, Maple Sausage, IW, 2oz","Kolache, BRK, Maple Sausage, IW, 2oz 25-26"
2026-09-09,Saturday Menus,Saturday Menus,Lunch,Fruit Sides,38123,"Craisins, Dried, Cherry","Craisins, Dried, Cherry 25-26"
2026-09-09,Saturday Menus,Saturday Menus,Lunch,Milk,37349,"Milk, 1% Plain Half Pint","Milk, 1% Plain Half Pint 25-26"
2026-09-10,Breakfast SS K-12,Breakfast SS K-12,Breakfast,Fruit,37633,"Fruit, Pear Cup, Individual, (C)","Fruit, Pear Cup, Individual, (C) 25-26"
2026-09-10,Breakfast SS K-12,Breakfast SS K-12,Breakfast,Fruit,38118,"Juice, 100% Apple, 4oz (Shelf-stable)","Juice, 100% Apple, 4oz (Shelf-stable) 25-26"
2026-09-10,Breakfast SS K-12,Breakfast SS K-12,Breakfast,Grain/ M/MA,37674,"Breakfast, Wrap, Turkey Sausage Crumbles, Egg and Cheese IW (C)","Breakfast, Wrap, Turkey Sausage Crumbles, Egg and Cheese IW (C) 25-26"
2026-09-10,Breakfast SS K-12,Breakfast SS K-12,Breakfast,Milk,37349,"Milk, 1% Plain Half Pint","Milk, 1% Plain Half Pint 25-26"
2026-09-10,Breakfast SS K-12,Breakfast SS K-12,Breakfast,Milk,37353,"Milk, Skim Plain Half Pint","Milk, Skim Plain Half Pint 25-26"
2026-09-10,Breakfast SS Pre-K,Breakfast SS PreK,Breakfast,Fruit,37633,"Fruit, Pear Cup, Individual, (C)","Fruit, Pear Cup, Individual, (C) 25-26"
2026-09-10,Breakfast SS Pre-K,Breakfast SS PreK,Breakfast,Grain/ M/MA,37674,"Breakfast, Wrap, Turkey Sausage Crumbles, Egg and Cheese IW (C)","Breakfast, Wrap, Turkey Sausage Crumbles, Egg and Cheese IW (C) 25-26"
2026-09-10,Breakfast SS Pre-K,Breakfast SS PreK,Breakfast,Milk,37349,"Milk, 1% Plain Half Pint","Milk, 1% Plain Half Pint 25-26"
2026-09-10,Breakfast Traditional OVS K-12,Breakfast Traditional OVS K-12,Breakfast,Condiments/ Side,37929,"Sauce, Hot Sauce TX Pete's PC","Sauce, Hot Sauce TX Pete's PC 25-26"
2026-09-10,Breakfast Traditional OVS K-12,Breakfast Traditional OVS K-12,Breakfast,Condiments/ Side,37884,"Sauce, Salsa Cup (P)","Sauce, Salsa Cup (P) 25-26"
2026-09-10,Breakfast Traditional OVS K-12,Breakfast Traditional OVS K-12,Breakfast,Condiments/ Side,37446,"Snack Mix, Cracker, Strawberry Yogurt","Snack Mix, Cracker, Strawberry Yogurt 25-26"
2026-09-10,Breakfast Traditional OVS K-12,Breakfast Traditional OVS K-12,Breakfast,Fruit,37633,"Fruit, Pear Cup, Individual, (C)","Fruit, Pear Cup, Individual, (C) 25-26"
2026-09-10,Breakfast Traditional OVS K-12,Breakfast Traditional OVS K-12,Breakfast,Fruit,38118,"Juice, 100% Apple, 4oz (Shelf-stable)","Juice, 100% Apple, 4oz (Shelf-stable) 25-26"
2026-09-10,Breakfast Traditional OVS K-12,Breakfast Traditional OVS K-12,Breakfast,Grain/ M/MA,37663,"Breakfast Bundle, Cinnamon Toast Crunch Cereal w/Mozzarella Cheese Stick (C)","Breakfast Bundle, Cinnamon Toast Crunch Cereal w/Mozzarella Cheese Stick (C) 25-26"
2026-09-10,Breakfast Traditional OVS K-12,Breakfast Traditional OVS K-12,Breakfast,Grain/ M/MA,37918,"Breakfast, Taco CrispUp, Cheese, Chicken, Potato","Breakfast, Taco CrispUp, Cheese, Chicken, Potato 25-26"
2026-09-10,Breakfast Traditional OVS K-12,Breakfast Traditional OVS K-12,Breakfast,Milk,37349,"Milk, 1% Plain Half Pint","Milk, 1% Plain Half Pint 25-26"
2026-09-10,Breakfast Traditional OVS K-12,Breakfast Traditional OVS K-12,Breakfast,Milk,37353,"Milk, Skim Plain Half Pint","Milk, Skim Plain Half Pint 25-26"
2026-09-10,CACFP Cold Dinner,CACFP Cold Dinner,Dinner,Condiments,37455,"Ranch, Lite, PC","Ranch, Lite, PC 25-26"
2026-09-10,CACFP Cold Dinner,CACFP Cold Dinner,Dinner,Entrees,38216,"Sandwich, Soy Butter and Strawberry Jelly IW","Sandwich, Soy Butter and Strawberry Jelly IW 25-26"
2026-09-10,CACFP Cold Dinner,CACFP Cold Dinner,Dinner,Fruit Sides,37456,Raisins (P),Raisins (P) 25-26
2026-09-10,CACFP Cold Dinner,CACFP Cold Dinner,Dinner,Milk,37349,"Milk, 1% Plain Half Pint","Milk, 1% Plain Half Pint 25-26"
2026-09-10,CACFP Cold Dinner,CACFP Cold Dinner,Dinner,Milk,37351,"Milk, Skim Chocolate Half Pint","Milk, Skim Chocolate Half Pint 25-26"
2026-09-10,CACFP Cold Dinner,CACFP Cold Dinner,Dinner,Vegetable Sides,38071,"Carrots, Baby Raw","Carrots, Baby Raw 25-26"
2026-09-10,CACFP Hot Dinner,CACFP Hot Dinner,Dinner,Condiments,37390,"Mayonnaise, PC","Mayonnaise, PC 25-26"
2026-09-10,CACFP Hot Dinner,CACFP Hot Dinner,Dinner,Condiments,37398,"Mustard, PC","Mustard, PC 25-26"
2026-09-10,CACFP Hot Dinner,CACFP Hot Dinner,Dinner,Condiments,37439,"Pickles, 2ea","Pickles, 2ea 25-26"
2026-09-10,CACFP Hot Dinner,CACFP Hot Dinner,Dinner,Condiments,37455,"Ranch, Lite, PC","Ranch, Lite, PC 25-26"
2026-09-10,CACFP Hot Dinner,CACFP Hot Dinner,Dinner,Entrees,37681,"Sandwich, Hoagie, Turkey Ham & Cheese on WG Roll IW","Sandwich, Hoagie, Turkey Ham & Cheese on WG Roll IW 25-26"
2026-09-10,CACFP Hot Dinner,CACFP Hot Dinner,Dinner,Fruit Sides,37690,Applesauce,Applesauce 25-26
2026-09-10,CACFP Hot Dinner,CACFP Hot Dinner,Dinner,Milk,37349,"Milk, 1% Plain Half Pint","Milk, 1% Plain Half Pint 25-26"
2026-09-10,CACFP Hot Dinner,CACFP Hot Dinner,Dinner,Milk,37351,"Milk, Skim Chocolate Half Pint","Milk, Skim Chocolate Half Pint 25-26"
2026-09-10,CACFP Hot Dinner,CACFP Hot Dinner,Dinner,Vegetable Sides,38072,"Celery, Raw","Celery, Raw 25-26"
2026-09-10,HS Homestyle Lunch,HS Homestyle Lunch,Lunch,Condiments,37842,"Ketchup, PC (P)","Ketchup, PC (P) 25-26"
2026-09-10,HS Homestyle Lunch,HS Homestyle Lunch,Lunch,Condiments,37455,"Ranch, Lite, PC","Ranch, Lite, PC 25-26"
2026-09-10,HS Homestyle Lunch,HS Homestyle Lunch,Lunch,Condiments,37883,"Sauce, BBQ Dunk Cup, PC (P)","Sauce, BBQ Dunk Cup, PC (P) 25-26"
2026-09-10,HS Homestyle Lunch,HS Homestyle Lunch,Lunch,Condiments,37929,"Sauce, Hot Sauce TX Pete's PC","Sauce, Hot Sauce TX Pete's PC 25-26"
2026-09-10,HS Homestyle Lunch,HS Homestyle Lunch,Lunch,Condiments,37884,"Sauce, Salsa Cup (P)","Sauce, Salsa Cup (P) 25-26"
2026-09-10,HS Homestyle Lunch,HS Homestyle Lunch,Lunch,Entrees,37537,"Burrito, Beef & Cheese (C) W/Cheese Sauce (C)","Burrito, Beef & Cheese (C) W/Cheese Sauce (C) 25-26"
2026-09-10,HS Homestyle Lunch,HS Homestyle Lunch,Lunch,Entrees,38257,"Chicken, Tenders (CP) W/Breadstick, Cheesy Garlic","Chicken, Tenders (CP) W/Breadstick, Cheesy Garlic 26-27"
2026-09-10,HS Homestyle Lunch,HS Homestyle Lunch,Lunch,Entrees,37591,"Sandwich, Soy Butter and Jelly IW","Sandwich, Soy Butter and Jelly IW 25-26"
2026-09-10,HS Homestyle Lunch,HS Homestyle Lunch,Lunch,Fruit Sides,38118,"Juice, 100% Apple, 4oz (Shelf-stable)","Juice, 100% Apple, 4oz (Shelf-stable) 25-26"
2026-09-10,HS Homestyle Lunch,HS Homestyle Lunch,Lunch,Fruit Sides,38089,"Peach, Nectarine, Whole","Peach, Nectarine, Whole 25-26"
2026-09-10,HS Homestyle Lunch,HS Homestyle Lunch,Lunch,Grain/Other Side,37310,"Chips, Baked Lays","Chips, Baked Lays 25-26"
2026-09-10,HS Homestyle Lunch,HS Homestyle Lunch,Lunch,Grain/Other Side,37459,"Pudding, Chocolate","Pudding, Chocolate 25-26"
2026-09-10,HS Homestyle Lunch,HS Homestyle Lunch,Lunch,Milk,37349,"Milk, 1% Plain Half Pint","Milk, 1% Plain Half Pint 25-26"
2026-09-10,HS Homestyle Lunch,HS Homestyle Lunch,Lunch,Milk,37351,"Milk, Skim Chocolate Half Pint","Milk, Skim Chocolate Half Pint 25-26"
2026-09-10,HS Homestyle Lunch,HS Homestyle Lunch,Lunch,Milk,37353,"Milk, Skim Plain Half Pint","Milk, Skim Plain Half Pint 25-26"
2026-09-10,HS Homestyle Lunch,HS Homestyle Lunch,Lunch,Vegetable Sides,37327,"Fries, Seasoned, Curly (C)","Fries, Seasoned, Curly (C) 25-26"
2026-09-10,HS Homestyle Lunch,HS Homestyle Lunch,Lunch,Vegetable Sides,37424,"Vegetable Blend, Butter Buds, Fajita","Vegetable Blend, Butter Buds, Fajita 25-26"
2026-09-10,HS SS Satellite Lunch,HS SS Satellite Lunch,Lunch,Condiments,37842,"Ketchup, PC (P)","Ketchup, PC (P) 25-26"
2026-09-10,HS SS Satellite Lunch,HS SS Satellite Lunch,Lunch,Condiments,37929,"Sauce, Hot Sauce TX Pete's PC","Sauce, Hot Sauce TX Pete's PC 25-26"
2026-09-10,HS SS Satellite Lunch,HS SS Satellite Lunch,Lunch,Condiments,37884,"Sauce, Salsa Cup (P)","Sauce, Salsa Cup (P) 25-26"
2026-09-10,HS SS Satellite Lunch,HS SS Satellite Lunch,Lunch,Entrees,37537,"Burrito, Beef & Cheese (C) W/Cheese Sauce (C)","Burrito, Beef & Cheese (C) W/Cheese Sauce (C) 25-26"
2026-09-10,HS SS Satellite Lunch,HS SS Satellite Lunch,Lunch,Fruit Sides,38118,"Juice, 100% Apple, 4oz (Shelf-stable)","Juice, 100% Apple, 4oz (Shelf-stable) 25-26"
2026-09-10,HS SS Satellite Lunch,HS SS Satellite Lunch,Lunch,Fruit Sides,38089,"Peach, Nectarine, Whole","Peach, Nectarine, Whole 25-26"
2026-09-10,HS SS Satellite Lunch,HS SS Satellite Lunch,Lunch,Milk,37349,"Milk, 1% Plain Half Pint","Milk, 1% Plain Half Pint 25-26"
2026-09-10,HS SS Satellite Lunch,HS SS Satellite Lunch,Lunch,Milk,37351,"Milk, Skim Chocolate Half Pint","Milk, Skim Chocolate Half Pint 25-26"
2026-09-10,HS SS Satellite Lunch,HS SS Satellite Lunch,Lunch,Milk,37353,"Milk, Skim Plain Half Pint","Milk, Skim Plain Half Pint 25-26"
2026-09-10,HS SS Satellite Lunch,HS SS Satellite Lunch,Lunch,Vegetable Sides,37328,"Fries, Seasoned, Wedge (C)","Fries, Seasoned, Wedge (C) 25-26"
2026-09-10,HS SS Satellite Lunch,HS SS Satellite Lunch,Lunch,Vegetable Sides,37424,"Vegetable Blend, Butter Buds, Fajita","Vegetable Blend, Butter Buds, Fajita 25-26"
2026-09-10,HS Sack Lunch,HS Sack Lunch,Lunch,Condiments,37390,"Mayonnaise, PC","Mayonnaise, PC 25-26"
2026-09-10,HS Sack Lunch,HS Sack Lunch,Lunch,Condiments,37455,"Ranch, Lite, PC","Ranch, Lite, PC 25-26"
2026-09-10,HS Sack Lunch,HS Sack Lunch,Lunch,Entrees,37899,Turkey Ham (C) & American Cheese (C) Hoagie (H/C),Turkey Ham (C) & American Cheese (C) Hoagie (H/C) 25-26
2026-09-10,HS Sack Lunch,HS Sack Lunch,Lunch,Fruit Sides,38062,"Apple, Whole, Fuji","Apple, Whole, Fuji 25-26"
2026-09-10,HS Sack Lunch,HS Sack Lunch,Lunch,Fruit Sides,38122,"Juice, 100% Fruit Punch, 4oz (Shelf-stable)","Juice, 100% Fruit Punch, 4oz (Shelf-stable) 25-26"
2026-09-10,HS Sack Lunch,HS Sack Lunch,Lunch,Milk,37349,"Milk, 1% Plain Half Pint","Milk, 1% Plain Half Pint 25-26"
2026-09-10,HS Sack Lunch,HS Sack Lunch,Lunch,Milk,37351,"Milk, Skim Chocolate Half Pint","Milk, Skim Chocolate Half Pint 25-26"
2026-09-10,HS Sack Lunch,HS Sack Lunch,Lunch,Milk,37353,"Milk, Skim Plain Half Pint","Milk, Skim Plain Half Pint 25-26"
2026-09-10,HS Sack Lunch,HS Sack Lunch,Lunch,Vegetable Sides,38064,"Bean, Pinto Salad","Bean, Pinto Salad 25-26"
2026-09-10,HS Sack Lunch,HS Sack Lunch,Lunch,Vegetable Sides,38093,"Cucumber Slices, Raw Whole","Cucumber Slices, Raw Whole 25-26"
2026-09-10,HS Satellite Lunch,HS Satellite Lunch,Lunch,Condiments,37842,"Ketchup, PC (P)","Ketchup, PC (P) 25-26"
2026-09-10,HS Satellite Lunch,HS Satellite Lunch,Lunch,Condiments,37929,"Sauce, Hot Sauce TX Pete's PC","Sauce, Hot Sauce TX Pete's PC 25-26"
2026-09-10,HS Satellite Lunch,HS Satellite Lunch,Lunch,Condiments,37884,"Sauce, Salsa Cup (P)","Sauce, Salsa Cup (P) 25-26"
2026-09-10,HS Satellite Lunch,HS Satellite Lunch,Lunch,Entrees,37537,"Burrito, Beef & Cheese (C) W/Cheese Sauce (C)","Burrito, Beef & Cheese (C) W/Cheese Sauce (C) 25-26"
2026-09-10,HS Satellite Lunch,HS Satellite Lunch,Lunch,Fruit Sides,38118,"Juice, 100% Apple, 4oz (Shelf-stable)","Juice, 100% Apple, 4oz (Shelf-stable) 25-26"
2026-09-10,HS Satellite Lunch,HS Satellite Lunch,Lunch,Fruit Sides,38089,"Peach, Nectarine, Whole","Peach, Nectarine, Whole 25-26"
2026-09-10,HS Satellite Lunch,HS Satellite Lunch,Lunch,Milk,37349,"Milk, 1% Plain Half Pint","Milk, 1% Plain Half Pint 25-26"
2026-09-10,HS Satellite Lunch,HS Satellite Lunch,Lunch,Milk,37351,"Milk, Skim Chocolate Half Pint","Milk, Skim Chocolate Half Pint 25-26"
2026-09-10,HS Satellite Lunch,HS Satellite Lunch,Lunch,Milk,37353,"Milk, Skim Plain Half Pint","Milk, Skim Plain Half Pint 25-26"
2026-09-10,HS Satellite Lunch,HS Satellite Lunch,Lunch,Vegetable Sides,37328,"Fries, Seasoned, Wedge (C)","Fries, Seasoned, Wedge (C) 25-26"
2026-09-10,HS Satellite Lunch,HS Satellite Lunch,Lunch,Vegetable Sides,37424,"Vegetable Blend, Butter Buds, Fajita","Vegetable Blend, Butter Buds, Fajita 25-26"
2026-09-10,HS Snack Favorites,HS Favorites,Snack,Condiments,38262,"Dipping Sauce, Marinara (P)","Dipping Sauce, Marinara (P) 25-26"
2026-09-10,HS Snack Favorites,HS Favorites,Snack,Condiments,37842,"Ketchup, PC (P)","Ketchup, PC (P) 25-26"
2026-09-10,HS Snack Favorites,HS Favorites,Snack,Condiments,37914,"Sauce, Guacamole","Sauce, Guacamole 25-26"
2026-09-10,HS Snack Favorites,HS Favorites,Snack,Condiments,37929,"Sauce, Hot Sauce TX Pete's PC","Sauce, Hot Sauce TX Pete's PC 25-26"
2026-09-10,HS Snack Favorites,HS Favorites,Snack,Condiments,37884,"Sauce, Salsa Cup (P)","Sauce, Salsa Cup (P) 25-26"
2026-09-10,HS Snack Favorites,HS Favorites,Snack,Condiments,37913,"Sour Cream, Individual PC,","Sour Cream, Individual PC, 25-26"
2026-09-10,HS Snack Favorites,HS Favorites,Snack,Entrees,37495,"Beef Taco Meat, Nachos (C)","Beef Taco Meat, Nachos (C) 25-26"
2026-09-10,HS Snack Favorites,HS Favorites,Snack,Entrees,37537,"Burrito, Beef & Cheese (C) W/Cheese Sauce (C)","Burrito, Beef & Cheese (C) W/Cheese Sauce (C) 25-26"
2026-09-10,HS Snack Favorites,HS Favorites,Snack,Entrees,37389,"Cheesy Breadstick Bites, Jalapeno (C)","Cheesy Breadstick Bites, Jalapeno (C) 25-26"
2026-09-10,HS Snack Favorites,HS Favorites,Snack,Fruit Sides,38118,"Juice, 100% Apple, 4oz (Shelf-stable)","Juice, 100% Apple, 4oz (Shelf-stable) 25-26"
2026-09-10,HS Snack Favorites,HS Favorites,Snack,Fruit Sides,38089,"Peach, Nectarine, Whole","Peach, Nectarine, Whole 25-26"
2026-09-10,HS Snack Favorites,HS Favorites,Snack,Grain/Other Side,37397,"Muffin, Corn (IW)","Muffin, Corn (IW) 25-26"
2026-09-10,HS Snack Favorites,HS Favorites,Snack,Grain/Other Side,37459,"Pudding, Chocolate","Pudding, Chocolate 25-26"
2026-09-10,HS Snack Favorites,HS Favorites,Snack,Milk,37349,"Milk, 1% Plain Half Pint","Milk, 1% Plain Half Pint 25-26"
2026-09-10,HS Snack Favorites,HS Favorites,Snack,Milk,37351,"Milk, Skim Chocolate Half Pint","Milk, Skim Chocolate Half Pint 25-26"
2026-09-10,HS Snack Favorites,HS Favorites,Snack,Milk,37353,"Milk, Skim Plain Half Pint","Milk, Skim Plain Half Pint 25-26"
2026-09-10,HS Snack Favorites,HS Favorites,Snack,Vegetable Sides,37327,"Fries, Seasoned, Curly (C)","Fries, Seasoned, Curly (C) 25-26"
2026-09-10,HS Snack Favorites,HS Favorites,Snack,Vegetable Sides,37424,"Vegetable Blend, Butter Buds, Fajita","Vegetable Blend, Butter Buds, Fajita 25-26"
2026-09-10,HS Tailgate Menus,HS Tailgate Menus,Lunch,Condiments,37842,"Ketchup, PC (P)","Ketchup, PC (P) 25-26"
2026-09-10,HS Tailgate Menus,HS Tailgate Menus,Lunch,Entrees,37677,"Turkey, BBQ Sandwich (C)","Turkey, BBQ Sandwich (C) 25-26"
2026-09-10,HS Tailgate Menus,HS Tailgate Menus,Lunch,Fruit Sides,37534,"Fruit, Applesauce Cup, Individual, Strawberry (CP)","Fruit, Applesauce Cup, Individual, Strawberry (CP) 25-26"
2026-09-10,HS Tailgate Menus,HS Tailgate Menus,Lunch,Fruit Sides,37839,"Juice, 100% Fruit Blend, 4oz (Fresh)","Juice, 100% Fruit Blend, 4oz (Fresh) 24-25"
2026-09-10,HS Tailgate Menus,HS Tailgate Menus,Lunch,Grain/Other Side,37310,"Chips, Baked Lays","Chips, Baked Lays 25-26"
2026-09-10,HS Tailgate Menus,HS Tailgate Menus,Lunch,Milk,37349,"Milk, 1% Plain Half Pint","Milk, 1% Plain Half Pint 25-26"
2026-09-10,HS Tailgate Menus,HS Tailgate Menus,Lunch,Milk,37351,"Milk, Skim Chocolate Half Pint","Milk, Skim Chocolate Half Pint 25-26"
2026-09-10,HS Tailgate Menus,HS Tailgate Menus,Lunch,Milk,37353,"Milk, Skim Plain Half Pint","Milk, Skim Plain Half Pint 25-26"
2026-09-10,HS Tailgate Menus,HS Tailgate Menus,Lunch,Vegetable Sides,38071,"Carrots, Baby Raw","Carrots, Baby Raw 25-26"
2026-09-10,HS Tailgate Menus,HS Tailgate Menus,Lunch,Vegetable Sides,37328,"Fries, Seasoned, Wedge (C)","Fries, Seasoned, Wedge (C) 25-26"
2026-09-10,K-12 Snack,K-12 Snack,Snack,Entrees,37445,"Snack, Cracker, Cheese","Snack, Cracker, Cheese 25-26"
2026-09-10,K-12 Snack,K-12 Snack,Snack,Fruit Sides,38131,"Juice, 100% Apple, 6oz (Shelf-stable)","Juice, 100% Apple, 6oz (Shelf-stable) 25-26"
2026-09-10,K-8 Lunch,K-8 Lunch,Lunch,Condiments,37842,"Ketchup, PC (P)","Ketchup, PC (P) 25-26"
2026-09-10,K-8 Lunch,K-8 Lunch,Lunch,Condiments,37455,"Ranch, Lite, PC","Ranch, Lite, PC 25-26"
2026-09-10,K-8 Lunch,K-8 Lunch,Lunch,Condiments,37883,"Sauce, BBQ Dunk Cup, PC (P)","Sauce, BBQ Dunk Cup, PC (P) 25-26"
2026-09-10,K-8 Lunch,K-8 Lunch,Lunch,Condiments,37929,"Sauce, Hot Sauce TX Pete's PC","Sauce, Hot Sauce TX Pete's PC 25-26"
2026-09-10,K-8 Lunch,K-8 Lunch,Lunch,Condiments,37884,"Sauce, Salsa Cup (P)","Sauce, Salsa Cup (P) 25-26"
2026-09-10,K-8 Lunch,K-8 Lunch,Lunch,Entrees,37537,"Burrito, Beef & Cheese (C) W/Cheese Sauce (C)","Burrito, Beef & Cheese (C) W/Cheese Sauce (C) 25-26"
2026-09-10,K-8 Lunch,K-8 Lunch,Lunch,Entrees,38257,"Chicken, Tenders (CP) W/Breadstick, Cheesy Garlic","Chicken, Tenders (CP) W/Breadstick, Cheesy Garlic 26-27"
2026-09-10,K-8 Lunch,K-8 Lunch,Lunch,Entrees,37591,"Sandwich, Soy Butter and Jelly IW","Sandwich, Soy Butter and Jelly IW 25-26"
2026-09-10,K-8 Lunch,K-8 Lunch,Lunch,Fruit Sides,38089,"Peach, Nectarine, Whole","Peach, Nectarine, Whole 25-26"
2026-09-10,K-8 Lunch,K-8 Lunch,Lunch,Milk,37349,"Milk, 1% Plain Half Pint","Milk, 1% Plain Half Pint 25-26"
2026-09-10,K-8 Lunch,K-8 Lunch,Lunch,Milk,37351,"Milk, Skim Chocolate Half Pint","Milk, Skim Chocolate Half Pint 25-26"
2026-09-10,K-8 Lunch,K-8 Lunch,Lunch,Milk,37353,"Milk, Skim Plain Half Pint","Milk, Skim Plain Half Pint 25-26"
2026-09-10,K-8 Lunch,K-8 Lunch,Lunch,Vegetable Sides,37327,"Fries, Seasoned, Curly (C)","Fries, Seasoned, Curly (C) 25-26"
2026-09-10,K-8 Lunch,K-8 Lunch,Lunch,Vegetable Sides,37424,"Vegetable Blend, Butter Buds, Fajita","Vegetable Blend, Butter Buds, Fajita 25-26"
2026-09-10,K-8 Sack Lunch,K-8 Sack Lunch,Lunch,Entrees,37775,Turkey Breast (C) & Cheese (C) Pullman Sandwich (H/C),Turkey Breast (C) & Cheese (C) Pullman Sandwich (H/C) 25-26
2026-09-10,K-8 Sack Lunch,K-8 Sack Lunch,Lunch,Fruit Sides,38062,"Apple, Whole, Fuji","Apple, Whole, Fuji 25-26"
2026-09-10,K-8 Sack Lunch,K-8 Sack Lunch,Lunch,Milk,37349,"Milk, 1% Plain Half Pint","Milk, 1% Plain Half Pint 25-26"
2026-09-10,K-8 Sack Lunch,K-8 Sack Lunch,Lunch,Milk,37351,"Milk, Skim Chocolate Half Pint","Milk, Skim Chocolate Half Pint 25-26"
2026-09-10,K-8 Sack Lunch,K-8 Sack Lunch,Lunch,Milk,37353,"Milk, Skim Plain Half Pint","Milk, Skim Plain Half Pint 25-26"
2026-09-10,K-8 Sack Lunch,K-8 Sack Lunch,Lunch,Vegetable Sides,38064,"Bean, Pinto Salad","Bean, Pinto Salad 25-26"
2026-09-10,K-8 Sack Lunch,K-8 Sack Lunch,Lunch,Vegetable Sides,38093,"Cucumber Slices, Raw Whole","Cucumber Slices, Raw Whole 25-26"
2026-09-10,K-8 Satellite Lunch,K-8 Satellite Lunch,Lunch,Condiments,37842,"Ketchup, PC (P)","Ketchup, PC (P) 25-26"
2026-09-10,K-8 Satellite Lunch,K-8 Satellite Lunch,Lunch,Condiments,37929,"Sauce, Hot Sauce TX Pete's PC","Sauce, Hot Sauce TX Pete's PC 25-26"
2026-09-10,K-8 Satellite Lunch,K-8 Satellite Lunch,Lunch,Condiments,37884,"Sauce, Salsa Cup (P)","Sauce, Salsa Cup (P) 25-26"
2026-09-10,K-8 Satellite Lunch,K-8 Satellite Lunch,Lunch,Entrees,37537,"Burrito, Beef & Cheese (C) W/Cheese Sauce (C)","Burrito, Beef & Cheese (C) W/Cheese Sauce (C) 25-26"
2026-09-10,K-8 Satellite Lunch,K-8 Satellite Lunch,Lunch,Fruit Sides,38089,"Peach, Nectarine, Whole","Peach, Nectarine, Whole 25-26"
2026-09-10,K-8 Satellite Lunch,K-8 Satellite Lunch,Lunch,Milk,37349,"Milk, 1% Plain Half Pint","Milk, 1% Plain Half Pint 25-26"
2026-09-10,K-8 Satellite Lunch,K-8 Satellite Lunch,Lunch,Milk,37351,"Milk, Skim Chocolate Half Pint","Milk, Skim Chocolate Half Pint 25-26"
2026-09-10,K-8 Satellite Lunch,K-8 Satellite Lunch,Lunch,Milk,37353,"Milk, Skim Plain Half Pint","Milk, Skim Plain Half Pint 25-26"
2026-09-10,K-8 Satellite Lunch,K-8 Satellite Lunch,Lunch,Vegetable Sides,37328,"Fries, Seasoned, Wedge (C)","Fries, Seasoned, Wedge (C) 25-26"
2026-09-10,K-8 Satellite Lunch,K-8 Satellite Lunch,Lunch,Vegetable Sides,37424,"Vegetable Blend, Butter Buds, Fajita","Vegetable Blend, Butter Buds, Fajita 25-26"
2026-09-10,MS Snack Favorites,MS Favorites,Snack,Condiments,38262,"Dipping Sauce, Marinara (P)","Dipping Sauce, Marinara (P) 25-26"
2026-09-10,MS Snack Favorites,MS Favorites,Snack,Condiments,37842,"Ketchup, PC (P)","Ketchup, PC (P) 25-26"
2026-09-10,MS Snack Favorites,MS Favorites,Snack,Condiments,37398,"Mustard, PC","Mustard, PC 25-26"
2026-09-10,MS Snack Favorites,MS Favorites,Snack,Condiments,37914,"Sauce, Guacamole","Sauce, Guacamole 25-26"
2026-09-10,MS Snack Favorites,MS Favorites,Snack,Condiments,37929,"Sauce, Hot Sauce TX Pete's PC","Sauce, Hot Sauce TX Pete's PC 25-26"
2026-09-10,MS Snack Favorites,MS Favorites,Snack,Condiments,37884,"Sauce, Salsa Cup (P)","Sauce, Salsa Cup (P) 25-26"
2026-09-10,MS Snack Favorites,MS Favorites,Snack,Entrees,37495,"Beef Taco Meat, Nachos (C)","Beef Taco Meat, Nachos (C) 25-26"
2026-09-10,MS Snack Favorites,MS Favorites,Snack,Entrees,37389,"Cheesy Breadstick Bites, Jalapeno (C)","Cheesy Breadstick Bites, Jalapeno (C) 25-26"
2026-09-10,MS Snack Favorites,MS Favorites,Snack,Entrees,37923,"Turkey (C), Hot Dog","Turkey (C), Hot Dog 25-26"
2026-09-10,MS Snack Favorites,MS Favorites,Snack,Fruit Sides,38089,"Peach, Nectarine, Whole","Peach, Nectarine, Whole 25-26"
2026-09-10,MS Snack Favorites,MS Favorites,Snack,Milk,37349,"Milk, 1% Plain Half Pint","Milk, 1% Plain Half Pint 25-26"
2026-09-10,MS Snack Favorites,MS Favorites,Snack,Milk,37351,"Milk, Skim Chocolate Half Pint","Milk, Skim Chocolate Half Pint 25-26"
2026-09-10,MS Snack Favorites,MS Favorites,Snack,Milk,37353,"Milk, Skim Plain Half Pint","Milk, Skim Plain Half Pint 25-26"
2026-09-10,MS Snack Favorites,MS Favorites,Snack,Vegetable Sides,37327,"Fries, Seasoned, Curly (C)","Fries, Seasoned, Curly (C) 25-26"
2026-09-10,MS Snack Favorites,MS Favorites,Snack,Vegetable Sides,37424,"Vegetable Blend, Butter Buds, Fajita","Vegetable Blend, Butter Buds, Fajita 25-26"
2026-09-10,Pre-K Lunch SS,PreK Lunch SS,Lunch,Entrees,37537,"Burrito, Beef & Cheese (C) W/Cheese Sauce (C)","Burrito, Beef & Cheese (C) W/Cheese Sauce (C) 25-26"
2026-09-10,Pre-K Lunch SS,PreK Lunch SS,Lunch,Fruit Sides,37506,"Fruit, Apple Slices IW (C)","Fruit, Apple Slices IW (C) 25-26"
2026-09-10,Pre-K Lunch SS,PreK Lunch SS,Lunch,Milk,37349,"Milk, 1% Plain Half Pint","Milk, 1% Plain Half Pint 25-26"
2026-09-10,Pre-K Lunch SS,PreK Lunch SS,Lunch,Vegetable Sides,37461,"PreK, Vegetable Blend, Butter Buds, Fajita 1/4 Cup","PreK, Vegetable Blend, Butter Buds, Fajita 1/4 Cup 25-26"
2026-09-10,PreK Snack,PreK Snack,Snack,Entrees,37445,"Snack, Cracker, Cheese","Snack, Cracker, Cheese 25-26"
2026-09-10,PreK Snack,PreK Snack,Snack,Fruit Sides,38131,"Juice, 100% Apple, 6oz (Shelf-stable)","Juice, 100% Apple, 6oz (Shelf-stable) 25-26"
2026-09-10,Saturday Menus,Saturday Menus,Lunch,Entrees,37300,"Cereal, Cinnamon Toast Crunch","Cereal, Cinnamon Toast Crunch 25-26"
2026-09-10,Saturday Menus,Saturday Menus,Lunch,Fruit Sides,38123,"Craisins, Dried, Cherry","Craisins, Dried, Cherry 25-26"
2026-09-10,Saturday Menus,Saturday Menus,Lunch,Milk,37349,"Milk, 1% Plain Half Pint","Milk, 1% Plain Half Pint 25-26"
2026-09-11,Breakfast SS K-12,Breakfast SS K-12,Breakfast,Fruit,37277,"Fruit, Applesauce Cup, Individual (CP)","Fruit, Applesauce Cup, Individual (CP) 25-26"
2026-09-11,Breakfast SS K-12,Breakfast SS K-12,Breakfast,Fruit,38118,"Juice, 100% Apple, 4oz (Shelf-stable)","Juice, 100% Apple, 4oz (Shelf-stable) 25-26"
2026-09-11,Breakfast SS K-12,Breakfast SS K-12,Breakfast,Grain/ M/MA,37960,"BRK, Apple Cinnamon Toast, IW","BRK, Apple Cinnamon Toast, IW 25-26"
2026-09-11,Breakfast SS K-12,Breakfast SS K-12,Breakfast,Grain/ M/MA,37422,"Yogurt, Strawberry 4oz","Yogurt, Strawberry 4oz 25-26"
2026-09-11,Breakfast SS K-12,Breakfast SS K-12,Breakfast,Milk,37349,"Milk, 1% Plain Half Pint","Milk, 1% Plain Half Pint 25-26"
2026-09-11,Breakfast SS K-12,Breakfast SS K-12,Breakfast,Milk,37353,"Milk, Skim Plain Half Pint","Milk, Skim Plain Half Pint 25-26"
2026-09-11,Breakfast SS Pre-K,Breakfast SS PreK,Breakfast,Fruit,38118,"Juice, 100% Apple, 4oz (Shelf-stable)","Juice, 100% Apple, 4oz (Shelf-stable) 25-26"
2026-09-11,Breakfast SS Pre-K,Breakfast SS PreK,Breakfast,Grain/ M/MA,37960,"BRK, Apple Cinnamon Toast, IW","BRK, Apple Cinnamon Toast, IW 25-26"
2026-09-11,Breakfast SS Pre-K,Breakfast SS PreK,Breakfast,Milk,37349,"Milk, 1% Plain Half Pint","Milk, 1% Plain Half Pint 25-26"
2026-09-11,Breakfast Traditional OVS K-12,Breakfast Traditional OVS K-12,Breakfast,Condiments/ Side,37321,"Cracker, Educational Farmers MRKT","Cracker, Educational Farmers MRKT 25-26"
2026-09-11,Breakfast Traditional OVS K-12,Breakfast Traditional OVS K-12,Breakfast,Fruit,37277,"Fruit, Applesauce Cup, Individual (CP)","Fruit, Applesauce Cup, Individual (CP) 25-26"
2026-09-11,Breakfast Traditional OVS K-12,Breakfast Traditional OVS K-12,Breakfast,Fruit,38118,"Juice, 100% Apple, 4oz (Shelf-stable)","Juice, 100% Apple, 4oz (Shelf-stable) 25-26"
2026-09-11,Breakfast Traditional OVS K-12,Breakfast Traditional OVS K-12,Breakfast,Grain/ M/MA,37960,"BRK, Apple Cinnamon Toast, IW","BRK, Apple Cinnamon Toast, IW 25-26"
2026-09-11,Breakfast Traditional OVS K-12,Breakfast Traditional OVS K-12,Breakfast,Grain/ M/MA,37423,"Yogurt & Granola, Strawberry 4oz, Granola 1oz","Yogurt & Granola, Strawberry 4oz, Granola 1oz 25-26"
2026-09-11,Breakfast Traditional OVS K-12,Breakfast Traditional OVS K-12,Breakfast,Milk,37349,"Milk, 1% Plain Half Pint","Milk, 1% Plain Half Pint 25-26"
2026-09-11,Breakfast Traditional OVS K-12,Breakfast Traditional OVS K-12,Breakfast,Milk,37353,"Milk, Skim Plain Half Pint","Milk, Skim Plain Half Pint 25-26"
2026-09-11,CACFP Cold Dinner,CACFP Cold Dinner,Dinner,Condiments,37390,"Mayonnaise, PC","Mayonnaise, PC 25-26"
2026-09-11,CACFP Cold Dinner,CACFP Cold Dinner,Dinner,Condiments,37398,"Mustard, PC","Mustard, PC 25-26"
2026-09-11,CACFP Cold Dinner,CACFP Cold Dinner,Dinner,Condiments,37455,"Ranch, Lite, PC","Ranch, Lite, PC 25-26"
2026-09-11,CACFP Cold Dinner,CACFP Cold Dinner,Dinner,Entrees,37681,"Sandwich, Hoagie, Turkey Ham & Cheese on WG Roll IW","Sandwich, Hoagie, Turkey Ham & Cheese on WG Roll IW 25-26"
2026-09-11,CACFP Cold Dinner,CACFP Cold Dinner,Dinner,Fruit Sides,38088,"Orange, Whole Cut 138 ct. (P)","Orange, Whole Cut 138 ct. (P) 25-26"
2026-09-11,CACFP Cold Dinner,CACFP Cold Dinner,Dinner,Milk,37349,"Milk, 1% Plain Half Pint","Milk, 1% Plain Half Pint 25-26"
2026-09-11,CACFP Cold Dinner,CACFP Cold Dinner,Dinner,Milk,37351,"Milk, Skim Chocolate Half Pint","Milk, Skim Chocolate Half Pint 25-26"
2026-09-11,CACFP Cold Dinner,CACFP Cold Dinner,Dinner,Vegetable Sides,38072,"Celery, Raw","Celery, Raw 25-26"
2026-09-11,CACFP Hot Dinner,CACFP Hot Dinner,Dinner,Condiments,37929,"Sauce, Hot Sauce TX Pete's PC","Sauce, Hot Sauce TX Pete's PC 25-26"
2026-09-11,CACFP Hot Dinner,CACFP Hot Dinner,Dinner,Condiments,37884,"Sauce, Salsa Cup (P)","Sauce, Salsa Cup (P) 25-26"
2026-09-11,CACFP Hot Dinner,CACFP Hot Dinner,Dinner,Entrees,37457,"Pupusa, Bean & Cheese","Pupusa, Bean & Cheese 25-26"
2026-09-11,CACFP Hot Dinner,CACFP Hot Dinner,Dinner,Fruit Sides,37436,"Pears, Diced (Drained)","Pears, Diced (Drained) 25-26"
2026-09-11,CACFP Hot Dinner,CACFP Hot Dinner,Dinner,Milk,37349,"Milk, 1% Plain Half Pint","Milk, 1% Plain Half Pint 25-26"
2026-09-11,CACFP Hot Dinner,CACFP Hot Dinner,Dinner,Milk,37351,"Milk, Skim Chocolate Half Pint","Milk, Skim Chocolate Half Pint 25-26"
2026-09-11,CACFP Hot Dinner,CACFP Hot Dinner,Dinner,Vegetable Sides,37335,"Green Beans, Butter Buds, Fajita","Green Beans, Butter Buds, Fajita 25-26"
2026-09-11,HS Homestyle Lunch,HS Homestyle Lunch,Lunch,Condiments,37842,"Ketchup, PC (P)","Ketchup, PC (P) 25-26"
2026-09-11,HS Homestyle Lunch,HS Homestyle Lunch,Lunch,Condiments,37883,"Sauce, BBQ Dunk Cup, PC (P)","Sauce, BBQ Dunk Cup, PC (P) 25-26"
2026-09-11,HS Homestyle Lunch,HS Homestyle Lunch,Lunch,Entrees,37406,"Pizza (C), Cheese, 8 Cut","Pizza (C), Cheese, 8 Cut 25-26"
2026-09-11,HS Homestyle Lunch,HS Homestyle Lunch,Lunch,Entrees,38255,"Pizza (CP), Pepperoni (Beef), 8 Cut","Pizza (CP), Pepperoni (Beef), 8 Cut 26-27"
2026-09-11,HS Homestyle Lunch,HS Homestyle Lunch,Lunch,Entrees,37591,"Sandwich, Soy Butter and Jelly IW","Sandwich, Soy Butter and Jelly IW 25-26"
2026-09-11,HS Homestyle Lunch,HS Homestyle Lunch,Lunch,Entrees,37677,"Turkey, BBQ Sandwich (C)","Turkey, BBQ Sandwich (C) 25-26"
2026-09-11,HS Homestyle Lunch,HS Homestyle Lunch,Lunch,Fruit Sides,37331,"Fruit, Mixed, Canned (Drained)","Fruit, Mixed, Canned (Drained) 25-26"
2026-09-11,HS Homestyle Lunch,HS Homestyle Lunch,Lunch,Fruit Sides,38118,"Juice, 100% Apple, 4oz (Shelf-stable)","Juice, 100% Apple, 4oz (Shelf-stable) 25-26"
2026-09-11,HS Homestyle Lunch,HS Homestyle Lunch,Lunch,Grain/Other Side,37397,"Muffin, Corn (IW)","Muffin, Corn (IW) 25-26"
2026-09-11,HS Homestyle Lunch,HS Homestyle Lunch,Lunch,Grain/Other Side,37459,"Pudding, Chocolate","Pudding, Chocolate 25-26"
2026-09-11,HS Homestyle Lunch,HS Homestyle Lunch,Lunch,Milk,37349,"Milk, 1% Plain Half Pint","Milk, 1% Plain Half Pint 25-26"
2026-09-11,HS Homestyle Lunch,HS Homestyle Lunch,Lunch,Milk,37351,"Milk, Skim Chocolate Half Pint","Milk, Skim Chocolate Half Pint 25-26"
2026-09-11,HS Homestyle Lunch,HS Homestyle Lunch,Lunch,Milk,37353,"Milk, Skim Plain Half Pint","Milk, Skim Plain Half Pint 25-26"
2026-09-11,HS Homestyle Lunch,HS Homestyle Lunch,Lunch,Vegetable Sides,37290,"Broccoli, Frozen, Butter Buds, Fajita","Broccoli, Frozen, Butter Buds, Fajita 25-26"
2026-09-11,HS Homestyle Lunch,HS Homestyle Lunch,Lunch,Vegetable Sides,37297,"Carrots, Glazed","Carrots, Glazed 25-26"
2026-09-11,HS SS Satellite Lunch,HS SS Satellite Lunch,Lunch,Condiments,37842,"Ketchup, PC (P)","Ketchup, PC (P) 25-26"
2026-09-11,HS SS Satellite Lunch,HS SS Satellite Lunch,Lunch,Condiments,37883,"Sauce, BBQ Dunk Cup, PC (P)","Sauce, BBQ Dunk Cup, PC (P) 25-26"
2026-09-11,HS SS Satellite Lunch,HS SS Satellite Lunch,Lunch,Entrees,37677,"Turkey, BBQ Sandwich (C)","Turkey, BBQ Sandwich (C) 25-26"
2026-09-11,HS SS Satellite Lunch,HS SS Satellite Lunch,Lunch,Fruit Sides,37331,"Fruit, Mixed, Canned (Drained)","Fruit, Mixed, Canned (Drained) 25-26"
2026-09-11,HS SS Satellite Lunch,HS SS Satellite Lunch,Lunch,Fruit Sides,38118,"Juice, 100% Apple, 4oz (Shelf-stable)","Juice, 100% Apple, 4oz (Shelf-stable) 25-26"
2026-09-11,HS SS Satellite Lunch,HS SS Satellite Lunch,Lunch,Grain/Other Side,37310,"Chips, Baked Lays","Chips, Baked Lays 25-26"
2026-09-11,HS SS Satellite Lunch,HS SS Satellite Lunch,Lunch,Milk,37349,"Milk, 1% Plain Half Pint","Milk, 1% Plain Half Pint 25-26"
2026-09-11,HS SS Satellite Lunch,HS SS Satellite Lunch,Lunch,Milk,37351,"Milk, Skim Chocolate Half Pint","Milk, Skim Chocolate Half Pint 25-26"
2026-09-11,HS SS Satellite Lunch,HS SS Satellite Lunch,Lunch,Milk,37353,"Milk, Skim Plain Half Pint","Milk, Skim Plain Half Pint 25-26"
2026-09-11,HS SS Satellite Lunch,HS SS Satellite Lunch,Lunch,Vegetable Sides,37290,"Broccoli, Frozen, Butter Buds, Fajita","Broccoli, Frozen, Butter Buds, Fajita 25-26"
2026-09-11,HS SS Satellite Lunch,HS SS Satellite Lunch,Lunch,Vegetable Sides,37297,"Carrots, Glazed","Carrots, Glazed 25-26"
2026-09-11,HS Sack Lunch,HS Sack Lunch,Lunch,Condiments,37390,"Mayonnaise, PC","Mayonnaise, PC 25-26"
2026-09-11,HS Sack Lunch,HS Sack Lunch,Lunch,Condiments,37455,"Ranch, Lite, PC","Ranch, Lite, PC 25-26"
2026-09-11,HS Sack Lunch,HS Sack Lunch,Lunch,Entrees,37775,Turkey Breast (C) & Cheese (C) Pullman Sandwich (H/C),Turkey Breast (C) & Cheese (C) Pullman Sandwich (H/C) 25-26
2026-09-11,HS Sack Lunch,HS Sack Lunch,Lunch,Fruit Sides,38062,"Apple, Whole, Fuji","Apple, Whole, Fuji 25-26"
2026-09-11,HS Sack Lunch,HS Sack Lunch,Lunch,Fruit Sides,38122,"Juice, 100% Fruit Punch, 4oz (Shelf-stable)","Juice, 100% Fruit Punch, 4oz (Shelf-stable) 25-26"
2026-09-11,HS Sack Lunch,HS Sack Lunch,Lunch,Grain/Other Side,37310,"Chips, Baked Lays","Chips, Baked Lays 25-26"
2026-09-11,HS Sack Lunch,HS Sack Lunch,Lunch,Milk,37349,"Milk, 1% Plain Half Pint","Milk, 1% Plain Half Pint 25-26"
2026-09-11,HS Sack Lunch,HS Sack Lunch,Lunch,Milk,37351,"Milk, Skim Chocolate Half Pint","Milk, Skim Chocolate Half Pint 25-26"
2026-09-11,HS Sack Lunch,HS Sack Lunch,Lunch,Milk,37353,"Milk, Skim Plain Half Pint","Milk, Skim Plain Half Pint 25-26"
2026-09-11,HS Sack Lunch,HS Sack Lunch,Lunch,Vegetable Sides,38071,"Carrots, Baby Raw","Carrots, Baby Raw 25-26"
2026-09-11,HS Sack Lunch,HS Sack Lunch,Lunch,Vegetable Sides,38072,"Celery, Raw","Celery, Raw 25-26"
2026-09-11,HS Satellite Lunch,HS Satellite Lunch,Lunch,Condiments,37842,"Ketchup, PC (P)","Ketchup, PC (P) 25-26"
2026-09-11,HS Satellite Lunch,HS Satellite Lunch,Lunch,Condiments,37883,"Sauce, BBQ Dunk Cup, PC (P)","Sauce, BBQ Dunk Cup, PC (P) 25-26"
2026-09-11,HS Satellite Lunch,HS Satellite Lunch,Lunch,Entrees,37677,"Turkey, BBQ Sandwich (C)","Turkey, BBQ Sandwich (C) 25-26"
2026-09-11,HS Satellite Lunch,HS Satellite Lunch,Lunch,Fruit Sides,37331,"Fruit, Mixed, Canned (Drained)","Fruit, Mixed, Canned (Drained) 25-26"
2026-09-11,HS Satellite Lunch,HS Satellite Lunch,Lunch,Fruit Sides,38118,"Juice, 100% Apple, 4oz (Shelf-stable)","Juice, 100% Apple, 4oz (Shelf-stable) 25-26"
2026-09-11,HS Satellite Lunch,HS Satellite Lunch,Lunch,Grain/Other Side,37310,"Chips, Baked Lays","Chips, Baked Lays 25-26"
2026-09-11,HS Satellite Lunch,HS Satellite Lunch,Lunch,Milk,37349,"Milk, 1% Plain Half Pint","Milk, 1% Plain Half Pint 25-26"
2026-09-11,HS Satellite Lunch,HS Satellite Lunch,Lunch,Milk,37351,"Milk, Skim Chocolate Half Pint","Milk, Skim Chocolate Half Pint 25-26"
2026-09-11,HS Satellite Lunch,HS Satellite Lunch,Lunch,Milk,37353,"Milk, Skim Plain Half Pint","Milk, Skim Plain Half Pint 25-26"
2026-09-11,HS Satellite Lunch,HS Satellite Lunch,Lunch,Vegetable Sides,37290,"Broccoli, Frozen, Butter Buds, Fajita","Broccoli, Frozen, Butter Buds, Fajita 25-26"
2026-09-11,HS Satellite Lunch,HS Satellite Lunch,Lunch,Vegetable Sides,37297,"Carrots, Glazed","Carrots, Glazed 25-26"
2026-09-11,HS Snack Favorites,HS Favorites,Snack,Condiments,37842,"Ketchup, PC (P)","Ketchup, PC (P) 25-26"
2026-09-11,HS Snack Favorites,HS Favorites,Snack,Condiments,37390,"Mayonnaise, PC","Mayonnaise, PC 25-26"
2026-09-11,HS Snack Favorites,HS Favorites,Snack,Condiments,37398,"Mustard, PC","Mustard, PC 25-26"
2026-09-11,HS Snack Favorites,HS Favorites,Snack,Condiments,37439,"Pickles, 2ea","Pickles, 2ea 25-26"
2026-09-11,HS Snack Favorites,HS Favorites,Snack,Condiments,37455,"Ranch, Lite, PC","Ranch, Lite, PC 25-26"
2026-09-11,HS Snack Favorites,HS Favorites,Snack,Condiments,37883,"Sauce, BBQ Dunk Cup, PC (P)","Sauce, BBQ Dunk Cup, PC (P) 25-26"
2026-09-11,HS Snack Favorites,HS Favorites,Snack,Entrees,37717,"Beef (C), Burger, American Cheese (C)","Beef (C), Burger, American Cheese (C) 25-26"
2026-09-11,HS Snack Favorites,HS Favorites,Snack,Entrees,37589,"Chicken, Dumplings, Teriyaki Sauce","Chicken, Dumplings, Teriyaki Sauce 25-26"
2026-09-11,HS Snack Favorites,HS Favorites,Snack,Entrees,38257,"Chicken, Tenders (CP) W/Breadstick, Cheesy Garlic","Chicken, Tenders (CP) W/Breadstick, Cheesy Garlic 26-27"
2026-09-11,HS Snack Favorites,HS Favorites,Snack,Fruit Sides,37331,"Fruit, Mixed, Canned (Drained)","Fruit, Mixed, Canned (Drained) 25-26"
2026-09-11,HS Snack Favorites,HS Favorites,Snack,Fruit Sides,38118,"Juice, 100% Apple, 4oz (Shelf-stable)","Juice, 100% Apple, 4oz (Shelf-stable) 25-26"
2026-09-11,HS Snack Favorites,HS Favorites,Snack,Grain/Other Side,37310,"Chips, Baked Lays","Chips, Baked Lays 25-26"
2026-09-11,HS Snack Favorites,HS Favorites,Snack,Grain/Other Side,37459,"Pudding, Chocolate","Pudding, Chocolate 25-26"
2026-09-11,HS Snack Favorites,HS Favorites,Snack,Milk,37349,"Milk, 1% Plain Half Pint","Milk, 1% Plain Half Pint 25-26"
2026-09-11,HS Snack Favorites,HS Favorites,Snack,Milk,37351,"Milk, Skim Chocolate Half Pint","Milk, Skim Chocolate Half Pint 25-26"
2026-09-11,HS Snack Favorites,HS Favorites,Snack,Milk,37353,"Milk, Skim Plain Half Pint","Milk, Skim Plain Half Pint 25-26"
2026-09-11,HS Snack Favorites,HS Favorites,Snack,Vegetable Sides,37290,"Broccoli, Frozen, Butter Buds, Fajita","Broccoli, Frozen, Butter Buds, Fajita 25-26"
2026-09-11,HS Snack Favorites,HS Favorites,Snack,Vegetable Sides,37297,"Carrots, Glazed","Carrots, Glazed 25-26"
2026-09-11,K-12 Snack,K-12 Snack,Snack,Entrees,37446,"Snack Mix, Cracker, Strawberry Yogurt","Snack Mix, Cracker, Strawberry Yogurt 25-26"
2026-09-11,K-12 Snack,K-12 Snack,Snack,Fruit Sides,38182,"Apple, Whole, Red Delicious","Apple, Whole, Red Delicious 25-26"
2026-09-11,K-8 Lunch,K-8 Lunch,Lunch,Condiments,37842,"Ketchup, PC (P)","Ketchup, PC (P) 25-26"
2026-09-11,K-8 Lunch,K-8 Lunch,Lunch,Condiments,37883,"Sauce, BBQ Dunk Cup, PC (P)","Sauce, BBQ Dunk Cup, PC (P) 25-26"
2026-09-11,K-8 Lunch,K-8 Lunch,Lunch,Entrees,37406,"Pizza (C), Cheese, 8 Cut","Pizza (C), Cheese, 8 Cut 25-26"
2026-09-11,K-8 Lunch,K-8 Lunch,Lunch,Entrees,38255,"Pizza (CP), Pepperoni (Beef), 8 Cut","Pizza (CP), Pepperoni (Beef), 8 Cut 26-27"
2026-09-11,K-8 Lunch,K-8 Lunch,Lunch,Entrees,37591,"Sandwich, Soy Butter and Jelly IW","Sandwich, Soy Butter and Jelly IW 25-26"
2026-09-11,K-8 Lunch,K-8 Lunch,Lunch,Entrees,37677,"Turkey, BBQ Sandwich (C)","Turkey, BBQ Sandwich (C) 25-26"
2026-09-11,K-8 Lunch,K-8 Lunch,Lunch,Fruit Sides,37331,"Fruit, Mixed, Canned (Drained)","Fruit, Mixed, Canned (Drained) 25-26"
2026-09-11,K-8 Lunch,K-8 Lunch,Lunch,Milk,37349,"Milk, 1% Plain Half Pint","Milk, 1% Plain Half Pint 25-26"
2026-09-11,K-8 Lunch,K-8 Lunch,Lunch,Milk,37351,"Milk, Skim Chocolate Half Pint","Milk, Skim Chocolate Half Pint 25-26"
2026-09-11,K-8 Lunch,K-8 Lunch,Lunch,Milk,37353,"Milk, Skim Plain Half Pint","Milk, Skim Plain Half Pint 25-26"
2026-09-11,K-8 Lunch,K-8 Lunch,Lunch,Vegetable Sides,37290,"Broccoli, Frozen, Butter Buds, Fajita","Broccoli, Frozen, Butter Buds, Fajita 25-26"
2026-09-11,K-8 Lunch,K-8 Lunch,Lunch,Vegetable Sides,37297,"Carrots, Glazed","Carrots, Glazed 25-26"
2026-09-11,K-8 Sack Lunch,K-8 Sack Lunch,Lunch,Condiments,37455,"Ranch, Lite, PC","Ranch, Lite, PC 25-26"
2026-09-11,K-8 Sack Lunch,K-8 Sack Lunch,Lunch,Entrees,37899,Turkey Ham (C) & American Cheese (C) Hoagie (H/C),Turkey Ham (C) & American Cheese (C) Hoagie (H/C) 25-26
2026-09-11,K-8 Sack Lunch,K-8 Sack Lunch,Lunch,Fruit Sides,38062,"Apple, Whole, Fuji","Apple, Whole, Fuji 25-26"
2026-09-11,K-8 Sack Lunch,K-8 Sack Lunch,Lunch,Milk,37349,"Milk, 1% Plain Half Pint","Milk, 1% Plain Half Pint 25-26"
2026-09-11,K-8 Sack Lunch,K-8 Sack Lunch,Lunch,Milk,37351,"Milk, Skim Chocolate Half Pint","Milk, Skim Chocolate Half Pint 25-26"
2026-09-11,K-8 Sack Lunch,K-8 Sack Lunch,Lunch,Milk,37353,"Milk, Skim Plain Half Pint","Milk, Skim Plain Half Pint 25-26"
2026-09-11,K-8 Sack Lunch,K-8 Sack Lunch,Lunch,Vegetable Sides,38071,"Carrots, Baby Raw","Carrots, Baby Raw 25-26"
2026-09-11,K-8 Sack Lunch,K-8 Sack Lunch,Lunch,Vegetable Sides,38072,"Celery, Raw","Celery, Raw 25-26"
2026-09-11,K-8 Satellite Lunch,K-8 Satellite Lunch,Lunch,Condiments,37842,"Ketchup, PC (P)","Ketchup, PC (P) 25-26"
2026-09-11,K-8 Satellite Lunch,K-8 Satellite Lunch,Lunch,Condiments,37883,"Sauce, BBQ Dunk Cup, PC (P)","Sauce, BBQ Dunk Cup, PC (P) 25-26"
2026-09-11,K-8 Satellite Lunch,K-8 Satellite Lunch,Lunch,Entrees,37677,"Turkey, BBQ Sandwich (C)","Turkey, BBQ Sandwich (C) 25-26"
2026-09-11,K-8 Satellite Lunch,K-8 Satellite Lunch,Lunch,Fruit Sides,37331,"Fruit, Mixed, Canned (Drained)","Fruit, Mixed, Canned (Drained) 25-26"
2026-09-11,K-8 Satellite Lunch,K-8 Satellite Lunch,Lunch,Milk,37349,"Milk, 1% Plain Half Pint","Milk, 1% Plain Half Pint 25-26"
2026-09-11,K-8 Satellite Lunch,K-8 Satellite Lunch,Lunch,Milk,37351,"Milk, Skim Chocolate Half Pint","Milk, Skim Chocolate Half Pint 25-26"
2026-09-11,K-8 Satellite Lunch,K-8 Satellite Lunch,Lunch,Milk,37353,"Milk, Skim Plain Half Pint","Milk, Skim Plain Half Pint 25-26"
2026-09-11,K-8 Satellite Lunch,K-8 Satellite Lunch,Lunch,Vegetable Sides,37290,"Broccoli, Frozen, Butter Buds, Fajita","Broccoli, Frozen, Butter Buds, Fajita 25-26"
2026-09-11,K-8 Satellite Lunch,K-8 Satellite Lunch,Lunch,Vegetable Sides,37297,"Carrots, Glazed","Carrots, Glazed 25-26"
2026-09-11,MS Snack Favorites,MS Favorites,Snack,Condiments,37842,"Ketchup, PC (P)","Ketchup, PC (P) 25-26"
2026-09-11,MS Snack Favorites,MS Favorites,Snack,Condiments,37390,"Mayonnaise, PC","Mayonnaise, PC 25-26"
2026-09-11,MS Snack Favorites,MS Favorites,Snack,Condiments,37398,"Mustard, PC","Mustard, PC 25-26"
2026-09-11,MS Snack Favorites,MS Favorites,Snack,Condiments,37439,"Pickles, 2ea","Pickles, 2ea 25-26"
2026-09-11,MS Snack Favorites,MS Favorites,Snack,Condiments,37455,"Ranch, Lite, PC","Ranch, Lite, PC 25-26"
2026-09-11,MS Snack Favorites,MS Favorites,Snack,Condiments,37883,"Sauce, BBQ Dunk Cup, PC (P)","Sauce, BBQ Dunk Cup, PC (P) 25-26"
2026-09-11,MS Snack Favorites,MS Favorites,Snack,Entrees,37717,"Beef (C), Burger, American Cheese (C)","Beef (C), Burger, American Cheese (C) 25-26"
2026-09-11,MS Snack Favorites,MS Favorites,Snack,Entrees,37589,"Chicken, Dumplings, Teriyaki Sauce","Chicken, Dumplings, Teriyaki Sauce 25-26"
2026-09-11,MS Snack Favorites,MS Favorites,Snack,Entrees,38257,"Chicken, Tenders (CP) W/Breadstick, Cheesy Garlic","Chicken, Tenders (CP) W/Breadstick, Cheesy Garlic 26-27"
2026-09-11,MS Snack Favorites,MS Favorites,Snack,Fruit Sides,37331,"Fruit, Mixed, Canned (Drained)","Fruit, Mixed, Canned (Drained) 25-26"
2026-09-11,MS Snack Favorites,MS Favorites,Snack,Grain/Other Side,37310,"Chips, Baked Lays","Chips, Baked Lays 25-26"
2026-09-11,MS Snack Favorites,MS Favorites,Snack,Milk,37349,"Milk, 1% Plain Half Pint","Milk, 1% Plain Half Pint 25-26"
2026-09-11,MS Snack Favorites,MS Favorites,Snack,Milk,37351,"Milk, Skim Chocolate Half Pint","Milk, Skim Chocolate Half Pint 25-26"
2026-09-11,MS Snack Favorites,MS Favorites,Snack,Milk,37353,"Milk, Skim Plain Half Pint","Milk, Skim Plain Half Pint 25-26"
2026-09-11,MS Snack Favorites,MS Favorites,Snack,Vegetable Sides,37290,"Broccoli, Frozen, Butter Buds, Fajita","Broccoli, Frozen, Butter Buds, Fajita 25-26"
2026-09-11,MS Snack Favorites,MS Favorites,Snack,Vegetable Sides,37297,"Carrots, Glazed","Carrots, Glazed 25-26"
2026-09-11,Pre-K Lunch SS,PreK Lunch SS,Lunch,Condiments,37883,"Sauce, BBQ Dunk Cup, PC (P)","Sauce, BBQ Dunk Cup, PC (P) 25-26"
2026-09-11,Pre-K Lunch SS,PreK Lunch SS,Lunch,Entrees,37677,"Turkey, BBQ Sandwich (C)","Turkey, BBQ Sandwich (C) 25-26"
2026-09-11,Pre-K Lunch SS,PreK Lunch SS,Lunch,Fruit Sides,37481,"PreK, Fruit, Mixed, Canned 1/4 Cup","PreK, Fruit, Mixed, Canned 1/4 Cup 25-26"
2026-09-11,Pre-K Lunch SS,PreK Lunch SS,Lunch,Milk,37349,"Milk, 1% Plain Half Pint","Milk, 1% Plain Half Pint 25-26"
2026-09-11,Pre-K Lunch SS,PreK Lunch SS,Lunch,Vegetable Sides,37407,"PreK, Carrots, Glazed 1/4 Cup","PreK, Carrots, Glazed 1/4 Cup 25-26"
2026-09-11,PreK Snack,PreK Snack,Snack,Entrees,37446,"Snack Mix, Cracker, Strawberry Yogurt","Snack Mix, Cracker, Strawberry Yogurt 25-26"
2026-09-11,PreK Snack,PreK Snack,Snack,Fruit Sides,37456,Raisins (P),Raisins (P) 25-26
2026-09-14,Breakfast SS K-12,Breakfast SS K-12,Breakfast,Fruit,37513,"Fruit, Mixed Fruit Cup, Individual, (C)","Fruit, Mixed Fruit Cup, Individual, (C) 25-26"
2026-09-14,Breakfast SS K-12,Breakfast SS K-12,Breakfast,Fruit,38118,"Juice, 100% Apple, 4oz (Shelf-stable)","Juice, 100% Apple, 4oz (Shelf-stable) 25-26"
2026-09-14,Breakfast SS K-12,Breakfast SS K-12,Breakfast,Grain/ M/MA,37693,"Bar, Breakfast WG Strawberry Oatmeal, 2.4oz","Bar, Breakfast WG Strawberry Oatmeal, 2.4oz 25-26"
2026-09-14,Breakfast SS K-12,Breakfast SS K-12,Breakfast,Grain/ M/MA,38207,"Cheese, Mozzarella String (IW) (New) (C)","Cheese, Mozzarella String (IW) (New) (C) 25-26"
2026-09-14,Breakfast SS K-12,Breakfast SS K-12,Breakfast,Milk,37349,"Milk, 1% Plain Half Pint","Milk, 1% Plain Half Pint 25-26"
2026-09-14,Breakfast SS K-12,Breakfast SS K-12,Breakfast,Milk,37353,"Milk, Skim Plain Half Pint","Milk, Skim Plain Half Pint 25-26"
2026-09-14,Breakfast SS Pre-K,Breakfast SS PreK,Breakfast,Fruit,38118,"Juice, 100% Apple, 4oz (Shelf-stable)","Juice, 100% Apple, 4oz (Shelf-stable) 25-26"
2026-09-14,Breakfast SS Pre-K,Breakfast SS PreK,Breakfast,Grain/ M/MA,37844,"Muffin, Cherry, (IW)","Muffin, Cherry, (IW) 25-26"
2026-09-14,Breakfast SS Pre-K,Breakfast SS PreK,Breakfast,Milk,37349,"Milk, 1% Plain Half Pint","Milk, 1% Plain Half Pint 25-26"
2026-09-14,Breakfast Traditional OVS K-12,Breakfast Traditional OVS K-12,Breakfast,Condiments/ Side,37321,"Cracker, Educational Farmers MRKT","Cracker, Educational Farmers MRKT 25-26"
2026-09-14,Breakfast Traditional OVS K-12,Breakfast Traditional OVS K-12,Breakfast,Fruit,37513,"Fruit, Mixed Fruit Cup, Individual, (C)","Fruit, Mixed Fruit Cup, Individual, (C) 25-26"
2026-09-14,Breakfast Traditional OVS K-12,Breakfast Traditional OVS K-12,Breakfast,Fruit,38118,"Juice, 100% Apple, 4oz (Shelf-stable)","Juice, 100% Apple, 4oz (Shelf-stable) 25-26"
2026-09-14,Breakfast Traditional OVS K-12,Breakfast Traditional OVS K-12,Breakfast,Grain/ M/MA,37693,"Bar, Breakfast WG Strawberry Oatmeal, 2.4oz","Bar, Breakfast WG Strawberry Oatmeal, 2.4oz 25-26"
2026-09-14,Breakfast Traditional OVS K-12,Breakfast Traditional OVS K-12,Breakfast,Grain/ M/MA,37655,"French Toast Sticks, (C)","French Toast Sticks, (C) 25-26"
2026-09-14,Breakfast Traditional OVS K-12,Breakfast Traditional OVS K-12,Breakfast,Milk,37349,"Milk, 1% Plain Half Pint","Milk, 1% Plain Half Pint 25-26"
2026-09-14,Breakfast Traditional OVS K-12,Breakfast Traditional OVS K-12,Breakfast,Milk,37353,"Milk, Skim Plain Half Pint","Milk, Skim Plain Half Pint 25-26"
2026-09-14,CACFP Cold Dinner,CACFP Cold Dinner,Dinner,Condiments,37390,"Mayonnaise, PC","Mayonnaise, PC 25-26"
2026-09-14,CACFP Cold Dinner,CACFP Cold Dinner,Dinner,Condiments,37398,"Mustard, PC","Mustard, PC 25-26"
2026-09-14,CACFP Cold Dinner,CACFP Cold Dinner,Dinner,Condiments,37455,"Ranch, Lite, PC","Ranch, Lite, PC 25-26"
2026-09-14,CACFP Cold Dinner,CACFP Cold Dinner,Dinner,Entrees,37681,"Sandwich, Hoagie, Turkey Ham & Cheese on WG Roll IW","Sandwich, Hoagie, Turkey Ham & Cheese on WG Roll IW 25-26"
2026-09-14,CACFP Cold Dinner,CACFP Cold Dinner,Dinner,Fruit Sides,38088,"Orange, Whole Cut 138 ct. (P)","Orange, Whole Cut 138 ct. (P) 25-26"
2026-09-14,CACFP Cold Dinner,CACFP Cold Dinner,Dinner,Milk,37349,"Milk, 1% Plain Half Pint","Milk, 1% Plain Half Pint 25-26"
2026-09-14,CACFP Cold Dinner,CACFP Cold Dinner,Dinner,Milk,37351,"Milk, Skim Chocolate Half Pint","Milk, Skim Chocolate Half Pint 25-26"
2026-09-14,CACFP Cold Dinner,CACFP Cold Dinner,Dinner,Vegetable Sides,38070,"Broccoli, Raw","Broccoli, Raw 25-26"
2026-09-14,CACFP Hot Dinner,CACFP Hot Dinner,Dinner,Condiments,37842,"Ketchup, PC (P)","Ketchup, PC (P) 25-26"
2026-09-14,CACFP Hot Dinner,CACFP Hot Dinner,Dinner,Entrees,37225,"Chicken Fried Steak, Gravy, w/Roll","Chicken Fried Steak, Gravy, w/Roll 25-26"
2026-09-14,CACFP Hot Dinner,CACFP Hot Dinner,Dinner,Fruit Sides,37456,Raisins (P),Raisins (P) 25-26
2026-09-14,CACFP Hot Dinner,CACFP Hot Dinner,Dinner,Milk,37349,"Milk, 1% Plain Half Pint","Milk, 1% Plain Half Pint 25-26"
2026-09-14,CACFP Hot Dinner,CACFP Hot Dinner,Dinner,Milk,37351,"Milk, Skim Chocolate Half Pint","Milk, Skim Chocolate Half Pint 25-26"
2026-09-14,CACFP Hot Dinner,CACFP Hot Dinner,Dinner,Vegetable Sides,37441,"Potato, Sweet, Roasted (P)","Potato, Sweet, Roasted (P) 25-26"
2026-09-14,HS Homestyle Lunch,HS Homestyle Lunch,Lunch,Condiments,37929,"Sauce, Hot Sauce TX Pete's PC","Sauce, Hot Sauce TX Pete's PC 25-26"
2026-09-14,HS Homestyle Lunch,HS Homestyle Lunch,Lunch,Condiments,37884,"Sauce, Salsa Cup (P)","Sauce, Salsa Cup (P) 25-26"
2026-09-14,HS Homestyle Lunch,HS Homestyle Lunch,Lunch,Entrees,37919,Macaroni and Cheese (C) w/Cornbread Poppers (C),Macaroni and Cheese (C) w/Cornbread Poppers (C) 25-26
2026-09-14,HS Homestyle Lunch,HS Homestyle Lunch,Lunch,Entrees,38216,"Sandwich, Soy Butter and Strawberry Jelly IW","Sandwich, Soy Butter and Strawberry Jelly IW 25-26"
2026-09-14,HS Homestyle Lunch,HS Homestyle Lunch,Lunch,Entrees,37428,"Tamale, Chicken","Tamale, Chicken 25-26"
2026-09-14,HS Homestyle Lunch,HS Homestyle Lunch,Lunch,Fruit Sides,37506,"Fruit, Apple Slices IW (C)","Fruit, Apple Slices IW (C) 25-26"
2026-09-14,HS Homestyle Lunch,HS Homestyle Lunch,Lunch,Fruit Sides,38118,"Juice, 100% Apple, 4oz (Shelf-stable)","Juice, 100% Apple, 4oz (Shelf-stable) 25-26"
2026-09-14,HS Homestyle Lunch,HS Homestyle Lunch,Lunch,Grain/Other Side,37310,"Chips, Baked Lays","Chips, Baked Lays 25-26"
2026-09-14,HS Homestyle Lunch,HS Homestyle Lunch,Lunch,Milk,37349,"Milk, 1% Plain Half Pint","Milk, 1% Plain Half Pint 25-26"
2026-09-14,HS Homestyle Lunch,HS Homestyle Lunch,Lunch,Milk,37351,"Milk, Skim Chocolate Half Pint","Milk, Skim Chocolate Half Pint 25-26"
2026-09-14,HS Homestyle Lunch,HS Homestyle Lunch,Lunch,Milk,37353,"Milk, Skim Plain Half Pint","Milk, Skim Plain Half Pint 25-26"
2026-09-14,HS Homestyle Lunch,HS Homestyle Lunch,Lunch,Vegetable Sides,37295,"Carrots, Frozen, Butter Buds, Fajita","Carrots, Frozen, Butter Buds, Fajita 25-26"
2026-09-14,HS Homestyle Lunch,HS Homestyle Lunch,Lunch,Vegetable Sides,37335,"Green Beans, Butter Buds, Fajita","Green Beans, Butter Buds, Fajita 25-26"
2026-09-14,HS SS Satellite Lunch,HS SS Satellite Lunch,Lunch,Entrees,37919,Macaroni and Cheese (C) w/Cornbread Poppers (C),Macaroni and Cheese (C) w/Cornbread Poppers (C) 25-26
2026-09-14,HS SS Satellite Lunch,HS SS Satellite Lunch,Lunch,Fruit Sides,37506,"Fruit, Apple Slices IW (C)","Fruit, Apple Slices IW (C) 25-26"
2026-09-14,HS SS Satellite Lunch,HS SS Satellite Lunch,Lunch,Fruit Sides,38118,"Juice, 100% Apple, 4oz (Shelf-stable)","Juice, 100% Apple, 4oz (Shelf-stable) 25-26"
2026-09-14,HS SS Satellite Lunch,HS SS Satellite Lunch,Lunch,Milk,37349,"Milk, 1% Plain Half Pint","Milk, 1% Plain Half Pint 25-26"
2026-09-14,HS SS Satellite Lunch,HS SS Satellite Lunch,Lunch,Milk,37351,"Milk, Skim Chocolate Half Pint","Milk, Skim Chocolate Half Pint 25-26"
2026-09-14,HS SS Satellite Lunch,HS SS Satellite Lunch,Lunch,Milk,37353,"Milk, Skim Plain Half Pint","Milk, Skim Plain Half Pint 25-26"
2026-09-14,HS SS Satellite Lunch,HS SS Satellite Lunch,Lunch,Vegetable Sides,37295,"Carrots, Frozen, Butter Buds, Fajita","Carrots, Frozen, Butter Buds, Fajita 25-26"
2026-09-14,HS SS Satellite Lunch,HS SS Satellite Lunch,Lunch,Vegetable Sides,37335,"Green Beans, Butter Buds, Fajita","Green Beans, Butter Buds, Fajita 25-26"
2026-09-14,HS Sack Lunch,HS Sack Lunch,Lunch,Condiments,37390,"Mayonnaise, PC","Mayonnaise, PC 25-26"
2026-09-14,HS Sack Lunch,HS Sack Lunch,Lunch,Condiments,37455,"Ranch, Lite, PC","Ranch, Lite, PC 25-26"
2026-09-14,HS Sack Lunch,HS Sack Lunch,Lunch,Entrees,37775,Turkey Breast (C) & Cheese (C) Pullman Sandwich (H/C),Turkey Breast (C) & Cheese (C) Pullman Sandwich (H/C) 25-26
2026-09-14,HS Sack Lunch,HS Sack Lunch,Lunch,Fruit Sides,38062,"Apple, Whole, Fuji","Apple, Whole, Fuji 25-26"
2026-09-14,HS Sack Lunch,HS Sack Lunch,Lunch,Fruit Sides,38122,"Juice, 100% Fruit Punch, 4oz (Shelf-stable)","Juice, 100% Fruit Punch, 4oz (Shelf-stable) 25-26"
2026-09-14,HS Sack Lunch,HS Sack Lunch,Lunch,Grain/Other Side,37310,"Chips, Baked Lays","Chips, Baked Lays 25-26"
2026-09-14,HS Sack Lunch,HS Sack Lunch,Lunch,Milk,37349,"Milk, 1% Plain Half Pint","Milk, 1% Plain Half Pint 25-26"
2026-09-14,HS Sack Lunch,HS Sack Lunch,Lunch,Milk,37351,"Milk, Skim Chocolate Half Pint","Milk, Skim Chocolate Half Pint 25-26"
2026-09-14,HS Sack Lunch,HS Sack Lunch,Lunch,Milk,37353,"Milk, Skim Plain Half Pint","Milk, Skim Plain Half Pint 25-26"
2026-09-14,HS Sack Lunch,HS Sack Lunch,Lunch,Vegetable Sides,38071,"Carrots, Baby Raw","Carrots, Baby Raw 25-26"
2026-09-14,HS Sack Lunch,HS Sack Lunch,Lunch,Vegetable Sides,38072,"Celery, Raw","Celery, Raw 25-26"
2026-09-14,HS Satellite Lunch,HS Satellite Lunch,Lunch,Entrees,37919,Macaroni and Cheese (C) w/Cornbread Poppers (C),Macaroni and Cheese (C) w/Cornbread Poppers (C) 25-26
2026-09-14,HS Satellite Lunch,HS Satellite Lunch,Lunch,Fruit Sides,37506,"Fruit, Apple Slices IW (C)","Fruit, Apple Slices IW (C) 25-26"
2026-09-14,HS Satellite Lunch,HS Satellite Lunch,Lunch,Fruit Sides,38118,"Juice, 100% Apple, 4oz (Shelf-stable)","Juice, 100% Apple, 4oz (Shelf-stable) 25-26"
2026-09-14,HS Satellite Lunch,HS Satellite Lunch,Lunch,Milk,37349,"Milk, 1% Plain Half Pint","Milk, 1% Plain Half Pint 25-26"
2026-09-14,HS Satellite Lunch,HS Satellite Lunch,Lunch,Milk,37351,"Milk, Skim Chocolate Half Pint","Milk, Skim Chocolate Half Pint 25-26"
2026-09-14,HS Satellite Lunch,HS Satellite Lunch,Lunch,Milk,37353,"Milk, Skim Plain Half Pint","Milk, Skim Plain Half Pint 25-26"
2026-09-14,HS Satellite Lunch,HS Satellite Lunch,Lunch,Vegetable Sides,37295,"Carrots, Frozen, Butter Buds, Fajita","Carrots, Frozen, Butter Buds, Fajita 25-26"
2026-09-14,HS Satellite Lunch,HS Satellite Lunch,Lunch,Vegetable Sides,37335,"Green Beans, Butter Buds, Fajita","Green Beans, Butter Buds, Fajita 25-26"
2026-09-14,HS Snack Favorites,HS Favorites,Snack,Condiments,38262,"Dipping Sauce, Marinara (P)","Dipping Sauce, Marinara (P) 25-26"
2026-09-14,HS Snack Favorites,HS Favorites,Snack,Condiments,37842,"Ketchup, PC (P)","Ketchup, PC (P) 25-26"
2026-09-14,HS Snack Favorites,HS Favorites,Snack,Condiments,37455,"Ranch, Lite, PC","Ranch, Lite, PC 25-26"
2026-09-14,HS Snack Favorites,HS Favorites,Snack,Condiments,37883,"Sauce, BBQ Dunk Cup, PC (P)","Sauce, BBQ Dunk Cup, PC (P) 25-26"
2026-09-14,HS Snack Favorites,HS Favorites,Snack,Condiments,37914,"Sauce, Guacamole","Sauce, Guacamole 25-26"
2026-09-14,HS Snack Favorites,HS Favorites,Snack,Condiments,37929,"Sauce, Hot Sauce TX Pete's PC","Sauce, Hot Sauce TX Pete's PC 25-26"
2026-09-14,HS Snack Favorites,HS Favorites,Snack,Condiments,37884,"Sauce, Salsa Cup (P)","Sauce, Salsa Cup (P) 25-26"
2026-09-14,HS Snack Favorites,HS Favorites,Snack,Condiments,37913,"Sour Cream, Individual PC,","Sour Cream, Individual PC, 25-26"
2026-09-14,HS Snack Favorites,HS Favorites,Snack,Entrees,37524,"Beef, Spicy Taco Stick (C)","Beef, Spicy Taco Stick (C) 25-26"
2026-09-14,HS Snack Favorites,HS Favorites,Snack,Entrees,38281,"Cheesy Breadstick Bites, Chipotle Chicken (CP)","Cheesy Breadstick Bites, Chipotle Chicken (CP) 26-27"
2026-09-14,HS Snack Favorites,HS Favorites,Snack,Entrees,37442,"Chicken, Nuggets, WM w/Breadstick, Cheesy Garlic (C)","Chicken, Nuggets, WM w/Breadstick, Cheesy Garlic (C) 25-26"
2026-09-14,HS Snack Favorites,HS Favorites,Snack,Fruit Sides,37506,"Fruit, Apple Slices IW (C)","Fruit, Apple Slices IW (C) 25-26"
2026-09-14,HS Snack Favorites,HS Favorites,Snack,Fruit Sides,38118,"Juice, 100% Apple, 4oz (Shelf-stable)","Juice, 100% Apple, 4oz (Shelf-stable) 25-26"
2026-09-14,HS Snack Favorites,HS Favorites,Snack,Grain/Other Side,37310,"Chips, Baked Lays","Chips, Baked Lays 25-26"
2026-09-14,HS Snack Favorites,HS Favorites,Snack,Grain/Other Side,37459,"Pudding, Chocolate","Pudding, Chocolate 25-26"
2026-09-14,HS Snack Favorites,HS Favorites,Snack,Milk,37349,"Milk, 1% Plain Half Pint","Milk, 1% Plain Half Pint 25-26"
2026-09-14,HS Snack Favorites,HS Favorites,Snack,Milk,37351,"Milk, Skim Chocolate Half Pint","Milk, Skim Chocolate Half Pint 25-26"
2026-09-14,HS Snack Favorites,HS Favorites,Snack,Milk,37353,"Milk, Skim Plain Half Pint","Milk, Skim Plain Half Pint 25-26"
2026-09-14,HS Snack Favorites,HS Favorites,Snack,Vegetable Sides,37295,"Carrots, Frozen, Butter Buds, Fajita","Carrots, Frozen, Butter Buds, Fajita 25-26"
2026-09-14,HS Snack Favorites,HS Favorites,Snack,Vegetable Sides,37335,"Green Beans, Butter Buds, Fajita","Green Beans, Butter Buds, Fajita 25-26"
2026-09-14,K-12 Snack,K-12 Snack,Snack,Entrees,37445,"Snack, Cracker, Cheese","Snack, Cracker, Cheese 25-26"
2026-09-14,K-12 Snack,K-12 Snack,Snack,Fruit Sides,38182,"Apple, Whole, Red Delicious","Apple, Whole, Red Delicious 25-26"
2026-09-14,K-8 Lunch,K-8 Lunch,Lunch,Condiments,37929,"Sauce, Hot Sauce TX Pete's PC","Sauce, Hot Sauce TX Pete's PC 25-26"
2026-09-14,K-8 Lunch,K-8 Lunch,Lunch,Condiments,37884,"Sauce, Salsa Cup (P)","Sauce, Salsa Cup (P) 25-26"
2026-09-14,K-8 Lunch,K-8 Lunch,Lunch,Entrees,37919,Macaroni and Cheese (C) w/Cornbread Poppers (C),Macaroni and Cheese (C) w/Cornbread Poppers (C) 25-26
2026-09-14,K-8 Lunch,K-8 Lunch,Lunch,Entrees,38216,"Sandwich, Soy Butter and Strawberry Jelly IW","Sandwich, Soy Butter and Strawberry Jelly IW 25-26"
2026-09-14,K-8 Lunch,K-8 Lunch,Lunch,Entrees,37428,"Tamale, Chicken","Tamale, Chicken 25-26"
2026-09-14,K-8 Lunch,K-8 Lunch,Lunch,Fruit Sides,37506,"Fruit, Apple Slices IW (C)","Fruit, Apple Slices IW (C) 25-26"
2026-09-14,K-8 Lunch,K-8 Lunch,Lunch,Milk,37349,"Milk, 1% Plain Half Pint","Milk, 1% Plain Half Pint 25-26"
2026-09-14,K-8 Lunch,K-8 Lunch,Lunch,Milk,37351,"Milk, Skim Chocolate Half Pint","Milk, Skim Chocolate Half Pint 25-26"
2026-09-14,K-8 Lunch,K-8 Lunch,Lunch,Milk,37353,"Milk, Skim Plain Half Pint","Milk, Skim Plain Half Pint 25-26"
2026-09-14,K-8 Lunch,K-8 Lunch,Lunch,Vegetable Sides,37295,"Carrots, Frozen, Butter Buds, Fajita","Carrots, Frozen, Butter Buds, Fajita 25-26"
2026-09-14,K-8 Lunch,K-8 Lunch,Lunch,Vegetable Sides,37335,"Green Beans, Butter Buds, Fajita","Green Beans, Butter Buds, Fajita 25-26"
2026-09-14,K-8 Sack Lunch,K-8 Sack Lunch,Lunch,Condiments,37455,"Ranch, Lite, PC","Ranch, Lite, PC 25-26"
2026-09-14,K-8 Sack Lunch,K-8 Sack Lunch,Lunch,Entrees,37899,Turkey Ham (C) & American Cheese (C) Hoagie (H/C),Turkey Ham (C) & American Cheese (C) Hoagie (H/C) 25-26
2026-09-14,K-8 Sack Lunch,K-8 Sack Lunch,Lunch,Fruit Sides,38062,"Apple, Whole, Fuji","Apple, Whole, Fuji 25-26"
2026-09-14,K-8 Sack Lunch,K-8 Sack Lunch,Lunch,Milk,37349,"Milk, 1% Plain Half Pint","Milk, 1% Plain Half Pint 25-26"
2026-09-14,K-8 Sack Lunch,K-8 Sack Lunch,Lunch,Milk,37351,"Milk, Skim Chocolate Half Pint","Milk, Skim Chocolate Half Pint 25-26"
2026-09-14,K-8 Sack Lunch,K-8 Sack Lunch,Lunch,Milk,37353,"Milk, Skim Plain Half Pint","Milk, Skim Plain Half Pint 25-26"
2026-09-14,K-8 Sack Lunch,K-8 Sack Lunch,Lunch,Vegetable Sides,38071,"Carrots, Baby Raw","Carrots, Baby Raw 25-26"
2026-09-14,K-8 Sack Lunch,K-8 Sack Lunch,Lunch,Vegetable Sides,38072,"Celery, Raw","Celery, Raw 25-26"
2026-09-14,K-8 Satellite Lunch,K-8 Satellite Lunch,Lunch,Entrees,37919,Macaroni and Cheese (C) w/Cornbread Poppers (C),Macaroni and Cheese (C) w/Cornbread Poppers (C) 25-26
2026-09-14,K-8 Satellite Lunch,K-8 Satellite Lunch,Lunch,Fruit Sides,37506,"Fruit, Apple Slices IW (C)","Fruit, Apple Slices IW (C) 25-26"
2026-09-14,K-8 Satellite Lunch,K-8 Satellite Lunch,Lunch,Milk,37349,"Milk, 1% Plain Half Pint","Milk, 1% Plain Half Pint 25-26"
2026-09-14,K-8 Satellite Lunch,K-8 Satellite Lunch,Lunch,Milk,37351,"Milk, Skim Chocolate Half Pint","Milk, Skim Chocolate Half Pint 25-26"
2026-09-14,K-8 Satellite Lunch,K-8 Satellite Lunch,Lunch,Milk,37353,"Milk, Skim Plain Half Pint","Milk, Skim Plain Half Pint 25-26"
2026-09-14,K-8 Satellite Lunch,K-8 Satellite Lunch,Lunch,Vegetable Sides,37295,"Carrots, Frozen, Butter Buds, Fajita","Carrots, Frozen, Butter Buds, Fajita 25-26"
2026-09-14,K-8 Satellite Lunch,K-8 Satellite Lunch,Lunch,Vegetable Sides,37335,"Green Beans, Butter Buds, Fajita","Green Beans, Butter Buds, Fajita 25-26"
2026-09-14,MS Snack Favorites,MS Favorites,Snack,Condiments,38262,"Dipping Sauce, Marinara (P)","Dipping Sauce, Marinara (P) 25-26"
2026-09-14,MS Snack Favorites,MS Favorites,Snack,Condiments,37842,"Ketchup, PC (P)","Ketchup, PC (P) 25-26"
2026-09-14,MS Snack Favorites,MS Favorites,Snack,Condiments,37455,"Ranch, Lite, PC","Ranch, Lite, PC 25-26"
2026-09-14,MS Snack Favorites,MS Favorites,Snack,Condiments,37883,"Sauce, BBQ Dunk Cup, PC (P)","Sauce, BBQ Dunk Cup, PC (P) 25-26"
2026-09-14,MS Snack Favorites,MS Favorites,Snack,Condiments,37929,"Sauce, Hot Sauce TX Pete's PC","Sauce, Hot Sauce TX Pete's PC 25-26"
2026-09-14,MS Snack Favorites,MS Favorites,Snack,Condiments,37884,"Sauce, Salsa Cup (P)","Sauce, Salsa Cup (P) 25-26"
2026-09-14,MS Snack Favorites,MS Favorites,Snack,Entrees,37524,"Beef, Spicy Taco Stick (C)","Beef, Spicy Taco Stick (C) 25-26"
2026-09-14,MS Snack Favorites,MS Favorites,Snack,Entrees,38281,"Cheesy Breadstick Bites, Chipotle Chicken (CP)","Cheesy Breadstick Bites, Chipotle Chicken (CP) 26-27"
2026-09-14,MS Snack Favorites,MS Favorites,Snack,Entrees,37442,"Chicken, Nuggets, WM w/Breadstick, Cheesy Garlic (C)","Chicken, Nuggets, WM w/Breadstick, Cheesy Garlic (C) 25-26"
2026-09-14,MS Snack Favorites,MS Favorites,Snack,Fruit Sides,37506,"Fruit, Apple Slices IW (C)","Fruit, Apple Slices IW (C) 25-26"
2026-09-14,MS Snack Favorites,MS Favorites,Snack,Grain/Other Side,37310,"Chips, Baked Lays","Chips, Baked Lays 25-26"
2026-09-14,MS Snack Favorites,MS Favorites,Snack,Milk,37349,"Milk, 1% Plain Half Pint","Milk, 1% Plain Half Pint 25-26"
2026-09-14,MS Snack Favorites,MS Favorites,Snack,Milk,37351,"Milk, Skim Chocolate Half Pint","Milk, Skim Chocolate Half Pint 25-26"
2026-09-14,MS Snack Favorites,MS Favorites,Snack,Milk,37353,"Milk, Skim Plain Half Pint","Milk, Skim Plain Half Pint 25-26"
2026-09-14,MS Snack Favorites,MS Favorites,Snack,Vegetable Sides,37295,"Carrots, Frozen, Butter Buds, Fajita","Carrots, Frozen, Butter Buds, Fajita 25-26"
2026-09-14,MS Snack Favorites,MS Favorites,Snack,Vegetable Sides,37335,"Green Beans, Butter Buds, Fajita","Green Beans, Butter Buds, Fajita 25-26"
2026-09-14,Pre-K Lunch SS,PreK Lunch SS,Lunch,Entrees,37581,"PreK, Macaroni and Cheese (C)","PreK, Macaroni and Cheese (C) 25-26"
2026-09-14,Pre-K Lunch SS,PreK Lunch SS,Lunch,Fruit Sides,37506,"Fruit, Apple Slices IW (C)","Fruit, Apple Slices IW (C) 25-26"
2026-09-14,Pre-K Lunch SS,PreK Lunch SS,Lunch,Milk,37349,"Milk, 1% Plain Half Pint","Milk, 1% Plain Half Pint 25-26"
2026-09-14,Pre-K Lunch SS,PreK Lunch SS,Lunch,Vegetable Sides,37478,"PreK, Green Beans, Frozen, Butter Buds, Fajita 1/4 Cup (P)","PreK, Green Beans, Frozen, Butter Buds, Fajita 1/4 Cup (P) 25-26"
2026-09-14,PreK Snack,PreK Snack,Snack,Entrees,37445,"Snack, Cracker, Cheese","Snack, Cracker, Cheese 25-26"
2026-09-14,PreK Snack,PreK Snack,Snack,Fruit Sides,37456,Raisins (P),Raisins (P) 25-26
2026-09-14,Saturday Menus,Saturday Menus,Lunch,Condiments,37884,"Sauce, Salsa Cup (P)","Sauce, Salsa Cup (P) 25-26"
2026-09-14,Saturday Menus,Saturday Menus,Lunch,Entrees,37457,"Pupusa, Bean & Cheese","Pupusa, Bean & Cheese 25-26"
2026-09-14,Saturday Menus,Saturday Menus,Lunch,Fruit Sides,38088,"Orange, Whole Cut 138 ct. (P)","Orange, Whole Cut 138 ct. (P) 25-26"
2026-09-14,Saturday Menus,Saturday Menus,Lunch,Milk,37349,"Milk, 1% Plain Half Pint","Milk, 1% Plain Half Pint 25-26"
2026-09-14,Saturday Menus,Saturday Menus,Lunch,Milk,37351,"Milk, Skim Chocolate Half Pint","Milk, Skim Chocolate Half Pint 25-26"
2026-09-14,Saturday Menus,Saturday Menus,Lunch,Milk,37353,"Milk, Skim Plain Half Pint","Milk, Skim Plain Half Pint 25-26"
2026-09-14,Saturday Menus,Saturday Menus,Lunch,Vegetable Sides,37438,"Peas & Carrots, Blend, Butter Buds, Fajita","Peas & Carrots, Blend, Butter Buds, Fajita 25-26"
2026-09-15,Breakfast SS K-12,Breakfast SS K-12,Breakfast,Fruit,37534,"Fruit, Applesauce Cup, Individual, Strawberry (CP)","Fruit, Applesauce Cup, Individual, Strawberry (CP) 25-26"
2026-09-15,Breakfast SS K-12,Breakfast SS K-12,Breakfast,Fruit,38118,"Juice, 100% Apple, 4oz (Shelf-stable)","Juice, 100% Apple, 4oz (Shelf-stable) 25-26"
2026-09-15,Breakfast SS K-12,Breakfast SS K-12,Breakfast,Grain/ M/MA,37726,"Breakfast, Stuffed Egg & Cheese Hashbrown (C)","Breakfast, Stuffed Egg & Cheese Hashbrown (C) 25-26"
2026-09-15,Breakfast SS K-12,Breakfast SS K-12,Breakfast,Milk,37349,"Milk, 1% Plain Half Pint","Milk, 1% Plain Half Pint 25-26"
2026-09-15,Breakfast SS K-12,Breakfast SS K-12,Breakfast,Milk,37353,"Milk, Skim Plain Half Pint","Milk, Skim Plain Half Pint 25-26"
2026-09-15,Breakfast SS Pre-K,Breakfast SS PreK,Breakfast,Fruit,37534,"Fruit, Applesauce Cup, Individual, Strawberry (CP)","Fruit, Applesauce Cup, Individual, Strawberry (CP) 25-26"
2026-09-15,Breakfast SS Pre-K,Breakfast SS PreK,Breakfast,Grain/ M/MA,37726,"Breakfast, Stuffed Egg & Cheese Hashbrown (C)","Breakfast, Stuffed Egg & Cheese Hashbrown (C) 25-26"
2026-09-15,Breakfast SS Pre-K,Breakfast SS PreK,Breakfast,Milk,37349,"Milk, 1% Plain Half Pint","Milk, 1% Plain Half Pint 25-26"
2026-09-15,Breakfast Traditional OVS K-12,Breakfast Traditional OVS K-12,Breakfast,Condiments/ Side,37535,"Crackers, Blueberry Crisp","Crackers, Blueberry Crisp 25-26"
2026-09-15,Breakfast Traditional OVS K-12,Breakfast Traditional OVS K-12,Breakfast,Fruit,37534,"Fruit, Applesauce Cup, Individual, Strawberry (CP)","Fruit, Applesauce Cup, Individual, Strawberry (CP) 25-26"
2026-09-15,Breakfast Traditional OVS K-12,Breakfast Traditional OVS K-12,Breakfast,Fruit,38118,"Juice, 100% Apple, 4oz (Shelf-stable)","Juice, 100% Apple, 4oz (Shelf-stable) 25-26"
2026-09-15,Breakfast Traditional OVS K-12,Breakfast Traditional OVS K-12,Breakfast,Grain/ M/MA,37663,"Breakfast Bundle, Cinnamon Toast Crunch Cereal w/Mozzarella Cheese Stick (C)","Breakfast Bundle, Cinnamon Toast Crunch Cereal w/Mozzarella Cheese Stick (C) 25-26"
2026-09-15,Breakfast Traditional OVS K-12,Breakfast Traditional OVS K-12,Breakfast,Grain/ M/MA,37450,"Sandwich, Breakfast Beef Sausage IW (C)","Sandwich, Breakfast Beef Sausage IW (C) 25-26"
2026-09-15,Breakfast Traditional OVS K-12,Breakfast Traditional OVS K-12,Breakfast,Milk,37349,"Milk, 1% Plain Half Pint","Milk, 1% Plain Half Pint 25-26"
2026-09-15,Breakfast Traditional OVS K-12,Breakfast Traditional OVS K-12,Breakfast,Milk,37353,"Milk, Skim Plain Half Pint","Milk, Skim Plain Half Pint 25-26"
2026-09-15,CACFP Cold Dinner,CACFP Cold Dinner,Dinner,Condiments,37455,"Ranch, Lite, PC","Ranch, Lite, PC 25-26"
2026-09-15,CACFP Cold Dinner,CACFP Cold Dinner,Dinner,Entrees,37591,"Sandwich, Soy Butter and Jelly IW","Sandwich, Soy Butter and Jelly IW 25-26"
2026-09-15,CACFP Cold Dinner,CACFP Cold Dinner,Dinner,Fruit Sides,38123,"Craisins, Dried, Cherry","Craisins, Dried, Cherry 25-26"
2026-09-15,CACFP Cold Dinner,CACFP Cold Dinner,Dinner,Milk,37349,"Milk, 1% Plain Half Pint","Milk, 1% Plain Half Pint 25-26"
2026-09-15,CACFP Cold Dinner,CACFP Cold Dinner,Dinner,Milk,37351,"Milk, Skim Chocolate Half Pint","Milk, Skim Chocolate Half Pint 25-26"
2026-09-15,CACFP Cold Dinner,CACFP Cold Dinner,Dinner,Vegetable Sides,38071,"Carrots, Baby Raw","Carrots, Baby Raw 25-26"
2026-09-15,CACFP Hot Dinner,CACFP Hot Dinner,Dinner,Condiments,38262,"Dipping Sauce, Marinara (P)","Dipping Sauce, Marinara (P) 25-26"
2026-09-15,CACFP Hot Dinner,CACFP Hot Dinner,Dinner,Condiments,37455,"Ranch, Lite, PC","Ranch, Lite, PC 25-26"
2026-09-15,CACFP Hot Dinner,CACFP Hot Dinner,Dinner,Entrees,37940,"Calzone, Mini Cheese","Calzone, Mini Cheese 25-26"
2026-09-15,CACFP Hot Dinner,CACFP Hot Dinner,Dinner,Fruit Sides,37434,"Peaches, Diced (Drained)","Peaches, Diced (Drained) 25-26"
2026-09-15,CACFP Hot Dinner,CACFP Hot Dinner,Dinner,Milk,37349,"Milk, 1% Plain Half Pint","Milk, 1% Plain Half Pint 25-26"
2026-09-15,CACFP Hot Dinner,CACFP Hot Dinner,Dinner,Milk,37351,"Milk, Skim Chocolate Half Pint","Milk, Skim Chocolate Half Pint 25-26"
2026-09-15,CACFP Hot Dinner,CACFP Hot Dinner,Dinner,Vegetable Sides,37438,"Peas & Carrots, Blend, Butter Buds, Fajita","Peas & Carrots, Blend, Butter Buds, Fajita 25-26"
2026-09-15,HS Homestyle Lunch,HS Homestyle Lunch,Lunch,Condiments,37914,"Sauce, Guacamole","Sauce, Guacamole 25-26"
2026-09-15,HS Homestyle Lunch,HS Homestyle Lunch,Lunch,Condiments,37929,"Sauce, Hot Sauce TX Pete's PC","Sauce, Hot Sauce TX Pete's PC 25-26"
2026-09-15,HS Homestyle Lunch,HS Homestyle Lunch,Lunch,Condiments,37884,"Sauce, Salsa Cup (P)","Sauce, Salsa Cup (P) 25-26"
2026-09-15,HS Homestyle Lunch,HS Homestyle Lunch,Lunch,Condiments,37443,"Tajin, PC","Tajin, PC 25-26"
2026-09-15,HS Homestyle Lunch,HS Homestyle Lunch,Lunch,Entrees,38060,"Bistro, Flatbread (C), Southwest Chicken (CP) Sandwich HS","Bistro, Flatbread (C), Southwest Chicken (CP) Sandwich HS 25-26"
2026-09-15,HS Homestyle Lunch,HS Homestyle Lunch,Lunch,Entrees,38216,"Sandwich, Soy Butter and Strawberry Jelly IW","Sandwich, Soy Butter and Strawberry Jelly IW 25-26"
2026-09-15,HS Homestyle Lunch,HS Homestyle Lunch,Lunch,Entrees,37595,"Taco, Beef & Cheese, CrispUp (C)","Taco, Beef & Cheese, CrispUp (C) 25-26"
2026-09-15,HS Homestyle Lunch,HS Homestyle Lunch,Lunch,Fruit Sides,38118,"Juice, 100% Apple, 4oz (Shelf-stable)","Juice, 100% Apple, 4oz (Shelf-stable) 25-26"
2026-09-15,HS Homestyle Lunch,HS Homestyle Lunch,Lunch,Fruit Sides,37434,"Peaches, Diced (Drained)","Peaches, Diced (Drained) 25-26"
2026-09-15,HS Homestyle Lunch,HS Homestyle Lunch,Lunch,Grain/Other Side,37970,"ALC, Cookie, Chocolate Chip, Dough","ALC, Cookie, Chocolate Chip, Dough 25-26"
2026-09-15,HS Homestyle Lunch,HS Homestyle Lunch,Lunch,Milk,37349,"Milk, 1% Plain Half Pint","Milk, 1% Plain Half Pint 25-26"
2026-09-15,HS Homestyle Lunch,HS Homestyle Lunch,Lunch,Milk,37351,"Milk, Skim Chocolate Half Pint","Milk, Skim Chocolate Half Pint 25-26"
2026-09-15,HS Homestyle Lunch,HS Homestyle Lunch,Lunch,Milk,37353,"Milk, Skim Plain Half Pint","Milk, Skim Plain Half Pint 25-26"
2026-09-15,HS Homestyle Lunch,HS Homestyle Lunch,Lunch,Vegetable Sides,38273,"Beans, Charro","Beans, Charro 26-27"
2026-09-15,HS Homestyle Lunch,HS Homestyle Lunch,Lunch,Vegetable Sides,38101,"Corn, Roasted Street","Corn, Roasted Street 25-26"
2026-09-15,HS SS Satellite Lunch,HS SS Satellite Lunch,Lunch,Condiments,37914,"Sauce, Guacamole","Sauce, Guacamole 25-26"
2026-09-15,HS SS Satellite Lunch,HS SS Satellite Lunch,Lunch,Condiments,37929,"Sauce, Hot Sauce TX Pete's PC","Sauce, Hot Sauce TX Pete's PC 25-26"
2026-09-15,HS SS Satellite Lunch,HS SS Satellite Lunch,Lunch,Condiments,37884,"Sauce, Salsa Cup (P)","Sauce, Salsa Cup (P) 25-26"
2026-09-15,HS SS Satellite Lunch,HS SS Satellite Lunch,Lunch,Condiments,37443,"Tajin, PC","Tajin, PC 25-26"
2026-09-15,HS SS Satellite Lunch,HS SS Satellite Lunch,Lunch,Entrees,37595,"Taco, Beef & Cheese, CrispUp (C)","Taco, Beef & Cheese, CrispUp (C) 25-26"
2026-09-15,HS SS Satellite Lunch,HS SS Satellite Lunch,Lunch,Fruit Sides,38118,"Juice, 100% Apple, 4oz (Shelf-stable)","Juice, 100% Apple, 4oz (Shelf-stable) 25-26"
2026-09-15,HS SS Satellite Lunch,HS SS Satellite Lunch,Lunch,Fruit Sides,37434,"Peaches, Diced (Drained)","Peaches, Diced (Drained) 25-26"
2026-09-15,HS SS Satellite Lunch,HS SS Satellite Lunch,Lunch,Grain/Other Side,37970,"ALC, Cookie, Chocolate Chip, Dough","ALC, Cookie, Chocolate Chip, Dough 25-26"
2026-09-15,HS SS Satellite Lunch,HS SS Satellite Lunch,Lunch,Milk,37349,"Milk, 1% Plain Half Pint","Milk, 1% Plain Half Pint 25-26"
2026-09-15,HS SS Satellite Lunch,HS SS Satellite Lunch,Lunch,Milk,37351,"Milk, Skim Chocolate Half Pint","Milk, Skim Chocolate Half Pint 25-26"
2026-09-15,HS SS Satellite Lunch,HS SS Satellite Lunch,Lunch,Milk,37353,"Milk, Skim Plain Half Pint","Milk, Skim Plain Half Pint 25-26"
2026-09-15,HS SS Satellite Lunch,HS SS Satellite Lunch,Lunch,Vegetable Sides,38273,"Beans, Charro","Beans, Charro 26-27"
2026-09-15,HS SS Satellite Lunch,HS SS Satellite Lunch,Lunch,Vegetable Sides,38101,"Corn, Roasted Street","Corn, Roasted Street 25-26"
2026-09-15,HS Sack Lunch,HS Sack Lunch,Lunch,Condiments,37390,"Mayonnaise, PC","Mayonnaise, PC 25-26"
2026-09-15,HS Sack Lunch,HS Sack Lunch,Lunch,Condiments,37398,"Mustard, PC","Mustard, PC 25-26"
2026-09-15,HS Sack Lunch,HS Sack Lunch,Lunch,Condiments,37455,"Ranch, Lite, PC","Ranch, Lite, PC 25-26"
2026-09-15,HS Sack Lunch,HS Sack Lunch,Lunch,Entrees,37899,Turkey Ham (C) & American Cheese (C) Hoagie (H/C),Turkey Ham (C) & American Cheese (C) Hoagie (H/C) 25-26
2026-09-15,HS Sack Lunch,HS Sack Lunch,Lunch,Fruit Sides,38122,"Juice, 100% Fruit Punch, 4oz (Shelf-stable)","Juice, 100% Fruit Punch, 4oz (Shelf-stable) 25-26"
2026-09-15,HS Sack Lunch,HS Sack Lunch,Lunch,Fruit Sides,38088,"Orange, Whole Cut 138 ct. (P)","Orange, Whole Cut 138 ct. (P) 25-26"
2026-09-15,HS Sack Lunch,HS Sack Lunch,Lunch,Grain/Other Side,37310,"Chips, Baked Lays","Chips, Baked Lays 25-26"
2026-09-15,HS Sack Lunch,HS Sack Lunch,Lunch,Milk,37349,"Milk, 1% Plain Half Pint","Milk, 1% Plain Half Pint 25-26"
2026-09-15,HS Sack Lunch,HS Sack Lunch,Lunch,Milk,37351,"Milk, Skim Chocolate Half Pint","Milk, Skim Chocolate Half Pint 25-26"
2026-09-15,HS Sack Lunch,HS Sack Lunch,Lunch,Milk,37353,"Milk, Skim Plain Half Pint","Milk, Skim Plain Half Pint 25-26"
2026-09-15,HS Sack Lunch,HS Sack Lunch,Lunch,Vegetable Sides,38111,"Corn, Salad 1/2c","Corn, Salad 1/2c 25-26"
2026-09-15,HS Sack Lunch,HS Sack Lunch,Lunch,Vegetable Sides,38093,"Cucumber Slices, Raw Whole","Cucumber Slices, Raw Whole 25-26"
2026-09-15,HS Satellite Lunch,HS Satellite Lunch,Lunch,Condiments,37914,"Sauce, Guacamole","Sauce, Guacamole 25-26"
2026-09-15,HS Satellite Lunch,HS Satellite Lunch,Lunch,Condiments,37929,"Sauce, Hot Sauce TX Pete's PC","Sauce, Hot Sauce TX Pete's PC 25-26"
2026-09-15,HS Satellite Lunch,HS Satellite Lunch,Lunch,Condiments,37884,"Sauce, Salsa Cup (P)","Sauce, Salsa Cup (P) 25-26"
2026-09-15,HS Satellite Lunch,HS Satellite Lunch,Lunch,Condiments,37443,"Tajin, PC","Tajin, PC 25-26"
2026-09-15,HS Satellite Lunch,HS Satellite Lunch,Lunch,Entrees,37595,"Taco, Beef & Cheese, CrispUp (C)","Taco, Beef & Cheese, CrispUp (C) 25-26"
2026-09-15,HS Satellite Lunch,HS Satellite Lunch,Lunch,Fruit Sides,38118,"Juice, 100% Apple, 4oz (Shelf-stable)","Juice, 100% Apple, 4oz (Shelf-stable) 25-26"
2026-09-15,HS Satellite Lunch,HS Satellite Lunch,Lunch,Fruit Sides,37434,"Peaches, Diced (Drained)","Peaches, Diced (Drained) 25-26"
2026-09-15,HS Satellite Lunch,HS Satellite Lunch,Lunch,Grain/Other Side,37970,"ALC, Cookie, Chocolate Chip, Dough","ALC, Cookie, Chocolate Chip, Dough 25-26"
2026-09-15,HS Satellite Lunch,HS Satellite Lunch,Lunch,Milk,37349,"Milk, 1% Plain Half Pint","Milk, 1% Plain Half Pint 25-26"
2026-09-15,HS Satellite Lunch,HS Satellite Lunch,Lunch,Milk,37351,"Milk, Skim Chocolate Half Pint","Milk, Skim Chocolate Half Pint 25-26"
2026-09-15,HS Satellite Lunch,HS Satellite Lunch,Lunch,Milk,37353,"Milk, Skim Plain Half Pint","Milk, Skim Plain Half Pint 25-26"
2026-09-15,HS Satellite Lunch,HS Satellite Lunch,Lunch,Vegetable Sides,38273,"Beans, Charro","Beans, Charro 26-27"
2026-09-15,HS Satellite Lunch,HS Satellite Lunch,Lunch,Vegetable Sides,38101,"Corn, Roasted Street","Corn, Roasted Street 25-26"
2026-09-15,HS Snack Favorites,HS Favorites,Snack,Condiments,37842,"Ketchup, PC (P)","Ketchup, PC (P) 25-26"
2026-09-15,HS Snack Favorites,HS Favorites,Snack,Condiments,37398,"Mustard, PC","Mustard, PC 25-26"
2026-09-15,HS Snack Favorites,HS Favorites,Snack,Condiments,37914,"Sauce, Guacamole","Sauce, Guacamole 25-26"
2026-09-15,HS Snack Favorites,HS Favorites,Snack,Condiments,37929,"Sauce, Hot Sauce TX Pete's PC","Sauce, Hot Sauce TX Pete's PC 25-26"
2026-09-15,HS Snack Favorites,HS Favorites,Snack,Condiments,37884,"Sauce, Salsa Cup (P)","Sauce, Salsa Cup (P) 25-26"
2026-09-15,HS Snack Favorites,HS Favorites,Snack,Condiments,37913,"Sour Cream, Individual PC,","Sour Cream, Individual PC, 25-26"
2026-09-15,HS Snack Favorites,HS Favorites,Snack,Entrees,38259,"Chicken, Shredded (CP) w/Cheese (C) Soft Taco","Chicken, Shredded (CP) w/Cheese (C) Soft Taco 26-27"
2026-09-15,HS Snack Favorites,HS Favorites,Snack,Entrees,37919,Macaroni and Cheese (C) w/Cornbread Poppers (C),Macaroni and Cheese (C) w/Cornbread Poppers (C) 25-26
2026-09-15,HS Snack Favorites,HS Favorites,Snack,Entrees,37923,"Turkey (C), Hot Dog","Turkey (C), Hot Dog 25-26"
2026-09-15,HS Snack Favorites,HS Favorites,Snack,Fruit Sides,38118,"Juice, 100% Apple, 4oz (Shelf-stable)","Juice, 100% Apple, 4oz (Shelf-stable) 25-26"
2026-09-15,HS Snack Favorites,HS Favorites,Snack,Fruit Sides,37434,"Peaches, Diced (Drained)","Peaches, Diced (Drained) 25-26"
2026-09-15,HS Snack Favorites,HS Favorites,Snack,Grain/Other Side,37310,"Chips, Baked Lays","Chips, Baked Lays 25-26"
2026-09-15,HS Snack Favorites,HS Favorites,Snack,Grain/Other Side,37459,"Pudding, Chocolate","Pudding, Chocolate 25-26"
2026-09-15,HS Snack Favorites,HS Favorites,Snack,Milk,37349,"Milk, 1% Plain Half Pint","Milk, 1% Plain Half Pint 25-26"
2026-09-15,HS Snack Favorites,HS Favorites,Snack,Milk,37351,"Milk, Skim Chocolate Half Pint","Milk, Skim Chocolate Half Pint 25-26"
2026-09-15,HS Snack Favorites,HS Favorites,Snack,Milk,37353,"Milk, Skim Plain Half Pint","Milk, Skim Plain Half Pint 25-26"
2026-09-15,HS Snack Favorites,HS Favorites,Snack,Vegetable Sides,38273,"Beans, Charro","Beans, Charro 26-27"
2026-09-15,HS Snack Favorites,HS Favorites,Snack,Vegetable Sides,38101,"Corn, Roasted Street","Corn, Roasted Street 25-26"
2026-09-15,K-12 Snack,K-12 Snack,Snack,Entrees,37362,"Cracker, Crispy Veggie","Cracker, Crispy Veggie 25-26"
2026-09-15,K-12 Snack,K-12 Snack,Snack,Fruit Sides,38131,"Juice, 100% Apple, 6oz (Shelf-stable)","Juice, 100% Apple, 6oz (Shelf-stable) 25-26"
2026-09-15,K-8 Lunch,K-8 Lunch,Lunch,Condiments,37914,"Sauce, Guacamole","Sauce, Guacamole 25-26"
2026-09-15,K-8 Lunch,K-8 Lunch,Lunch,Condiments,37929,"Sauce, Hot Sauce TX Pete's PC","Sauce, Hot Sauce TX Pete's PC 25-26"
2026-09-15,K-8 Lunch,K-8 Lunch,Lunch,Condiments,37884,"Sauce, Salsa Cup (P)","Sauce, Salsa Cup (P) 25-26"
2026-09-15,K-8 Lunch,K-8 Lunch,Lunch,Condiments,37443,"Tajin, PC","Tajin, PC 25-26"
2026-09-15,K-8 Lunch,K-8 Lunch,Lunch,Entrees,38055,"Bistro, Flatbread (C), Southwest Chicken (CP) Sandwich K-8","Bistro, Flatbread (C), Southwest Chicken (CP) Sandwich K-8 25-26"
2026-09-15,K-8 Lunch,K-8 Lunch,Lunch,Entrees,38216,"Sandwich, Soy Butter and Strawberry Jelly IW","Sandwich, Soy Butter and Strawberry Jelly IW 25-26"
2026-09-15,K-8 Lunch,K-8 Lunch,Lunch,Entrees,37595,"Taco, Beef & Cheese, CrispUp (C)","Taco, Beef & Cheese, CrispUp (C) 25-26"
2026-09-15,K-8 Lunch,K-8 Lunch,Lunch,Fruit Sides,37434,"Peaches, Diced (Drained)","Peaches, Diced (Drained) 25-26"
2026-09-15,K-8 Lunch,K-8 Lunch,Lunch,Milk,37349,"Milk, 1% Plain Half Pint","Milk, 1% Plain Half Pint 25-26"
2026-09-15,K-8 Lunch,K-8 Lunch,Lunch,Milk,37351,"Milk, Skim Chocolate Half Pint","Milk, Skim Chocolate Half Pint 25-26"
2026-09-15,K-8 Lunch,K-8 Lunch,Lunch,Milk,37353,"Milk, Skim Plain Half Pint","Milk, Skim Plain Half Pint 25-26"
2026-09-15,K-8 Lunch,K-8 Lunch,Lunch,Vegetable Sides,38273,"Beans, Charro","Beans, Charro 26-27"
2026-09-15,K-8 Lunch,K-8 Lunch,Lunch,Vegetable Sides,38101,"Corn, Roasted Street","Corn, Roasted Street 25-26"
2026-09-15,K-8 Sack Lunch,K-8 Sack Lunch,Lunch,Entrees,37775,Turkey Breast (C) & Cheese (C) Pullman Sandwich (H/C),Turkey Breast (C) & Cheese (C) Pullman Sandwich (H/C) 25-26
2026-09-15,K-8 Sack Lunch,K-8 Sack Lunch,Lunch,Fruit Sides,38088,"Orange, Whole Cut 138 ct. (P)","Orange, Whole Cut 138 ct. (P) 25-26"
2026-09-15,K-8 Sack Lunch,K-8 Sack Lunch,Lunch,Grain/Other Side,37310,"Chips, Baked Lays","Chips, Baked Lays 25-26"
2026-09-15,K-8 Sack Lunch,K-8 Sack Lunch,Lunch,Milk,37349,"Milk, 1% Plain Half Pint","Milk, 1% Plain Half Pint 25-26"
2026-09-15,K-8 Sack Lunch,K-8 Sack Lunch,Lunch,Milk,37351,"Milk, Skim Chocolate Half Pint","Milk, Skim Chocolate Half Pint 25-26"
2026-09-15,K-8 Sack Lunch,K-8 Sack Lunch,Lunch,Milk,37353,"Milk, Skim Plain Half Pint","Milk, Skim Plain Half Pint 25-26"
2026-09-15,K-8 Sack Lunch,K-8 Sack Lunch,Lunch,Vegetable Sides,38111,"Corn, Salad 1/2c","Corn, Salad 1/2c 25-26"
2026-09-15,K-8 Sack Lunch,K-8 Sack Lunch,Lunch,Vegetable Sides,38093,"Cucumber Slices, Raw Whole","Cucumber Slices, Raw Whole 25-26"
2026-09-15,K-8 Satellite Lunch,K-8 Satellite Lunch,Lunch,Condiments,37929,"Sauce, Hot Sauce TX Pete's PC","Sauce, Hot Sauce TX Pete's PC 25-26"
2026-09-15,K-8 Satellite Lunch,K-8 Satellite Lunch,Lunch,Condiments,37884,"Sauce, Salsa Cup (P)","Sauce, Salsa Cup (P) 25-26"
2026-09-15,K-8 Satellite Lunch,K-8 Satellite Lunch,Lunch,Entrees,37595,"Taco, Beef & Cheese, CrispUp (C)","Taco, Beef & Cheese, CrispUp (C) 25-26"
2026-09-15,K-8 Satellite Lunch,K-8 Satellite Lunch,Lunch,Fruit Sides,37434,"Peaches, Diced (Drained)","Peaches, Diced (Drained) 25-26"
2026-09-15,K-8 Satellite Lunch,K-8 Satellite Lunch,Lunch,Milk,37349,"Milk, 1% Plain Half Pint","Milk, 1% Plain Half Pint 25-26"
2026-09-15,K-8 Satellite Lunch,K-8 Satellite Lunch,Lunch,Milk,37351,"Milk, Skim Chocolate Half Pint","Milk, Skim Chocolate Half Pint 25-26"
2026-09-15,K-8 Satellite Lunch,K-8 Satellite Lunch,Lunch,Milk,37353,"Milk, Skim Plain Half Pint","Milk, Skim Plain Half Pint 25-26"
2026-09-15,K-8 Satellite Lunch,K-8 Satellite Lunch,Lunch,Vegetable Sides,38273,"Beans, Charro","Beans, Charro 26-27"
2026-09-15,K-8 Satellite Lunch,K-8 Satellite Lunch,Lunch,Vegetable Sides,37316,"Corn, Frozen, Butter Buds, Fajita","Corn, Frozen, Butter Buds, Fajita 25-26"
2026-09-15,MS Snack Favorites,MS Favorites,Snack,Condiments,37842,"Ketchup, PC (P)","Ketchup, PC (P) 25-26"
2026-09-15,MS Snack Favorites,MS Favorites,Snack,Condiments,37398,"Mustard, PC","Mustard, PC 25-26"
2026-09-15,MS Snack Favorites,MS Favorites,Snack,Condiments,37914,"Sauce, Guacamole","Sauce, Guacamole 25-26"
2026-09-15,MS Snack Favorites,MS Favorites,Snack,Condiments,37929,"Sauce, Hot Sauce TX Pete's PC","Sauce, Hot Sauce TX Pete's PC 25-26"
2026-09-15,MS Snack Favorites,MS Favorites,Snack,Condiments,37884,"Sauce, Salsa Cup (P)","Sauce, Salsa Cup (P) 25-26"
2026-09-15,MS Snack Favorites,MS Favorites,Snack,Entrees,38259,"Chicken, Shredded (CP) w/Cheese (C) Soft Taco","Chicken, Shredded (CP) w/Cheese (C) Soft Taco 26-27"
2026-09-15,MS Snack Favorites,MS Favorites,Snack,Entrees,37919,Macaroni and Cheese (C) w/Cornbread Poppers (C),Macaroni and Cheese (C) w/Cornbread Poppers (C) 25-26
2026-09-15,MS Snack Favorites,MS Favorites,Snack,Entrees,37923,"Turkey (C), Hot Dog","Turkey (C), Hot Dog 25-26"
2026-09-15,MS Snack Favorites,MS Favorites,Snack,Fruit Sides,37434,"Peaches, Diced (Drained)","Peaches, Diced (Drained) 25-26"
2026-09-15,MS Snack Favorites,MS Favorites,Snack,Milk,37349,"Milk, 1% Plain Half Pint","Milk, 1% Plain Half Pint 25-26"
2026-09-15,MS Snack Favorites,MS Favorites,Snack,Milk,37351,"Milk, Skim Chocolate Half Pint","Milk, Skim Chocolate Half Pint 25-26"
2026-09-15,MS Snack Favorites,MS Favorites,Snack,Milk,37353,"Milk, Skim Plain Half Pint","Milk, Skim Plain Half Pint 25-26"
2026-09-15,MS Snack Favorites,MS Favorites,Snack,Vegetable Sides,38273,"Beans, Charro","Beans, Charro 26-27"
2026-09-15,MS Snack Favorites,MS Favorites,Snack,Vegetable Sides,38101,"Corn, Roasted Street","Corn, Roasted Street 25-26"
2026-09-15,Pre-K Lunch SS,PreK Lunch SS,Lunch,Entrees,37595,"Taco, Beef & Cheese, CrispUp (C)","Taco, Beef & Cheese, CrispUp (C) 25-26"
2026-09-15,Pre-K Lunch SS,PreK Lunch SS,Lunch,Fruit Sides,37474,"PreK, Peaches, Diced 1/4 Cup","PreK, Peaches, Diced 1/4 Cup 25-26"
2026-09-15,Pre-K Lunch SS,PreK Lunch SS,Lunch,Milk,37349,"Milk, 1% Plain Half Pint","Milk, 1% Plain Half Pint 25-26"
2026-09-15,Pre-K Lunch SS,PreK Lunch SS,Lunch,Vegetable Sides,38275,"PreK, Beans, Charro 1/4 cup","PreK, Beans, Charro 1/4 cup 26-27"
2026-09-15,PreK Snack,PreK Snack,Snack,Entrees,37362,"Cracker, Crispy Veggie","Cracker, Crispy Veggie 25-26"
2026-09-15,PreK Snack,PreK Snack,Snack,Fruit Sides,38131,"Juice, 100% Apple, 6oz (Shelf-stable)","Juice, 100% Apple, 6oz (Shelf-stable) 25-26"
2026-09-15,Saturday Menus,Saturday Menus,Lunch,Condiments,37390,"Mayonnaise, PC","Mayonnaise, PC 25-26"
2026-09-15,Saturday Menus,Saturday Menus,Lunch,Condiments,37398,"Mustard, PC","Mustard, PC 25-26"
2026-09-15,Saturday Menus,Saturday Menus,Lunch,Condiments,37455,"Ranch, Lite, PC","Ranch, Lite, PC 25-26"
2026-09-15,Saturday Menus,Saturday Menus,Lunch,Entrees,37681,"Sandwich, Hoagie, Turkey Ham & Cheese on WG Roll IW","Sandwich, Hoagie, Turkey Ham & Cheese on WG Roll IW 25-26"
2026-09-15,Saturday Menus,Saturday Menus,Lunch,Fruit Sides,38088,"Orange, Whole Cut 138 ct. (P)","Orange, Whole Cut 138 ct. (P) 25-26"
2026-09-15,Saturday Menus,Saturday Menus,Lunch,Milk,37349,"Milk, 1% Plain Half Pint","Milk, 1% Plain Half Pint 25-26"
2026-09-15,Saturday Menus,Saturday Menus,Lunch,Milk,37351,"Milk, Skim Chocolate Half Pint","Milk, Skim Chocolate Half Pint 25-26"
2026-09-15,Saturday Menus,Saturday Menus,Lunch,Milk,37353,"Milk, Skim Plain Half Pint","Milk, Skim Plain Half Pint 25-26"
2026-09-15,Saturday Menus,Saturday Menus,Lunch,Vegetable Sides,38072,"Celery, Raw","Celery, Raw 25-26"
2026-09-16,Breakfast SS K-12,Breakfast SS K-12,Breakfast,Fruit,38063,"Banana, Whole","Banana, Whole 25-26"
2026-09-16,Breakfast SS K-12,Breakfast SS K-12,Breakfast,Fruit,38118,"Juice, 100% Apple, 4oz (Shelf-stable)","Juice, 100% Apple, 4oz (Shelf-stable) 25-26"
2026-09-16,Breakfast SS K-12,Breakfast SS K-12,Breakfast,Grain/ M/MA,37347,"Kolache, BRK, Maple Sausage, IW, 2oz","Kolache, BRK, Maple Sausage, IW, 2oz 25-26"
2026-09-16,Breakfast SS K-12,Breakfast SS K-12,Breakfast,Grain/ M/MA,37422,"Yogurt, Strawberry 4oz","Yogurt, Strawberry 4oz 25-26"
2026-09-16,Breakfast SS K-12,Breakfast SS K-12,Breakfast,Milk,37349,"Milk, 1% Plain Half Pint","Milk, 1% Plain Half Pint 25-26"
2026-09-16,Breakfast SS K-12,Breakfast SS K-12,Breakfast,Milk,37353,"Milk, Skim Plain Half Pint","Milk, Skim Plain Half Pint 25-26"
2026-09-16,Breakfast SS Pre-K,Breakfast SS PreK,Breakfast,Fruit,38118,"Juice, 100% Apple, 4oz (Shelf-stable)","Juice, 100% Apple, 4oz (Shelf-stable) 25-26"
2026-09-16,Breakfast SS Pre-K,Breakfast SS PreK,Breakfast,Grain/ M/MA,37347,"Kolache, BRK, Maple Sausage, IW, 2oz","Kolache, BRK, Maple Sausage, IW, 2oz 25-26"
2026-09-16,Breakfast SS Pre-K,Breakfast SS PreK,Breakfast,Milk,37349,"Milk, 1% Plain Half Pint","Milk, 1% Plain Half Pint 25-26"
2026-09-16,Breakfast Traditional OVS K-12,Breakfast Traditional OVS K-12,Breakfast,Condiments/ Side,37321,"Cracker, Educational Farmers MRKT","Cracker, Educational Farmers MRKT 25-26"
2026-09-16,Breakfast Traditional OVS K-12,Breakfast Traditional OVS K-12,Breakfast,Fruit,38063,"Banana, Whole","Banana, Whole 25-26"
2026-09-16,Breakfast Traditional OVS K-12,Breakfast Traditional OVS K-12,Breakfast,Fruit,38118,"Juice, 100% Apple, 4oz (Shelf-stable)","Juice, 100% Apple, 4oz (Shelf-stable) 25-26"
2026-09-16,Breakfast Traditional OVS K-12,Breakfast Traditional OVS K-12,Breakfast,Grain/ M/MA,37497,"Bread, Cowboy Bread, (IW)","Bread, Cowboy Bread, (IW) 25-26"
2026-09-16,Breakfast Traditional OVS K-12,Breakfast Traditional OVS K-12,Breakfast,Grain/ M/MA,37347,"Kolache, BRK, Maple Sausage, IW, 2oz","Kolache, BRK, Maple Sausage, IW, 2oz 25-26"
2026-09-16,Breakfast Traditional OVS K-12,Breakfast Traditional OVS K-12,Breakfast,Milk,37349,"Milk, 1% Plain Half Pint","Milk, 1% Plain Half Pint 25-26"
2026-09-16,Breakfast Traditional OVS K-12,Breakfast Traditional OVS K-12,Breakfast,Milk,37353,"Milk, Skim Plain Half Pint","Milk, Skim Plain Half Pint 25-26"
2026-09-16,CACFP Cold Dinner,CACFP Cold Dinner,Dinner,Condiments,37390,"Mayonnaise, PC","Mayonnaise, PC 25-26"
2026-09-16,CACFP Cold Dinner,CACFP Cold Dinner,Dinner,Condiments,37398,"Mustard, PC","Mustard, PC 25-26"
2026-09-16,CACFP Cold Dinner,CACFP Cold Dinner,Dinner,Condiments,37455,"Ranch, Lite, PC","Ranch, Lite, PC 25-26"
2026-09-16,CACFP Cold Dinner,CACFP Cold Dinner,Dinner,Entrees,37681,"Sandwich, Hoagie, Turkey Ham & Cheese on WG Roll IW","Sandwich, Hoagie, Turkey Ham & Cheese on WG Roll IW 25-26"
2026-09-16,CACFP Cold Dinner,CACFP Cold Dinner,Dinner,Fruit Sides,38088,"Orange, Whole Cut 138 ct. (P)","Orange, Whole Cut 138 ct. (P) 25-26"
2026-09-16,CACFP Cold Dinner,CACFP Cold Dinner,Dinner,Milk,37349,"Milk, 1% Plain Half Pint","Milk, 1% Plain Half Pint 25-26"
2026-09-16,CACFP Cold Dinner,CACFP Cold Dinner,Dinner,Milk,37351,"Milk, Skim Chocolate Half Pint","Milk, Skim Chocolate Half Pint 25-26"
2026-09-16,CACFP Cold Dinner,CACFP Cold Dinner,Dinner,Vegetable Sides,38093,"Cucumber Slices, Raw Whole","Cucumber Slices, Raw Whole 25-26"
2026-09-16,CACFP Hot Dinner,CACFP Hot Dinner,Dinner,Condiments,37929,"Sauce, Hot Sauce TX Pete's PC","Sauce, Hot Sauce TX Pete's PC 25-26"
2026-09-16,CACFP Hot Dinner,CACFP Hot Dinner,Dinner,Condiments,37884,"Sauce, Salsa Cup (P)","Sauce, Salsa Cup (P) 25-26"
2026-09-16,CACFP Hot Dinner,CACFP Hot Dinner,Dinner,Entrees,37428,"Tamale, Chicken","Tamale, Chicken 25-26"
2026-09-16,CACFP Hot Dinner,CACFP Hot Dinner,Dinner,Fruit Sides,38088,"Orange, Whole Cut 138 ct. (P)","Orange, Whole Cut 138 ct. (P) 25-26"
2026-09-16,CACFP Hot Dinner,CACFP Hot Dinner,Dinner,Milk,37349,"Milk, 1% Plain Half Pint","Milk, 1% Plain Half Pint 25-26"
2026-09-16,CACFP Hot Dinner,CACFP Hot Dinner,Dinner,Milk,37351,"Milk, Skim Chocolate Half Pint","Milk, Skim Chocolate Half Pint 25-26"
2026-09-16,CACFP Hot Dinner,CACFP Hot Dinner,Dinner,Vegetable Sides,37675,"Black Beans, Taco Fiesta","Black Beans, Taco Fiesta 25-26"
2026-09-16,HS Homestyle Lunch,HS Homestyle Lunch,Lunch,Condiments,37842,"Ketchup, PC (P)","Ketchup, PC (P) 25-26"
2026-09-16,HS Homestyle Lunch,HS Homestyle Lunch,Lunch,Condiments,37390,"Mayonnaise, PC","Mayonnaise, PC 25-26"
2026-09-16,HS Homestyle Lunch,HS Homestyle Lunch,Lunch,Condiments,37398,"Mustard, PC","Mustard, PC 25-26"
2026-09-16,HS Homestyle Lunch,HS Homestyle Lunch,Lunch,Condiments,37439,"Pickles, 2ea","Pickles, 2ea 25-26"
2026-09-16,HS Homestyle Lunch,HS Homestyle Lunch,Lunch,Condiments,37929,"Sauce, Hot Sauce TX Pete's PC","Sauce, Hot Sauce TX Pete's PC 25-26"
2026-09-16,HS Homestyle Lunch,HS Homestyle Lunch,Lunch,Entrees,37217,"Chicken, Sandwich WM (C)","Chicken, Sandwich WM (C) 25-26"
2026-09-16,HS Homestyle Lunch,HS Homestyle Lunch,Lunch,Entrees,38216,"Sandwich, Soy Butter and Strawberry Jelly IW","Sandwich, Soy Butter and Strawberry Jelly IW 25-26"
2026-09-16,HS Homestyle Lunch,HS Homestyle Lunch,Lunch,Entrees,37736,"Turkey Pot Pie, w/Biscuit Top (C)","Turkey Pot Pie, w/Biscuit Top (C) 25-26"
2026-09-16,HS Homestyle Lunch,HS Homestyle Lunch,Lunch,Fruit Sides,38118,"Juice, 100% Apple, 4oz (Shelf-stable)","Juice, 100% Apple, 4oz (Shelf-stable) 25-26"
2026-09-16,HS Homestyle Lunch,HS Homestyle Lunch,Lunch,Fruit Sides,37436,"Pears, Diced (Drained)","Pears, Diced (Drained) 25-26"
2026-09-16,HS Homestyle Lunch,HS Homestyle Lunch,Lunch,Grain/Other Side,37310,"Chips, Baked Lays","Chips, Baked Lays 25-26"
2026-09-16,HS Homestyle Lunch,HS Homestyle Lunch,Lunch,Grain/Other Side,37459,"Pudding, Chocolate","Pudding, Chocolate 25-26"
2026-09-16,HS Homestyle Lunch,HS Homestyle Lunch,Lunch,Milk,37349,"Milk, 1% Plain Half Pint","Milk, 1% Plain Half Pint 25-26"
2026-09-16,HS Homestyle Lunch,HS Homestyle Lunch,Lunch,Milk,37351,"Milk, Skim Chocolate Half Pint","Milk, Skim Chocolate Half Pint 25-26"
2026-09-16,HS Homestyle Lunch,HS Homestyle Lunch,Lunch,Milk,37353,"Milk, Skim Plain Half Pint","Milk, Skim Plain Half Pint 25-26"
2026-09-16,HS Homestyle Lunch,HS Homestyle Lunch,Lunch,Vegetable Sides,37290,"Broccoli, Frozen, Butter Buds, Fajita","Broccoli, Frozen, Butter Buds, Fajita 25-26"
2026-09-16,HS Homestyle Lunch,HS Homestyle Lunch,Lunch,Vegetable Sides,37441,"Potato, Sweet, Roasted (P)","Potato, Sweet, Roasted (P) 25-26"
2026-09-16,HS SS Satellite Lunch,HS SS Satellite Lunch,Lunch,Condiments,37842,"Ketchup, PC (P)","Ketchup, PC (P) 25-26"
2026-09-16,HS SS Satellite Lunch,HS SS Satellite Lunch,Lunch,Condiments,37390,"Mayonnaise, PC","Mayonnaise, PC 25-26"
2026-09-16,HS SS Satellite Lunch,HS SS Satellite Lunch,Lunch,Condiments,37398,"Mustard, PC","Mustard, PC 25-26"
2026-09-16,HS SS Satellite Lunch,HS SS Satellite Lunch,Lunch,Condiments,37439,"Pickles, 2ea","Pickles, 2ea 25-26"
2026-09-16,HS SS Satellite Lunch,HS SS Satellite Lunch,Lunch,Condiments,37929,"Sauce, Hot Sauce TX Pete's PC","Sauce, Hot Sauce TX Pete's PC 25-26"
2026-09-16,HS SS Satellite Lunch,HS SS Satellite Lunch,Lunch,Entrees,37217,"Chicken, Sandwich WM (C)","Chicken, Sandwich WM (C) 25-26"
2026-09-16,HS SS Satellite Lunch,HS SS Satellite Lunch,Lunch,Fruit Sides,38118,"Juice, 100% Apple, 4oz (Shelf-stable)","Juice, 100% Apple, 4oz (Shelf-stable) 25-26"
2026-09-16,HS SS Satellite Lunch,HS SS Satellite Lunch,Lunch,Fruit Sides,37436,"Pears, Diced (Drained)","Pears, Diced (Drained) 25-26"
2026-09-16,HS SS Satellite Lunch,HS SS Satellite Lunch,Lunch,Grain/Other Side,37310,"Chips, Baked Lays","Chips, Baked Lays 25-26"
2026-09-16,HS SS Satellite Lunch,HS SS Satellite Lunch,Lunch,Milk,37349,"Milk, 1% Plain Half Pint","Milk, 1% Plain Half Pint 25-26"
2026-09-16,HS SS Satellite Lunch,HS SS Satellite Lunch,Lunch,Milk,37351,"Milk, Skim Chocolate Half Pint","Milk, Skim Chocolate Half Pint 25-26"
2026-09-16,HS SS Satellite Lunch,HS SS Satellite Lunch,Lunch,Milk,37353,"Milk, Skim Plain Half Pint","Milk, Skim Plain Half Pint 25-26"
2026-09-16,HS SS Satellite Lunch,HS SS Satellite Lunch,Lunch,Vegetable Sides,37290,"Broccoli, Frozen, Butter Buds, Fajita","Broccoli, Frozen, Butter Buds, Fajita 25-26"
2026-09-16,HS SS Satellite Lunch,HS SS Satellite Lunch,Lunch,Vegetable Sides,37441,"Potato, Sweet, Roasted (P)","Potato, Sweet, Roasted (P) 25-26"
2026-09-16,HS Sack Lunch,HS Sack Lunch,Lunch,Condiments,37390,"Mayonnaise, PC","Mayonnaise, PC 25-26"
2026-09-16,HS Sack Lunch,HS Sack Lunch,Lunch,Condiments,37398,"Mustard, PC","Mustard, PC 25-26"
2026-09-16,HS Sack Lunch,HS Sack Lunch,Lunch,Condiments,37455,"Ranch, Lite, PC","Ranch, Lite, PC 25-26"
2026-09-16,HS Sack Lunch,HS Sack Lunch,Lunch,Entrees,37775,Turkey Breast (C) & Cheese (C) Pullman Sandwich (H/C),Turkey Breast (C) & Cheese (C) Pullman Sandwich (H/C) 25-26
2026-09-16,HS Sack Lunch,HS Sack Lunch,Lunch,Fruit Sides,38062,"Apple, Whole, Fuji","Apple, Whole, Fuji 25-26"
2026-09-16,HS Sack Lunch,HS Sack Lunch,Lunch,Fruit Sides,38122,"Juice, 100% Fruit Punch, 4oz (Shelf-stable)","Juice, 100% Fruit Punch, 4oz (Shelf-stable) 25-26"
2026-09-16,HS Sack Lunch,HS Sack Lunch,Lunch,Grain/Other Side,37310,"Chips, Baked Lays","Chips, Baked Lays 25-26"
2026-09-16,HS Sack Lunch,HS Sack Lunch,Lunch,Milk,37349,"Milk, 1% Plain Half Pint","Milk, 1% Plain Half Pint 25-26"
2026-09-16,HS Sack Lunch,HS Sack Lunch,Lunch,Milk,37351,"Milk, Skim Chocolate Half Pint","Milk, Skim Chocolate Half Pint 25-26"
2026-09-16,HS Sack Lunch,HS Sack Lunch,Lunch,Milk,37353,"Milk, Skim Plain Half Pint","Milk, Skim Plain Half Pint 25-26"
2026-09-16,HS Sack Lunch,HS Sack Lunch,Lunch,Vegetable Sides,38070,"Broccoli, Raw","Broccoli, Raw 25-26"
2026-09-16,HS Sack Lunch,HS Sack Lunch,Lunch,Vegetable Sides,38071,"Carrots, Baby Raw","Carrots, Baby Raw 25-26"
2026-09-16,HS Satellite Lunch,HS Satellite Lunch,Lunch,Condiments,37842,"Ketchup, PC (P)","Ketchup, PC (P) 25-26"
2026-09-16,HS Satellite Lunch,HS Satellite Lunch,Lunch,Condiments,37390,"Mayonnaise, PC","Mayonnaise, PC 25-26"
2026-09-16,HS Satellite Lunch,HS Satellite Lunch,Lunch,Condiments,37398,"Mustard, PC","Mustard, PC 25-26"
2026-09-16,HS Satellite Lunch,HS Satellite Lunch,Lunch,Condiments,37439,"Pickles, 2ea","Pickles, 2ea 25-26"
2026-09-16,HS Satellite Lunch,HS Satellite Lunch,Lunch,Condiments,37929,"Sauce, Hot Sauce TX Pete's PC","Sauce, Hot Sauce TX Pete's PC 25-26"
2026-09-16,HS Satellite Lunch,HS Satellite Lunch,Lunch,Entrees,37217,"Chicken, Sandwich WM (C)","Chicken, Sandwich WM (C) 25-26"
2026-09-16,HS Satellite Lunch,HS Satellite Lunch,Lunch,Fruit Sides,38118,"Juice, 100% Apple, 4oz (Shelf-stable)","Juice, 100% Apple, 4oz (Shelf-stable) 25-26"
2026-09-16,HS Satellite Lunch,HS Satellite Lunch,Lunch,Fruit Sides,37436,"Pears, Diced (Drained)","Pears, Diced (Drained) 25-26"
2026-09-16,HS Satellite Lunch,HS Satellite Lunch,Lunch,Grain/Other Side,37310,"Chips, Baked Lays","Chips, Baked Lays 25-26"
2026-09-16,HS Satellite Lunch,HS Satellite Lunch,Lunch,Milk,37349,"Milk, 1% Plain Half Pint","Milk, 1% Plain Half Pint 25-26"
2026-09-16,HS Satellite Lunch,HS Satellite Lunch,Lunch,Milk,37351,"Milk, Skim Chocolate Half Pint","Milk, Skim Chocolate Half Pint 25-26"
2026-09-16,HS Satellite Lunch,HS Satellite Lunch,Lunch,Milk,37353,"Milk, Skim Plain Half Pint","Milk, Skim Plain Half Pint 25-26"
2026-09-16,HS Satellite Lunch,HS Satellite Lunch,Lunch,Vegetable Sides,37290,"Broccoli, Frozen, Butter Buds, Fajita","Broccoli, Frozen, Butter Buds, Fajita 25-26"
2026-09-16,HS Satellite Lunch,HS Satellite Lunch,Lunch,Vegetable Sides,37441,"Potato, Sweet, Roasted (P)","Potato, Sweet, Roasted (P) 25-26"
2026-09-16,HS Snack Favorites,HS Favorites,Snack,Condiments,37323,"Croutons, Cheese Garlic, IW","Croutons, Cheese Garlic, IW 25-26"
2026-09-16,HS Snack Favorites,HS Favorites,Snack,Condiments,37842,"Ketchup, PC (P)","Ketchup, PC (P) 25-26"
2026-09-16,HS Snack Favorites,HS Favorites,Snack,Condiments,37390,"Mayonnaise, PC","Mayonnaise, PC 25-26"
2026-09-16,HS Snack Favorites,HS Favorites,Snack,Condiments,37455,"Ranch, Lite, PC","Ranch, Lite, PC 25-26"
2026-09-16,HS Snack Favorites,HS Favorites,Snack,Condiments,37883,"Sauce, BBQ Dunk Cup, PC (P)","Sauce, BBQ Dunk Cup, PC (P) 25-26"
2026-09-16,HS Snack Favorites,HS Favorites,Snack,Entrees,37691,"Asian, Teriyaki Breaded Chicken Poppers (C) & Rice","Asian, Teriyaki Breaded Chicken Poppers (C) & Rice 25-26"
2026-09-16,HS Snack Favorites,HS Favorites,Snack,Entrees,38257,"Chicken, Tenders (CP) W/Breadstick, Cheesy Garlic","Chicken, Tenders (CP) W/Breadstick, Cheesy Garlic 26-27"
2026-09-16,HS Snack Favorites,HS Favorites,Snack,Entrees,38255,"Pizza (CP), Pepperoni (Beef), 8 Cut","Pizza (CP), Pepperoni (Beef), 8 Cut 26-27"
2026-09-16,HS Snack Favorites,HS Favorites,Snack,Fruit Sides,38118,"Juice, 100% Apple, 4oz (Shelf-stable)","Juice, 100% Apple, 4oz (Shelf-stable) 25-26"
2026-09-16,HS Snack Favorites,HS Favorites,Snack,Fruit Sides,37436,"Pears, Diced (Drained)","Pears, Diced (Drained) 25-26"
2026-09-16,HS Snack Favorites,HS Favorites,Snack,Grain/Other Side,37310,"Chips, Baked Lays","Chips, Baked Lays 25-26"
2026-09-16,HS Snack Favorites,HS Favorites,Snack,Grain/Other Side,37459,"Pudding, Chocolate","Pudding, Chocolate 25-26"
2026-09-16,HS Snack Favorites,HS Favorites,Snack,Milk,37349,"Milk, 1% Plain Half Pint","Milk, 1% Plain Half Pint 25-26"
2026-09-16,HS Snack Favorites,HS Favorites,Snack,Milk,37351,"Milk, Skim Chocolate Half Pint","Milk, Skim Chocolate Half Pint 25-26"
2026-09-16,HS Snack Favorites,HS Favorites,Snack,Milk,37353,"Milk, Skim Plain Half Pint","Milk, Skim Plain Half Pint 25-26"
2026-09-16,HS Snack Favorites,HS Favorites,Snack,Vegetable Sides,37290,"Broccoli, Frozen, Butter Buds, Fajita","Broccoli, Frozen, Butter Buds, Fajita 25-26"
2026-09-16,HS Snack Favorites,HS Favorites,Snack,Vegetable Sides,37441,"Potato, Sweet, Roasted (P)","Potato, Sweet, Roasted (P) 25-26"
2026-09-16,K-12 Snack,K-12 Snack,Snack,Entrees,37460,Pretzel,Pretzel 25-26
2026-09-16,K-12 Snack,K-12 Snack,Snack,Fruit Sides,38182,"Apple, Whole, Red Delicious","Apple, Whole, Red Delicious 25-26"
2026-09-16,K-8 Lunch,K-8 Lunch,Lunch,Condiments,37842,"Ketchup, PC (P)","Ketchup, PC (P) 25-26"
2026-09-16,K-8 Lunch,K-8 Lunch,Lunch,Condiments,37390,"Mayonnaise, PC","Mayonnaise, PC 25-26"
2026-09-16,K-8 Lunch,K-8 Lunch,Lunch,Condiments,37398,"Mustard, PC","Mustard, PC 25-26"
2026-09-16,K-8 Lunch,K-8 Lunch,Lunch,Condiments,37439,"Pickles, 2ea","Pickles, 2ea 25-26"
2026-09-16,K-8 Lunch,K-8 Lunch,Lunch,Condiments,37929,"Sauce, Hot Sauce TX Pete's PC","Sauce, Hot Sauce TX Pete's PC 25-26"
2026-09-16,K-8 Lunch,K-8 Lunch,Lunch,Entrees,37217,"Chicken, Sandwich WM (C)","Chicken, Sandwich WM (C) 25-26"
2026-09-16,K-8 Lunch,K-8 Lunch,Lunch,Entrees,38216,"Sandwich, Soy Butter and Strawberry Jelly IW","Sandwich, Soy Butter and Strawberry Jelly IW 25-26"
2026-09-16,K-8 Lunch,K-8 Lunch,Lunch,Entrees,37736,"Turkey Pot Pie, w/Biscuit Top (C)","Turkey Pot Pie, w/Biscuit Top (C) 25-26"
2026-09-16,K-8 Lunch,K-8 Lunch,Lunch,Fruit Sides,37436,"Pears, Diced (Drained)","Pears, Diced (Drained) 25-26"
2026-09-16,K-8 Lunch,K-8 Lunch,Lunch,Milk,37349,"Milk, 1% Plain Half Pint","Milk, 1% Plain Half Pint 25-26"
2026-09-16,K-8 Lunch,K-8 Lunch,Lunch,Milk,37351,"Milk, Skim Chocolate Half Pint","Milk, Skim Chocolate Half Pint 25-26"
2026-09-16,K-8 Lunch,K-8 Lunch,Lunch,Milk,37353,"Milk, Skim Plain Half Pint","Milk, Skim Plain Half Pint 25-26"
2026-09-16,K-8 Lunch,K-8 Lunch,Lunch,Vegetable Sides,37290,"Broccoli, Frozen, Butter Buds, Fajita","Broccoli, Frozen, Butter Buds, Fajita 25-26"
2026-09-16,K-8 Lunch,K-8 Lunch,Lunch,Vegetable Sides,37441,"Potato, Sweet, Roasted (P)","Potato, Sweet, Roasted (P) 25-26"
2026-09-16,K-8 Sack Lunch,K-8 Sack Lunch,Lunch,Condiments,37398,"Mustard, PC","Mustard, PC 25-26"
2026-09-16,K-8 Sack Lunch,K-8 Sack Lunch,Lunch,Condiments,37455,"Ranch, Lite, PC","Ranch, Lite, PC 25-26"
2026-09-16,K-8 Sack Lunch,K-8 Sack Lunch,Lunch,Entrees,37899,Turkey Ham (C) & American Cheese (C) Hoagie (H/C),Turkey Ham (C) & American Cheese (C) Hoagie (H/C) 25-26
2026-09-16,K-8 Sack Lunch,K-8 Sack Lunch,Lunch,Fruit Sides,38062,"Apple, Whole, Fuji","Apple, Whole, Fuji 25-26"
2026-09-16,K-8 Sack Lunch,K-8 Sack Lunch,Lunch,Milk,37349,"Milk, 1% Plain Half Pint","Milk, 1% Plain Half Pint 25-26"
2026-09-16,K-8 Sack Lunch,K-8 Sack Lunch,Lunch,Milk,37351,"Milk, Skim Chocolate Half Pint","Milk, Skim Chocolate Half Pint 25-26"
2026-09-16,K-8 Sack Lunch,K-8 Sack Lunch,Lunch,Milk,37353,"Milk, Skim Plain Half Pint","Milk, Skim Plain Half Pint 25-26"
2026-09-16,K-8 Sack Lunch,K-8 Sack Lunch,Lunch,Vegetable Sides,38070,"Broccoli, Raw","Broccoli, Raw 25-26"
2026-09-16,K-8 Sack Lunch,K-8 Sack Lunch,Lunch,Vegetable Sides,38071,"Carrots, Baby Raw","Carrots, Baby Raw 25-26"
2026-09-16,K-8 Satellite Lunch,K-8 Satellite Lunch,Lunch,Condiments,37842,"Ketchup, PC (P)","Ketchup, PC (P) 25-26"
2026-09-16,K-8 Satellite Lunch,K-8 Satellite Lunch,Lunch,Condiments,37390,"Mayonnaise, PC","Mayonnaise, PC 25-26"
2026-09-16,K-8 Satellite Lunch,K-8 Satellite Lunch,Lunch,Condiments,37398,"Mustard, PC","Mustard, PC 25-26"
2026-09-16,K-8 Satellite Lunch,K-8 Satellite Lunch,Lunch,Condiments,37439,"Pickles, 2ea","Pickles, 2ea 25-26"
2026-09-16,K-8 Satellite Lunch,K-8 Satellite Lunch,Lunch,Condiments,37929,"Sauce, Hot Sauce TX Pete's PC","Sauce, Hot Sauce TX Pete's PC 25-26"
2026-09-16,K-8 Satellite Lunch,K-8 Satellite Lunch,Lunch,Entrees,37217,"Chicken, Sandwich WM (C)","Chicken, Sandwich WM (C) 25-26"
2026-09-16,K-8 Satellite Lunch,K-8 Satellite Lunch,Lunch,Fruit Sides,37436,"Pears, Diced (Drained)","Pears, Diced (Drained) 25-26"
2026-09-16,K-8 Satellite Lunch,K-8 Satellite Lunch,Lunch,Milk,37349,"Milk, 1% Plain Half Pint","Milk, 1% Plain Half Pint 25-26"
2026-09-16,K-8 Satellite Lunch,K-8 Satellite Lunch,Lunch,Milk,37351,"Milk, Skim Chocolate Half Pint","Milk, Skim Chocolate Half Pint 25-26"
2026-09-16,K-8 Satellite Lunch,K-8 Satellite Lunch,Lunch,Milk,37353,"Milk, Skim Plain Half Pint","Milk, Skim Plain Half Pint 25-26"
2026-09-16,K-8 Satellite Lunch,K-8 Satellite Lunch,Lunch,Vegetable Sides,37290,"Broccoli, Frozen, Butter Buds, Fajita","Broccoli, Frozen, Butter Buds, Fajita 25-26"
2026-09-16,K-8 Satellite Lunch,K-8 Satellite Lunch,Lunch,Vegetable Sides,37441,"Potato, Sweet, Roasted (P)","Potato, Sweet, Roasted (P) 25-26"
2026-09-16,MS Snack Favorites,MS Favorites,Snack,Condiments,37323,"Croutons, Cheese Garlic, IW","Croutons, Cheese Garlic, IW 25-26"
2026-09-16,MS Snack Favorites,MS Favorites,Snack,Condiments,37842,"Ketchup, PC (P)","Ketchup, PC (P) 25-26"
2026-09-16,MS Snack Favorites,MS Favorites,Snack,Condiments,37455,"Ranch, Lite, PC","Ranch, Lite, PC 25-26"
2026-09-16,MS Snack Favorites,MS Favorites,Snack,Condiments,37883,"Sauce, BBQ Dunk Cup, PC (P)","Sauce, BBQ Dunk Cup, PC (P) 25-26"
2026-09-16,MS Snack Favorites,MS Favorites,Snack,Entrees,37691,"Asian, Teriyaki Breaded Chicken Poppers (C) & Rice","Asian, Teriyaki Breaded Chicken Poppers (C) & Rice 25-26"
2026-09-16,MS Snack Favorites,MS Favorites,Snack,Entrees,38257,"Chicken, Tenders (CP) W/Breadstick, Cheesy Garlic","Chicken, Tenders (CP) W/Breadstick, Cheesy Garlic 26-27"
2026-09-16,MS Snack Favorites,MS Favorites,Snack,Entrees,38255,"Pizza (CP), Pepperoni (Beef), 8 Cut","Pizza (CP), Pepperoni (Beef), 8 Cut 26-27"
2026-09-16,MS Snack Favorites,MS Favorites,Snack,Fruit Sides,37436,"Pears, Diced (Drained)","Pears, Diced (Drained) 25-26"
2026-09-16,MS Snack Favorites,MS Favorites,Snack,Grain/Other Side,37310,"Chips, Baked Lays","Chips, Baked Lays 25-26"
2026-09-16,MS Snack Favorites,MS Favorites,Snack,Milk,37349,"Milk, 1% Plain Half Pint","Milk, 1% Plain Half Pint 25-26"
2026-09-16,MS Snack Favorites,MS Favorites,Snack,Milk,37351,"Milk, Skim Chocolate Half Pint","Milk, Skim Chocolate Half Pint 25-26"
2026-09-16,MS Snack Favorites,MS Favorites,Snack,Milk,37353,"Milk, Skim Plain Half Pint","Milk, Skim Plain Half Pint 25-26"
2026-09-16,MS Snack Favorites,MS Favorites,Snack,Vegetable Sides,37290,"Broccoli, Frozen, Butter Buds, Fajita","Broccoli, Frozen, Butter Buds, Fajita 25-26"
2026-09-16,MS Snack Favorites,MS Favorites,Snack,Vegetable Sides,37441,"Potato, Sweet, Roasted (P)","Potato, Sweet, Roasted (P) 25-26"
2026-09-16,Pre-K Lunch SS,PreK Lunch SS,Lunch,Entrees,37736,"Turkey Pot Pie, w/Biscuit Top (C)","Turkey Pot Pie, w/Biscuit Top (C) 25-26"
2026-09-16,Pre-K Lunch SS,PreK Lunch SS,Lunch,Fruit Sides,37471,"PreK, Pears, Diced 1/4 Cup","PreK, Pears, Diced 1/4 Cup 25-26"
2026-09-16,Pre-K Lunch SS,PreK Lunch SS,Lunch,Milk,37349,"Milk, 1% Plain Half Pint","Milk, 1% Plain Half Pint 25-26"
2026-09-16,Pre-K Lunch SS,PreK Lunch SS,Lunch,Vegetable Sides,37487,"PreK, Broccoli, Frozen, Butter Buds, Fajita 1/4 Cup","PreK, Broccoli, Frozen, Butter Buds, Fajita 1/4 Cup 25-26"
2026-09-16,PreK Snack,PreK Snack,Snack,Entrees,37460,Pretzel,Pretzel 25-26
2026-09-16,PreK Snack,PreK Snack,Snack,Fruit Sides,37456,Raisins (P),Raisins (P) 25-26
2026-09-17,Breakfast SS K-12,Breakfast SS K-12,Breakfast,Fruit,37633,"Fruit, Pear Cup, Individual, (C)","Fruit, Pear Cup, Individual, (C) 25-26"
2026-09-17,Breakfast SS K-12,Breakfast SS K-12,Breakfast,Fruit,38118,"Juice, 100% Apple, 4oz (Shelf-stable)","Juice, 100% Apple, 4oz (Shelf-stable) 25-26"
2026-09-17,Breakfast SS K-12,Breakfast SS K-12,Breakfast,Grain/ M/MA,37663,"Breakfast Bundle, Cinnamon Toast Crunch Cereal w/Mozzarella Cheese Stick (C)","Breakfast Bundle, Cinnamon Toast Crunch Cereal w/Mozzarella Cheese Stick (C) 25-26"
2026-09-17,Breakfast SS K-12,Breakfast SS K-12,Breakfast,Milk,37349,"Milk, 1% Plain Half Pint","Milk, 1% Plain Half Pint 25-26"
2026-09-17,Breakfast SS K-12,Breakfast SS K-12,Breakfast,Milk,37353,"Milk, Skim Plain Half Pint","Milk, Skim Plain Half Pint 25-26"
2026-09-17,Breakfast SS Pre-K,Breakfast SS PreK,Breakfast,Fruit,37633,"Fruit, Pear Cup, Individual, (C)","Fruit, Pear Cup, Individual, (C) 25-26"
2026-09-17,Breakfast SS Pre-K,Breakfast SS PreK,Breakfast,Grain/ M/MA,37300,"Cereal, Cinnamon Toast Crunch","Cereal, Cinnamon Toast Crunch 25-26"
2026-09-17,Breakfast SS Pre-K,Breakfast SS PreK,Breakfast,Milk,37349,"Milk, 1% Plain Half Pint","Milk, 1% Plain Half Pint 25-26"
2026-09-17,Breakfast Traditional OVS K-12,Breakfast Traditional OVS K-12,Breakfast,Condiments/ Side,37929,"Sauce, Hot Sauce TX Pete's PC","Sauce, Hot Sauce TX Pete's PC 25-26"
2026-09-17,Breakfast Traditional OVS K-12,Breakfast Traditional OVS K-12,Breakfast,Condiments/ Side,37884,"Sauce, Salsa Cup (P)","Sauce, Salsa Cup (P) 25-26"
2026-09-17,Breakfast Traditional OVS K-12,Breakfast Traditional OVS K-12,Breakfast,Condiments/ Side,37446,"Snack Mix, Cracker, Strawberry Yogurt","Snack Mix, Cracker, Strawberry Yogurt 25-26"
2026-09-17,Breakfast Traditional OVS K-12,Breakfast Traditional OVS K-12,Breakfast,Fruit,37633,"Fruit, Pear Cup, Individual, (C)","Fruit, Pear Cup, Individual, (C) 25-26"
2026-09-17,Breakfast Traditional OVS K-12,Breakfast Traditional OVS K-12,Breakfast,Fruit,38118,"Juice, 100% Apple, 4oz (Shelf-stable)","Juice, 100% Apple, 4oz (Shelf-stable) 25-26"
2026-09-17,Breakfast Traditional OVS K-12,Breakfast Traditional OVS K-12,Breakfast,Grain/ M/MA,37663,"Breakfast Bundle, Cinnamon Toast Crunch Cereal w/Mozzarella Cheese Stick (C)","Breakfast Bundle, Cinnamon Toast Crunch Cereal w/Mozzarella Cheese Stick (C) 25-26"
2026-09-17,Breakfast Traditional OVS K-12,Breakfast Traditional OVS K-12,Breakfast,Grain/ M/MA,37674,"Breakfast, Wrap, Turkey Sausage Crumbles, Egg and Cheese IW (C)","Breakfast, Wrap, Turkey Sausage Crumbles, Egg and Cheese IW (C) 25-26"
2026-09-17,Breakfast Traditional OVS K-12,Breakfast Traditional OVS K-12,Breakfast,Milk,37349,"Milk, 1% Plain Half Pint","Milk, 1% Plain Half Pint 25-26"
2026-09-17,Breakfast Traditional OVS K-12,Breakfast Traditional OVS K-12,Breakfast,Milk,37353,"Milk, Skim Plain Half Pint","Milk, Skim Plain Half Pint 25-26"
2026-09-17,CACFP Cold Dinner,CACFP Cold Dinner,Dinner,Condiments,37455,"Ranch, Lite, PC","Ranch, Lite, PC 25-26"
2026-09-17,CACFP Cold Dinner,CACFP Cold Dinner,Dinner,Entrees,38216,"Sandwich, Soy Butter and Strawberry Jelly IW","Sandwich, Soy Butter and Strawberry Jelly IW 25-26"
2026-09-17,CACFP Cold Dinner,CACFP Cold Dinner,Dinner,Fruit Sides,37456,Raisins (P),Raisins (P) 25-26
2026-09-17,CACFP Cold Dinner,CACFP Cold Dinner,Dinner,Milk,37349,"Milk, 1% Plain Half Pint","Milk, 1% Plain Half Pint 25-26"
2026-09-17,CACFP Cold Dinner,CACFP Cold Dinner,Dinner,Milk,37351,"Milk, Skim Chocolate Half Pint","Milk, Skim Chocolate Half Pint 25-26"
2026-09-17,CACFP Cold Dinner,CACFP Cold Dinner,Dinner,Vegetable Sides,38071,"Carrots, Baby Raw","Carrots, Baby Raw 25-26"
2026-09-17,CACFP Hot Dinner,CACFP Hot Dinner,Dinner,Condiments,37842,"Ketchup, PC (P)","Ketchup, PC (P) 25-26"
2026-09-17,CACFP Hot Dinner,CACFP Hot Dinner,Dinner,Condiments,37390,"Mayonnaise, PC","Mayonnaise, PC 25-26"
2026-09-17,CACFP Hot Dinner,CACFP Hot Dinner,Dinner,Condiments,37398,"Mustard, PC","Mustard, PC 25-26"
2026-09-17,CACFP Hot Dinner,CACFP Hot Dinner,Dinner,Entrees,38214,"Calzone, Cheeseburger","Calzone, Cheeseburger 25-26"
2026-09-17,CACFP Hot Dinner,CACFP Hot Dinner,Dinner,Fruit Sides,37690,Applesauce,Applesauce 25-26
2026-09-17,CACFP Hot Dinner,CACFP Hot Dinner,Dinner,Milk,37349,"Milk, 1% Plain Half Pint","Milk, 1% Plain Half Pint 25-26"
2026-09-17,CACFP Hot Dinner,CACFP Hot Dinner,Dinner,Milk,37351,"Milk, Skim Chocolate Half Pint","Milk, Skim Chocolate Half Pint 25-26"
2026-09-17,CACFP Hot Dinner,CACFP Hot Dinner,Dinner,Vegetable Sides,37290,"Broccoli, Frozen, Butter Buds, Fajita","Broccoli, Frozen, Butter Buds, Fajita 25-26"
2026-09-17,HS Homestyle Lunch,HS Homestyle Lunch,Lunch,Condiments,37526,"Dressing, Country Gravy","Dressing, Country Gravy 25-26"
2026-09-17,HS Homestyle Lunch,HS Homestyle Lunch,Lunch,Condiments,37842,"Ketchup, PC (P)","Ketchup, PC (P) 25-26"
2026-09-17,HS Homestyle Lunch,HS Homestyle Lunch,Lunch,Condiments,37455,"Ranch, Lite, PC","Ranch, Lite, PC 25-26"
2026-09-17,HS Homestyle Lunch,HS Homestyle Lunch,Lunch,Condiments,37929,"Sauce, Hot Sauce TX Pete's PC","Sauce, Hot Sauce TX Pete's PC 25-26"
2026-09-17,HS Homestyle Lunch,HS Homestyle Lunch,Lunch,Condiments,37443,"Tajin, PC","Tajin, PC 25-26"
2026-09-17,HS Homestyle Lunch,HS Homestyle Lunch,Lunch,Entrees,37225,"Chicken Fried Steak, Gravy, w/Roll","Chicken Fried Steak, Gravy, w/Roll 25-26"
2026-09-17,HS Homestyle Lunch,HS Homestyle Lunch,Lunch,Entrees,37416,"Chicken, Tenders W/Breadstick, Cheesy Garlic (C)","Chicken, Tenders W/Breadstick, Cheesy Garlic (C) 25-26"
2026-09-17,HS Homestyle Lunch,HS Homestyle Lunch,Lunch,Entrees,37591,"Sandwich, Soy Butter and Jelly IW","Sandwich, Soy Butter and Jelly IW 25-26"
2026-09-17,HS Homestyle Lunch,HS Homestyle Lunch,Lunch,Fruit Sides,38091,"Grapes, Red, Whole","Grapes, Red, Whole 25-26"
2026-09-17,HS Homestyle Lunch,HS Homestyle Lunch,Lunch,Fruit Sides,38118,"Juice, 100% Apple, 4oz (Shelf-stable)","Juice, 100% Apple, 4oz (Shelf-stable) 25-26"
2026-09-17,HS Homestyle Lunch,HS Homestyle Lunch,Lunch,Grain/Other Side,37397,"Muffin, Corn (IW)","Muffin, Corn (IW) 25-26"
2026-09-17,HS Homestyle Lunch,HS Homestyle Lunch,Lunch,Grain/Other Side,37459,"Pudding, Chocolate","Pudding, Chocolate 25-26"
2026-09-17,HS Homestyle Lunch,HS Homestyle Lunch,Lunch,Milk,37349,"Milk, 1% Plain Half Pint","Milk, 1% Plain Half Pint 25-26"
2026-09-17,HS Homestyle Lunch,HS Homestyle Lunch,Lunch,Milk,37351,"Milk, Skim Chocolate Half Pint","Milk, Skim Chocolate Half Pint 25-26"
2026-09-17,HS Homestyle Lunch,HS Homestyle Lunch,Lunch,Milk,37353,"Milk, Skim Plain Half Pint","Milk, Skim Plain Half Pint 25-26"
2026-09-17,HS Homestyle Lunch,HS Homestyle Lunch,Lunch,Vegetable Sides,38093,"Cucumber Slices, Raw Whole","Cucumber Slices, Raw Whole 25-26"
2026-09-17,HS Homestyle Lunch,HS Homestyle Lunch,Lunch,Vegetable Sides,37855,"Potatoes, Mashed w/Country Gravy (C)","Potatoes, Mashed w/Country Gravy (C) 25-26"
2026-09-17,HS SS Satellite Lunch,HS SS Satellite Lunch,Lunch,Condiments,37842,"Ketchup, PC (P)","Ketchup, PC (P) 25-26"
2026-09-17,HS SS Satellite Lunch,HS SS Satellite Lunch,Lunch,Condiments,37455,"Ranch, Lite, PC","Ranch, Lite, PC 25-26"
2026-09-17,HS SS Satellite Lunch,HS SS Satellite Lunch,Lunch,Condiments,37929,"Sauce, Hot Sauce TX Pete's PC","Sauce, Hot Sauce TX Pete's PC 25-26"
2026-09-17,HS SS Satellite Lunch,HS SS Satellite Lunch,Lunch,Entrees,37416,"Chicken, Tenders W/Breadstick, Cheesy Garlic (C)","Chicken, Tenders W/Breadstick, Cheesy Garlic (C) 25-26"
2026-09-17,HS SS Satellite Lunch,HS SS Satellite Lunch,Lunch,Fruit Sides,38118,"Juice, 100% Apple, 4oz (Shelf-stable)","Juice, 100% Apple, 4oz (Shelf-stable) 25-26"
2026-09-17,HS SS Satellite Lunch,HS SS Satellite Lunch,Lunch,Fruit Sides,38088,"Orange, Whole Cut 138 ct. (P)","Orange, Whole Cut 138 ct. (P) 25-26"
2026-09-17,HS SS Satellite Lunch,HS SS Satellite Lunch,Lunch,Milk,37349,"Milk, 1% Plain Half Pint","Milk, 1% Plain Half Pint 25-26"
2026-09-17,HS SS Satellite Lunch,HS SS Satellite Lunch,Lunch,Milk,37351,"Milk, Skim Chocolate Half Pint","Milk, Skim Chocolate Half Pint 25-26"
2026-09-17,HS SS Satellite Lunch,HS SS Satellite Lunch,Lunch,Milk,37353,"Milk, Skim Plain Half Pint","Milk, Skim Plain Half Pint 25-26"
2026-09-17,HS SS Satellite Lunch,HS SS Satellite Lunch,Lunch,Vegetable Sides,38093,"Cucumber Slices, Raw Whole","Cucumber Slices, Raw Whole 25-26"
2026-09-17,HS SS Satellite Lunch,HS SS Satellite Lunch,Lunch,Vegetable Sides,37328,"Fries, Seasoned, Wedge (C)","Fries, Seasoned, Wedge (C) 25-26"
2026-09-17,HS Sack Lunch,HS Sack Lunch,Lunch,Condiments,37390,"Mayonnaise, PC","Mayonnaise, PC 25-26"
2026-09-17,HS Sack Lunch,HS Sack Lunch,Lunch,Condiments,37455,"Ranch, Lite, PC","Ranch, Lite, PC 25-26"
2026-09-17,HS Sack Lunch,HS Sack Lunch,Lunch,Entrees,37899,Turkey Ham (C) & American Cheese (C) Hoagie (H/C),Turkey Ham (C) & American Cheese (C) Hoagie (H/C) 25-26
2026-09-17,HS Sack Lunch,HS Sack Lunch,Lunch,Fruit Sides,38062,"Apple, Whole, Fuji","Apple, Whole, Fuji 25-26"
2026-09-17,HS Sack Lunch,HS Sack Lunch,Lunch,Fruit Sides,38122,"Juice, 100% Fruit Punch, 4oz (Shelf-stable)","Juice, 100% Fruit Punch, 4oz (Shelf-stable) 25-26"
2026-09-17,HS Sack Lunch,HS Sack Lunch,Lunch,Milk,37349,"Milk, 1% Plain Half Pint","Milk, 1% Plain Half Pint 25-26"
2026-09-17,HS Sack Lunch,HS Sack Lunch,Lunch,Milk,37351,"Milk, Skim Chocolate Half Pint","Milk, Skim Chocolate Half Pint 25-26"
2026-09-17,HS Sack Lunch,HS Sack Lunch,Lunch,Milk,37353,"Milk, Skim Plain Half Pint","Milk, Skim Plain Half Pint 25-26"
2026-09-17,HS Sack Lunch,HS Sack Lunch,Lunch,Vegetable Sides,38064,"Bean, Pinto Salad","Bean, Pinto Salad 25-26"
2026-09-17,HS Sack Lunch,HS Sack Lunch,Lunch,Vegetable Sides,38093,"Cucumber Slices, Raw Whole","Cucumber Slices, Raw Whole 25-26"
2026-09-17,HS Satellite Lunch,HS Satellite Lunch,Lunch,Condiments,37842,"Ketchup, PC (P)","Ketchup, PC (P) 25-26"
2026-09-17,HS Satellite Lunch,HS Satellite Lunch,Lunch,Condiments,37455,"Ranch, Lite, PC","Ranch, Lite, PC 25-26"
2026-09-17,HS Satellite Lunch,HS Satellite Lunch,Lunch,Condiments,37929,"Sauce, Hot Sauce TX Pete's PC","Sauce, Hot Sauce TX Pete's PC 25-26"
2026-09-17,HS Satellite Lunch,HS Satellite Lunch,Lunch,Entrees,37416,"Chicken, Tenders W/Breadstick, Cheesy Garlic (C)","Chicken, Tenders W/Breadstick, Cheesy Garlic (C) 25-26"
2026-09-17,HS Satellite Lunch,HS Satellite Lunch,Lunch,Fruit Sides,38118,"Juice, 100% Apple, 4oz (Shelf-stable)","Juice, 100% Apple, 4oz (Shelf-stable) 25-26"
2026-09-17,HS Satellite Lunch,HS Satellite Lunch,Lunch,Fruit Sides,38088,"Orange, Whole Cut 138 ct. (P)","Orange, Whole Cut 138 ct. (P) 25-26"
2026-09-17,HS Satellite Lunch,HS Satellite Lunch,Lunch,Milk,37349,"Milk, 1% Plain Half Pint","Milk, 1% Plain Half Pint 25-26"
2026-09-17,HS Satellite Lunch,HS Satellite Lunch,Lunch,Milk,37351,"Milk, Skim Chocolate Half Pint","Milk, Skim Chocolate Half Pint 25-26"
2026-09-17,HS Satellite Lunch,HS Satellite Lunch,Lunch,Milk,37353,"Milk, Skim Plain Half Pint","Milk, Skim Plain Half Pint 25-26"
2026-09-17,HS Satellite Lunch,HS Satellite Lunch,Lunch,Vegetable Sides,38093,"Cucumber Slices, Raw Whole","Cucumber Slices, Raw Whole 25-26"
2026-09-17,HS Satellite Lunch,HS Satellite Lunch,Lunch,Vegetable Sides,37328,"Fries, Seasoned, Wedge (C)","Fries, Seasoned, Wedge (C) 25-26"
2026-09-17,HS Snack Favorites,HS Favorites,Snack,Condiments,38262,"Dipping Sauce, Marinara (P)","Dipping Sauce, Marinara (P) 25-26"
2026-09-17,HS Snack Favorites,HS Favorites,Snack,Condiments,37842,"Ketchup, PC (P)","Ketchup, PC (P) 25-26"
2026-09-17,HS Snack Favorites,HS Favorites,Snack,Condiments,37390,"Mayonnaise, PC","Mayonnaise, PC 25-26"
2026-09-17,HS Snack Favorites,HS Favorites,Snack,Condiments,37398,"Mustard, PC","Mustard, PC 25-26"
2026-09-17,HS Snack Favorites,HS Favorites,Snack,Condiments,37439,"Pickles, 2ea","Pickles, 2ea 25-26"
2026-09-17,HS Snack Favorites,HS Favorites,Snack,Condiments,37914,"Sauce, Guacamole","Sauce, Guacamole 25-26"
2026-09-17,HS Snack Favorites,HS Favorites,Snack,Condiments,37929,"Sauce, Hot Sauce TX Pete's PC","Sauce, Hot Sauce TX Pete's PC 25-26"
2026-09-17,HS Snack Favorites,HS Favorites,Snack,Condiments,37884,"Sauce, Salsa Cup (P)","Sauce, Salsa Cup (P) 25-26"
2026-09-17,HS Snack Favorites,HS Favorites,Snack,Condiments,37913,"Sour Cream, Individual PC,","Sour Cream, Individual PC, 25-26"
2026-09-17,HS Snack Favorites,HS Favorites,Snack,Condiments,37443,"Tajin, PC","Tajin, PC 25-26"
2026-09-17,HS Snack Favorites,HS Favorites,Snack,Entrees,37717,"Beef (C), Burger, American Cheese (C)","Beef (C), Burger, American Cheese (C) 25-26"
2026-09-17,HS Snack Favorites,HS Favorites,Snack,Entrees,38110,"Chicken Fajita (CP), Cheese Sauce (C) Nachos","Chicken Fajita (CP), Cheese Sauce (C) Nachos 25-26"
2026-09-17,HS Snack Favorites,HS Favorites,Snack,Entrees,38099,"Chicken, Spicy, Sandwich WM (C)","Chicken, Spicy, Sandwich WM (C) 25-26"
2026-09-17,HS Snack Favorites,HS Favorites,Snack,Fruit Sides,38091,"Grapes, Red, Whole","Grapes, Red, Whole 25-26"
2026-09-17,HS Snack Favorites,HS Favorites,Snack,Fruit Sides,38118,"Juice, 100% Apple, 4oz (Shelf-stable)","Juice, 100% Apple, 4oz (Shelf-stable) 25-26"
2026-09-17,HS Snack Favorites,HS Favorites,Snack,Grain/Other Side,37310,"Chips, Baked Lays","Chips, Baked Lays 25-26"
2026-09-17,HS Snack Favorites,HS Favorites,Snack,Grain/Other Side,37459,"Pudding, Chocolate","Pudding, Chocolate 25-26"
2026-09-17,HS Snack Favorites,HS Favorites,Snack,Milk,37349,"Milk, 1% Plain Half Pint","Milk, 1% Plain Half Pint 25-26"
2026-09-17,HS Snack Favorites,HS Favorites,Snack,Milk,37351,"Milk, Skim Chocolate Half Pint","Milk, Skim Chocolate Half Pint 25-26"
2026-09-17,HS Snack Favorites,HS Favorites,Snack,Milk,37353,"Milk, Skim Plain Half Pint","Milk, Skim Plain Half Pint 25-26"
2026-09-17,HS Snack Favorites,HS Favorites,Snack,Vegetable Sides,38093,"Cucumber Slices, Raw Whole","Cucumber Slices, Raw Whole 25-26"
2026-09-17,HS Snack Favorites,HS Favorites,Snack,Vegetable Sides,37480,"Potatoes, Mashed w/Gravy (Turkey) (C)","Potatoes, Mashed w/Gravy (Turkey) (C) 25-26"
2026-09-17,K-12 Snack,K-12 Snack,Snack,Entrees,37445,"Snack, Cracker, Cheese","Snack, Cracker, Cheese 25-26"
2026-09-17,K-12 Snack,K-12 Snack,Snack,Fruit Sides,38131,"Juice, 100% Apple, 6oz (Shelf-stable)","Juice, 100% Apple, 6oz (Shelf-stable) 25-26"
2026-09-17,K-8 Lunch,K-8 Lunch,Lunch,Condiments,37345,"Ketchup, PC (C)","Ketchup, PC (C) 25-26"
2026-09-17,K-8 Lunch,K-8 Lunch,Lunch,Condiments,37455,"Ranch, Lite, PC","Ranch, Lite, PC 25-26"
2026-09-17,K-8 Lunch,K-8 Lunch,Lunch,Condiments,37521,"Sauce, BBQ Dunk Cup, PC (C)","Sauce, BBQ Dunk Cup, PC (C) 25-26"
2026-09-17,K-8 Lunch,K-8 Lunch,Lunch,Condiments,37929,"Sauce, Hot Sauce TX Pete's PC","Sauce, Hot Sauce TX Pete's PC 25-26"
2026-09-17,K-8 Lunch,K-8 Lunch,Lunch,Condiments,37443,"Tajin, PC","Tajin, PC 25-26"
2026-09-17,K-8 Lunch,K-8 Lunch,Lunch,Entrees,37225,"Chicken Fried Steak, Gravy, w/Roll","Chicken Fried Steak, Gravy, w/Roll 25-26"
2026-09-17,K-8 Lunch,K-8 Lunch,Lunch,Entrees,37442,"Chicken, Nuggets, WM w/Breadstick, Cheesy Garlic (C)","Chicken, Nuggets, WM w/Breadstick, Cheesy Garlic (C) 25-26"
2026-09-17,K-8 Lunch,K-8 Lunch,Lunch,Entrees,37591,"Sandwich, Soy Butter and Jelly IW","Sandwich, Soy Butter and Jelly IW 25-26"
2026-09-17,K-8 Lunch,K-8 Lunch,Lunch,Fruit Sides,38091,"Grapes, Red, Whole","Grapes, Red, Whole 25-26"
2026-09-17,K-8 Lunch,K-8 Lunch,Lunch,Grain/Other Side,37970,"ALC, Cookie, Chocolate Chip, Dough","ALC, Cookie, Chocolate Chip, Dough 25-26"
2026-09-17,K-8 Lunch,K-8 Lunch,Lunch,Milk,37349,"Milk, 1% Plain Half Pint","Milk, 1% Plain Half Pint 25-26"
2026-09-17,K-8 Lunch,K-8 Lunch,Lunch,Milk,37351,"Milk, Skim Chocolate Half Pint","Milk, Skim Chocolate Half Pint 25-26"
2026-09-17,K-8 Lunch,K-8 Lunch,Lunch,Milk,37353,"Milk, Skim Plain Half Pint","Milk, Skim Plain Half Pint 25-26"
2026-09-17,K-8 Lunch,K-8 Lunch,Lunch,Vegetable Sides,38093,"Cucumber Slices, Raw Whole","Cucumber Slices, Raw Whole 25-26"
2026-09-17,K-8 Lunch,K-8 Lunch,Lunch,Vegetable Sides,37480,"Potatoes, Mashed w/Gravy (Turkey) (C)","Potatoes, Mashed w/Gravy (Turkey) (C) 25-26"
2026-09-17,K-8 Sack Lunch,K-8 Sack Lunch,Lunch,Entrees,37775,Turkey Breast (C) & Cheese (C) Pullman Sandwich (H/C),Turkey Breast (C) & Cheese (C) Pullman Sandwich (H/C) 25-26
2026-09-17,K-8 Sack Lunch,K-8 Sack Lunch,Lunch,Fruit Sides,38062,"Apple, Whole, Fuji","Apple, Whole, Fuji 25-26"
2026-09-17,K-8 Sack Lunch,K-8 Sack Lunch,Lunch,Milk,37349,"Milk, 1% Plain Half Pint","Milk, 1% Plain Half Pint 25-26"
2026-09-17,K-8 Sack Lunch,K-8 Sack Lunch,Lunch,Milk,37351,"Milk, Skim Chocolate Half Pint","Milk, Skim Chocolate Half Pint 25-26"
2026-09-17,K-8 Sack Lunch,K-8 Sack Lunch,Lunch,Milk,37353,"Milk, Skim Plain Half Pint","Milk, Skim Plain Half Pint 25-26"
2026-09-17,K-8 Sack Lunch,K-8 Sack Lunch,Lunch,Vegetable Sides,38064,"Bean, Pinto Salad","Bean, Pinto Salad 25-26"
2026-09-17,K-8 Sack Lunch,K-8 Sack Lunch,Lunch,Vegetable Sides,38093,"Cucumber Slices, Raw Whole","Cucumber Slices, Raw Whole 25-26"
2026-09-17,K-8 Satellite Lunch,K-8 Satellite Lunch,Lunch,Condiments,37842,"Ketchup, PC (P)","Ketchup, PC (P) 25-26"
2026-09-17,K-8 Satellite Lunch,K-8 Satellite Lunch,Lunch,Condiments,37398,"Mustard, PC","Mustard, PC 25-26"
2026-09-17,K-8 Satellite Lunch,K-8 Satellite Lunch,Lunch,Condiments,37443,"Tajin, PC","Tajin, PC 25-26"
2026-09-17,K-8 Satellite Lunch,K-8 Satellite Lunch,Lunch,Entrees,37442,"Chicken, Nuggets, WM w/Breadstick, Cheesy Garlic (C)","Chicken, Nuggets, WM w/Breadstick, Cheesy Garlic (C) 25-26"
2026-09-17,K-8 Satellite Lunch,K-8 Satellite Lunch,Lunch,Fruit Sides,38088,"Orange, Whole Cut 138 ct. (P)","Orange, Whole Cut 138 ct. (P) 25-26"
2026-09-17,K-8 Satellite Lunch,K-8 Satellite Lunch,Lunch,Milk,37349,"Milk, 1% Plain Half Pint","Milk, 1% Plain Half Pint 25-26"
2026-09-17,K-8 Satellite Lunch,K-8 Satellite Lunch,Lunch,Milk,37351,"Milk, Skim Chocolate Half Pint","Milk, Skim Chocolate Half Pint 25-26"
2026-09-17,K-8 Satellite Lunch,K-8 Satellite Lunch,Lunch,Milk,37353,"Milk, Skim Plain Half Pint","Milk, Skim Plain Half Pint 25-26"
2026-09-17,K-8 Satellite Lunch,K-8 Satellite Lunch,Lunch,Vegetable Sides,38093,"Cucumber Slices, Raw Whole","Cucumber Slices, Raw Whole 25-26"
2026-09-17,K-8 Satellite Lunch,K-8 Satellite Lunch,Lunch,Vegetable Sides,37527,"Potato, Tater Tots (C)","Potato, Tater Tots (C) 25-26"
2026-09-17,MS Snack Favorites,MS Favorites,Snack,Condiments,38262,"Dipping Sauce, Marinara (P)","Dipping Sauce, Marinara (P) 25-26"
2026-09-17,MS Snack Favorites,MS Favorites,Snack,Condiments,37842,"Ketchup, PC (P)","Ketchup, PC (P) 25-26"
2026-09-17,MS Snack Favorites,MS Favorites,Snack,Condiments,37390,"Mayonnaise, PC","Mayonnaise, PC 25-26"
2026-09-17,MS Snack Favorites,MS Favorites,Snack,Condiments,37398,"Mustard, PC","Mustard, PC 25-26"
2026-09-17,MS Snack Favorites,MS Favorites,Snack,Condiments,37439,"Pickles, 2ea","Pickles, 2ea 25-26"
2026-09-17,MS Snack Favorites,MS Favorites,Snack,Condiments,37914,"Sauce, Guacamole","Sauce, Guacamole 25-26"
2026-09-17,MS Snack Favorites,MS Favorites,Snack,Condiments,37929,"Sauce, Hot Sauce TX Pete's PC","Sauce, Hot Sauce TX Pete's PC 25-26"
2026-09-17,MS Snack Favorites,MS Favorites,Snack,Condiments,37884,"Sauce, Salsa Cup (P)","Sauce, Salsa Cup (P) 25-26"
2026-09-17,MS Snack Favorites,MS Favorites,Snack,Condiments,37443,"Tajin, PC","Tajin, PC 25-26"
2026-09-17,MS Snack Favorites,MS Favorites,Snack,Entrees,37717,"Beef (C), Burger, American Cheese (C)","Beef (C), Burger, American Cheese (C) 25-26"
2026-09-17,MS Snack Favorites,MS Favorites,Snack,Entrees,38110,"Chicken Fajita (CP), Cheese Sauce (C) Nachos","Chicken Fajita (CP), Cheese Sauce (C) Nachos 25-26"
2026-09-17,MS Snack Favorites,MS Favorites,Snack,Entrees,38099,"Chicken, Spicy, Sandwich WM (C)","Chicken, Spicy, Sandwich WM (C) 25-26"
2026-09-17,MS Snack Favorites,MS Favorites,Snack,Fruit Sides,38091,"Grapes, Red, Whole","Grapes, Red, Whole 25-26"
2026-09-17,MS Snack Favorites,MS Favorites,Snack,Milk,37349,"Milk, 1% Plain Half Pint","Milk, 1% Plain Half Pint 25-26"
2026-09-17,MS Snack Favorites,MS Favorites,Snack,Milk,37351,"Milk, Skim Chocolate Half Pint","Milk, Skim Chocolate Half Pint 25-26"
2026-09-17,MS Snack Favorites,MS Favorites,Snack,Milk,37353,"Milk, Skim Plain Half Pint","Milk, Skim Plain Half Pint 25-26"
2026-09-17,MS Snack Favorites,MS Favorites,Snack,Vegetable Sides,38093,"Cucumber Slices, Raw Whole","Cucumber Slices, Raw Whole 25-26"
2026-09-17,MS Snack Favorites,MS Favorites,Snack,Vegetable Sides,37480,"Potatoes, Mashed w/Gravy (Turkey) (C)","Potatoes, Mashed w/Gravy (Turkey) (C) 25-26"
2026-09-17,Pre-K Lunch SS,PreK Lunch SS,Lunch,Condiments,37842,"Ketchup, PC (P)","Ketchup, PC (P) 25-26"
2026-09-17,Pre-K Lunch SS,PreK Lunch SS,Lunch,Condiments,37455,"Ranch, Lite, PC","Ranch, Lite, PC 25-26"
2026-09-17,Pre-K Lunch SS,PreK Lunch SS,Lunch,Condiments,37883,"Sauce, BBQ Dunk Cup, PC (P)","Sauce, BBQ Dunk Cup, PC (P) 25-26"
2026-09-17,Pre-K Lunch SS,PreK Lunch SS,Lunch,Entrees,37442,"Chicken, Nuggets, WM w/Breadstick, Cheesy Garlic (C)","Chicken, Nuggets, WM w/Breadstick, Cheesy Garlic (C) 25-26"
2026-09-17,Pre-K Lunch SS,PreK Lunch SS,Lunch,Fruit Sides,37506,"Fruit, Apple Slices IW (C)","Fruit, Apple Slices IW (C) 25-26"
2026-09-17,Pre-K Lunch SS,PreK Lunch SS,Lunch,Milk,37349,"Milk, 1% Plain Half Pint","Milk, 1% Plain Half Pint 25-26"
2026-09-17,Pre-K Lunch SS,PreK Lunch SS,Lunch,Vegetable Sides,38081,"PreK, Cucumber Slices, Raw Whole 1/4c","PreK, Cucumber Slices, Raw Whole 1/4c 25-26"
2026-09-17,PreK Snack,PreK Snack,Snack,Entrees,37445,"Snack, Cracker, Cheese","Snack, Cracker, Cheese 25-26"
2026-09-17,PreK Snack,PreK Snack,Snack,Fruit Sides,38131,"Juice, 100% Apple, 6oz (Shelf-stable)","Juice, 100% Apple, 6oz (Shelf-stable) 25-26"
2026-09-18,Breakfast SS K-12,Breakfast SS K-12,Breakfast,Fruit,37506,"Fruit, Apple Slices IW (C)","Fruit, Apple Slices IW (C) 25-26"
2026-09-18,Breakfast SS K-12,Breakfast SS K-12,Breakfast,Fruit,38118,"Juice, 100% Apple, 4oz (Shelf-stable)","Juice, 100% Apple, 4oz (Shelf-stable) 25-26"
2026-09-18,Breakfast SS K-12,Breakfast SS K-12,Breakfast,Grain/ M/MA,37447,"Sandwich, Breakfast Maple Pancake, Chicken Sausage & Cheese IW (C)","Sandwich, Breakfast Maple Pancake, Chicken Sausage & Cheese IW (C) 25-26"
2026-09-18,Breakfast SS K-12,Breakfast SS K-12,Breakfast,Grain/ M/MA,37422,"Yogurt, Strawberry 4oz","Yogurt, Strawberry 4oz 25-26"
2026-09-18,Breakfast SS K-12,Breakfast SS K-12,Breakfast,Milk,37349,"Milk, 1% Plain Half Pint","Milk, 1% Plain Half Pint 25-26"
2026-09-18,Breakfast SS K-12,Breakfast SS K-12,Breakfast,Milk,37353,"Milk, Skim Plain Half Pint","Milk, Skim Plain Half Pint 25-26"
2026-09-18,Breakfast SS Pre-K,Breakfast SS PreK,Breakfast,Fruit,38118,"Juice, 100% Apple, 4oz (Shelf-stable)","Juice, 100% Apple, 4oz (Shelf-stable) 25-26"
2026-09-18,Breakfast SS Pre-K,Breakfast SS PreK,Breakfast,Grain/ M/MA,37447,"Sandwich, Breakfast Maple Pancake, Chicken Sausage & Cheese IW (C)","Sandwich, Breakfast Maple Pancake, Chicken Sausage & Cheese IW (C) 25-26"
2026-09-18,Breakfast SS Pre-K,Breakfast SS PreK,Breakfast,Milk,37349,"Milk, 1% Plain Half Pint","Milk, 1% Plain Half Pint 25-26"
2026-09-18,Breakfast Traditional OVS K-12,Breakfast Traditional OVS K-12,Breakfast,Condiments/ Side,37321,"Cracker, Educational Farmers MRKT","Cracker, Educational Farmers MRKT 25-26"
2026-09-18,Breakfast Traditional OVS K-12,Breakfast Traditional OVS K-12,Breakfast,Fruit,37506,"Fruit, Apple Slices IW (C)","Fruit, Apple Slices IW (C) 25-26"
2026-09-18,Breakfast Traditional OVS K-12,Breakfast Traditional OVS K-12,Breakfast,Fruit,38118,"Juice, 100% Apple, 4oz (Shelf-stable)","Juice, 100% Apple, 4oz (Shelf-stable) 25-26"
2026-09-18,Breakfast Traditional OVS K-12,Breakfast Traditional OVS K-12,Breakfast,Grain/ M/MA,37715,"Chicken, Biscuit, Fully Cooked, WG (C)","Chicken, Biscuit, Fully Cooked, WG (C) 25-26"
2026-09-18,Breakfast Traditional OVS K-12,Breakfast Traditional OVS K-12,Breakfast,Grain/ M/MA,37423,"Yogurt & Granola, Strawberry 4oz, Granola 1oz","Yogurt & Granola, Strawberry 4oz, Granola 1oz 25-26"
2026-09-18,Breakfast Traditional OVS K-12,Breakfast Traditional OVS K-12,Breakfast,Milk,37349,"Milk, 1% Plain Half Pint","Milk, 1% Plain Half Pint 25-26"
2026-09-18,Breakfast Traditional OVS K-12,Breakfast Traditional OVS K-12,Breakfast,Milk,37353,"Milk, Skim Plain Half Pint","Milk, Skim Plain Half Pint 25-26"
2026-09-18,CACFP Cold Dinner,CACFP Cold Dinner,Dinner,Condiments,37390,"Mayonnaise, PC","Mayonnaise, PC 25-26"
2026-09-18,CACFP Cold Dinner,CACFP Cold Dinner,Dinner,Condiments,37398,"Mustard, PC","Mustard, PC 25-26"
2026-09-18,CACFP Cold Dinner,CACFP Cold Dinner,Dinner,Condiments,37455,"Ranch, Lite, PC","Ranch, Lite, PC 25-26"
2026-09-18,CACFP Cold Dinner,CACFP Cold Dinner,Dinner,Entrees,37681,"Sandwich, Hoagie, Turkey Ham & Cheese on WG Roll IW","Sandwich, Hoagie, Turkey Ham & Cheese on WG Roll IW 25-26"
2026-09-18,CACFP Cold Dinner,CACFP Cold Dinner,Dinner,Fruit Sides,38088,"Orange, Whole Cut 138 ct. (P)","Orange, Whole Cut 138 ct. (P) 25-26"
2026-09-18,CACFP Cold Dinner,CACFP Cold Dinner,Dinner,Milk,37349,"Milk, 1% Plain Half Pint","Milk, 1% Plain Half Pint 25-26"
2026-09-18,CACFP Cold Dinner,CACFP Cold Dinner,Dinner,Milk,37351,"Milk, Skim Chocolate Half Pint","Milk, Skim Chocolate Half Pint 25-26"
2026-09-18,CACFP Cold Dinner,CACFP Cold Dinner,Dinner,Vegetable Sides,38072,"Celery, Raw","Celery, Raw 25-26"
2026-09-18,CACFP Hot Dinner,CACFP Hot Dinner,Dinner,Entrees,37589,"Chicken, Dumplings, Teriyaki Sauce","Chicken, Dumplings, Teriyaki Sauce 25-26"
2026-09-18,CACFP Hot Dinner,CACFP Hot Dinner,Dinner,Fruit Sides,38123,"Craisins, Dried, Cherry","Craisins, Dried, Cherry 25-26"
2026-09-18,CACFP Hot Dinner,CACFP Hot Dinner,Dinner,Milk,37349,"Milk, 1% Plain Half Pint","Milk, 1% Plain Half Pint 25-26"
2026-09-18,CACFP Hot Dinner,CACFP Hot Dinner,Dinner,Milk,37351,"Milk, Skim Chocolate Half Pint","Milk, Skim Chocolate Half Pint 25-26"
2026-09-18,CACFP Hot Dinner,CACFP Hot Dinner,Dinner,Vegetable Sides,37335,"Green Beans, Butter Buds, Fajita","Green Beans, Butter Buds, Fajita 25-26"
2026-09-18,HS Homestyle Lunch,HS Homestyle Lunch,Lunch,Condiments,37842,"Ketchup, PC (P)","Ketchup, PC (P) 25-26"
2026-09-18,HS Homestyle Lunch,HS Homestyle Lunch,Lunch,Condiments,37914,"Sauce, Guacamole","Sauce, Guacamole 25-26"
2026-09-18,HS Homestyle Lunch,HS Homestyle Lunch,Lunch,Condiments,37929,"Sauce, Hot Sauce TX Pete's PC","Sauce, Hot Sauce TX Pete's PC 25-26"
2026-09-18,HS Homestyle Lunch,HS Homestyle Lunch,Lunch,Condiments,37884,"Sauce, Salsa Cup (P)","Sauce, Salsa Cup (P) 25-26"
2026-09-18,HS Homestyle Lunch,HS Homestyle Lunch,Lunch,Condiments,37409,"Tartar Sauce, PC","Tartar Sauce, PC 25-26"
2026-09-18,HS Homestyle Lunch,HS Homestyle Lunch,Lunch,Entrees,38110,"Chicken Fajita (CP), Cheese Sauce (C) Nachos","Chicken Fajita (CP), Cheese Sauce (C) Nachos 25-26"
2026-09-18,HS Homestyle Lunch,HS Homestyle Lunch,Lunch,Entrees,37682,Fish w/ Cheese & Roll (C),Fish w/ Cheese & Roll (C) 25-26
2026-09-18,HS Homestyle Lunch,HS Homestyle Lunch,Lunch,Entrees,38216,"Sandwich, Soy Butter and Strawberry Jelly IW","Sandwich, Soy Butter and Strawberry Jelly IW 25-26"
2026-09-18,HS Homestyle Lunch,HS Homestyle Lunch,Lunch,Fruit Sides,37331,"Fruit, Mixed, Canned (Drained)","Fruit, Mixed, Canned (Drained) 25-26"
2026-09-18,HS Homestyle Lunch,HS Homestyle Lunch,Lunch,Fruit Sides,38118,"Juice, 100% Apple, 4oz (Shelf-stable)","Juice, 100% Apple, 4oz (Shelf-stable) 25-26"
2026-09-18,HS Homestyle Lunch,HS Homestyle Lunch,Lunch,Grain/Other Side,37310,"Chips, Baked Lays","Chips, Baked Lays 25-26"
2026-09-18,HS Homestyle Lunch,HS Homestyle Lunch,Lunch,Grain/Other Side,37459,"Pudding, Chocolate","Pudding, Chocolate 25-26"
2026-09-18,HS Homestyle Lunch,HS Homestyle Lunch,Lunch,Milk,37349,"Milk, 1% Plain Half Pint","Milk, 1% Plain Half Pint 25-26"
2026-09-18,HS Homestyle Lunch,HS Homestyle Lunch,Lunch,Milk,37351,"Milk, Skim Chocolate Half Pint","Milk, Skim Chocolate Half Pint 25-26"
2026-09-18,HS Homestyle Lunch,HS Homestyle Lunch,Lunch,Milk,37353,"Milk, Skim Plain Half Pint","Milk, Skim Plain Half Pint 25-26"
2026-09-18,HS Homestyle Lunch,HS Homestyle Lunch,Lunch,Vegetable Sides,37784,"Cauliflower, Frozen, Butter Buds, Fajita","Cauliflower, Frozen, Butter Buds, Fajita 25-26"
2026-09-18,HS Homestyle Lunch,HS Homestyle Lunch,Lunch,Vegetable Sides,37438,"Peas & Carrots, Blend, Butter Buds, Fajita","Peas & Carrots, Blend, Butter Buds, Fajita 25-26"
2026-09-18,HS SS Satellite Lunch,HS SS Satellite Lunch,Lunch,Condiments,37914,"Sauce, Guacamole","Sauce, Guacamole 25-26"
2026-09-18,HS SS Satellite Lunch,HS SS Satellite Lunch,Lunch,Condiments,37929,"Sauce, Hot Sauce TX Pete's PC","Sauce, Hot Sauce TX Pete's PC 25-26"
2026-09-18,HS SS Satellite Lunch,HS SS Satellite Lunch,Lunch,Condiments,37884,"Sauce, Salsa Cup (P)","Sauce, Salsa Cup (P) 25-26"
2026-09-18,HS SS Satellite Lunch,HS SS Satellite Lunch,Lunch,Entrees,38110,"Chicken Fajita (CP), Cheese Sauce (C) Nachos","Chicken Fajita (CP), Cheese Sauce (C) Nachos 25-26"
2026-09-18,HS SS Satellite Lunch,HS SS Satellite Lunch,Lunch,Fruit Sides,37331,"Fruit, Mixed, Canned (Drained)","Fruit, Mixed, Canned (Drained) 25-26"
2026-09-18,HS SS Satellite Lunch,HS SS Satellite Lunch,Lunch,Fruit Sides,38118,"Juice, 100% Apple, 4oz (Shelf-stable)","Juice, 100% Apple, 4oz (Shelf-stable) 25-26"
2026-09-18,HS SS Satellite Lunch,HS SS Satellite Lunch,Lunch,Milk,37349,"Milk, 1% Plain Half Pint","Milk, 1% Plain Half Pint 25-26"
2026-09-18,HS SS Satellite Lunch,HS SS Satellite Lunch,Lunch,Milk,37351,"Milk, Skim Chocolate Half Pint","Milk, Skim Chocolate Half Pint 25-26"
2026-09-18,HS SS Satellite Lunch,HS SS Satellite Lunch,Lunch,Milk,37353,"Milk, Skim Plain Half Pint","Milk, Skim Plain Half Pint 25-26"
2026-09-18,HS SS Satellite Lunch,HS SS Satellite Lunch,Lunch,Vegetable Sides,37290,"Broccoli, Frozen, Butter Buds, Fajita","Broccoli, Frozen, Butter Buds, Fajita 25-26"
2026-09-18,HS SS Satellite Lunch,HS SS Satellite Lunch,Lunch,Vegetable Sides,37297,"Carrots, Glazed","Carrots, Glazed 25-26"
2026-09-18,HS Sack Lunch,HS Sack Lunch,Lunch,Condiments,37390,"Mayonnaise, PC","Mayonnaise, PC 25-26"
2026-09-18,HS Sack Lunch,HS Sack Lunch,Lunch,Condiments,37455,"Ranch, Lite, PC","Ranch, Lite, PC 25-26"
2026-09-18,HS Sack Lunch,HS Sack Lunch,Lunch,Entrees,37775,Turkey Breast (C) & Cheese (C) Pullman Sandwich (H/C),Turkey Breast (C) & Cheese (C) Pullman Sandwich (H/C) 25-26
2026-09-18,HS Sack Lunch,HS Sack Lunch,Lunch,Fruit Sides,38062,"Apple, Whole, Fuji","Apple, Whole, Fuji 25-26"
2026-09-18,HS Sack Lunch,HS Sack Lunch,Lunch,Fruit Sides,38122,"Juice, 100% Fruit Punch, 4oz (Shelf-stable)","Juice, 100% Fruit Punch, 4oz (Shelf-stable) 25-26"
2026-09-18,HS Sack Lunch,HS Sack Lunch,Lunch,Grain/Other Side,37310,"Chips, Baked Lays","Chips, Baked Lays 25-26"
2026-09-18,HS Sack Lunch,HS Sack Lunch,Lunch,Milk,37349,"Milk, 1% Plain Half Pint","Milk, 1% Plain Half Pint 25-26"
2026-09-18,HS Sack Lunch,HS Sack Lunch,Lunch,Milk,37351,"Milk, Skim Chocolate Half Pint","Milk, Skim Chocolate Half Pint 25-26"
2026-09-18,HS Sack Lunch,HS Sack Lunch,Lunch,Milk,37353,"Milk, Skim Plain Half Pint","Milk, Skim Plain Half Pint 25-26"
2026-09-18,HS Sack Lunch,HS Sack Lunch,Lunch,Vegetable Sides,38071,"Carrots, Baby Raw","Carrots, Baby Raw 25-26"
2026-09-18,HS Sack Lunch,HS Sack Lunch,Lunch,Vegetable Sides,38072,"Celery, Raw","Celery, Raw 25-26"
2026-09-18,HS Satellite Lunch,HS Satellite Lunch,Lunch,Condiments,37914,"Sauce, Guacamole","Sauce, Guacamole 25-26"
2026-09-18,HS Satellite Lunch,HS Satellite Lunch,Lunch,Condiments,37929,"Sauce, Hot Sauce TX Pete's PC","Sauce, Hot Sauce TX Pete's PC 25-26"
2026-09-18,HS Satellite Lunch,HS Satellite Lunch,Lunch,Condiments,37884,"Sauce, Salsa Cup (P)","Sauce, Salsa Cup (P) 25-26"
2026-09-18,HS Satellite Lunch,HS Satellite Lunch,Lunch,Entrees,38110,"Chicken Fajita (CP), Cheese Sauce (C) Nachos","Chicken Fajita (CP), Cheese Sauce (C) Nachos 25-26"
2026-09-18,HS Satellite Lunch,HS Satellite Lunch,Lunch,Fruit Sides,37331,"Fruit, Mixed, Canned (Drained)","Fruit, Mixed, Canned (Drained) 25-26"
2026-09-18,HS Satellite Lunch,HS Satellite Lunch,Lunch,Fruit Sides,38118,"Juice, 100% Apple, 4oz (Shelf-stable)","Juice, 100% Apple, 4oz (Shelf-stable) 25-26"
2026-09-18,HS Satellite Lunch,HS Satellite Lunch,Lunch,Milk,37349,"Milk, 1% Plain Half Pint","Milk, 1% Plain Half Pint 25-26"
2026-09-18,HS Satellite Lunch,HS Satellite Lunch,Lunch,Milk,37351,"Milk, Skim Chocolate Half Pint","Milk, Skim Chocolate Half Pint 25-26"
2026-09-18,HS Satellite Lunch,HS Satellite Lunch,Lunch,Milk,37353,"Milk, Skim Plain Half Pint","Milk, Skim Plain Half Pint 25-26"
2026-09-18,HS Satellite Lunch,HS Satellite Lunch,Lunch,Vegetable Sides,37290,"Broccoli, Frozen, Butter Buds, Fajita","Broccoli, Frozen, Butter Buds, Fajita 25-26"
2026-09-18,HS Satellite Lunch,HS Satellite Lunch,Lunch,Vegetable Sides,37297,"Carrots, Glazed","Carrots, Glazed 25-26"
2026-09-18,HS Snack Favorites,HS Favorites,Snack,Condiments,38262,"Dipping Sauce, Marinara (P)","Dipping Sauce, Marinara (P) 25-26"
2026-09-18,HS Snack Favorites,HS Favorites,Snack,Condiments,37842,"Ketchup, PC (P)","Ketchup, PC (P) 25-26"
2026-09-18,HS Snack Favorites,HS Favorites,Snack,Condiments,37390,"Mayonnaise, PC","Mayonnaise, PC 25-26"
2026-09-18,HS Snack Favorites,HS Favorites,Snack,Condiments,37398,"Mustard, PC","Mustard, PC 25-26"
2026-09-18,HS Snack Favorites,HS Favorites,Snack,Condiments,37439,"Pickles, 2ea","Pickles, 2ea 25-26"
2026-09-18,HS Snack Favorites,HS Favorites,Snack,Condiments,37455,"Ranch, Lite, PC","Ranch, Lite, PC 25-26"
2026-09-18,HS Snack Favorites,HS Favorites,Snack,Condiments,37929,"Sauce, Hot Sauce TX Pete's PC","Sauce, Hot Sauce TX Pete's PC 25-26"
2026-09-18,HS Snack Favorites,HS Favorites,Snack,Entrees,37717,"Beef (C), Burger, American Cheese (C)","Beef (C), Burger, American Cheese (C) 25-26"
2026-09-18,HS Snack Favorites,HS Favorites,Snack,Entrees,37389,"Cheesy Breadstick Bites, Jalapeno (C)","Cheesy Breadstick Bites, Jalapeno (C) 25-26"
2026-09-18,HS Snack Favorites,HS Favorites,Snack,Entrees,37678,"Chicken, Tenders, Nashville Hot w/1 oz Roll (C)","Chicken, Tenders, Nashville Hot w/1 oz Roll (C) 25-26"
2026-09-18,HS Snack Favorites,HS Favorites,Snack,Fruit Sides,37331,"Fruit, Mixed, Canned (Drained)","Fruit, Mixed, Canned (Drained) 25-26"
2026-09-18,HS Snack Favorites,HS Favorites,Snack,Fruit Sides,38118,"Juice, 100% Apple, 4oz (Shelf-stable)","Juice, 100% Apple, 4oz (Shelf-stable) 25-26"
2026-09-18,HS Snack Favorites,HS Favorites,Snack,Grain/Other Side,37970,"ALC, Cookie, Chocolate Chip, Dough","ALC, Cookie, Chocolate Chip, Dough 25-26"
2026-09-18,HS Snack Favorites,HS Favorites,Snack,Grain/Other Side,37310,"Chips, Baked Lays","Chips, Baked Lays 25-26"
2026-09-18,HS Snack Favorites,HS Favorites,Snack,Milk,37349,"Milk, 1% Plain Half Pint","Milk, 1% Plain Half Pint 25-26"
2026-09-18,HS Snack Favorites,HS Favorites,Snack,Milk,37351,"Milk, Skim Chocolate Half Pint","Milk, Skim Chocolate Half Pint 25-26"
2026-09-18,HS Snack Favorites,HS Favorites,Snack,Milk,37353,"Milk, Skim Plain Half Pint","Milk, Skim Plain Half Pint 25-26"
2026-09-18,HS Snack Favorites,HS Favorites,Snack,Vegetable Sides,37784,"Cauliflower, Frozen, Butter Buds, Fajita","Cauliflower, Frozen, Butter Buds, Fajita 25-26"
2026-09-18,HS Snack Favorites,HS Favorites,Snack,Vegetable Sides,37438,"Peas & Carrots, Blend, Butter Buds, Fajita","Peas & Carrots, Blend, Butter Buds, Fajita 25-26"
2026-09-18,K-12 Snack,K-12 Snack,Snack,Entrees,37446,"Snack Mix, Cracker, Strawberry Yogurt","Snack Mix, Cracker, Strawberry Yogurt 25-26"
2026-09-18,K-12 Snack,K-12 Snack,Snack,Fruit Sides,38182,"Apple, Whole, Red Delicious","Apple, Whole, Red Delicious 25-26"
2026-09-18,K-8 Lunch,K-8 Lunch,Lunch,Condiments,37842,"Ketchup, PC (P)","Ketchup, PC (P) 25-26"
2026-09-18,K-8 Lunch,K-8 Lunch,Lunch,Condiments,37914,"Sauce, Guacamole","Sauce, Guacamole 25-26"
2026-09-18,K-8 Lunch,K-8 Lunch,Lunch,Condiments,37929,"Sauce, Hot Sauce TX Pete's PC","Sauce, Hot Sauce TX Pete's PC 25-26"
2026-09-18,K-8 Lunch,K-8 Lunch,Lunch,Condiments,37884,"Sauce, Salsa Cup (P)","Sauce, Salsa Cup (P) 25-26"
2026-09-18,K-8 Lunch,K-8 Lunch,Lunch,Condiments,37409,"Tartar Sauce, PC","Tartar Sauce, PC 25-26"
2026-09-18,K-8 Lunch,K-8 Lunch,Lunch,Entrees,37495,"Beef Taco Meat, Nachos (C)","Beef Taco Meat, Nachos (C) 25-26"
2026-09-18,K-8 Lunch,K-8 Lunch,Lunch,Entrees,37682,Fish w/ Cheese & Roll (C),Fish w/ Cheese & Roll (C) 25-26
2026-09-18,K-8 Lunch,K-8 Lunch,Lunch,Entrees,38216,"Sandwich, Soy Butter and Strawberry Jelly IW","Sandwich, Soy Butter and Strawberry Jelly IW 25-26"
2026-09-18,K-8 Lunch,K-8 Lunch,Lunch,Fruit Sides,37331,"Fruit, Mixed, Canned (Drained)","Fruit, Mixed, Canned (Drained) 25-26"
2026-09-18,K-8 Lunch,K-8 Lunch,Lunch,Milk,37349,"Milk, 1% Plain Half Pint","Milk, 1% Plain Half Pint 25-26"
2026-09-18,K-8 Lunch,K-8 Lunch,Lunch,Milk,37351,"Milk, Skim Chocolate Half Pint","Milk, Skim Chocolate Half Pint 25-26"
2026-09-18,K-8 Lunch,K-8 Lunch,Lunch,Milk,37353,"Milk, Skim Plain Half Pint","Milk, Skim Plain Half Pint 25-26"
2026-09-18,K-8 Lunch,K-8 Lunch,Lunch,Vegetable Sides,37784,"Cauliflower, Frozen, Butter Buds, Fajita","Cauliflower, Frozen, Butter Buds, Fajita 25-26"
2026-09-18,K-8 Lunch,K-8 Lunch,Lunch,Vegetable Sides,37438,"Peas & Carrots, Blend, Butter Buds, Fajita","Peas & Carrots, Blend, Butter Buds, Fajita 25-26"
2026-09-18,K-8 Sack Lunch,K-8 Sack Lunch,Lunch,Condiments,37455,"Ranch, Lite, PC","Ranch, Lite, PC 25-26"
2026-09-18,K-8 Sack Lunch,K-8 Sack Lunch,Lunch,Entrees,37899,Turkey Ham (C) & American Cheese (C) Hoagie (H/C),Turkey Ham (C) & American Cheese (C) Hoagie (H/C) 25-26
2026-09-18,K-8 Sack Lunch,K-8 Sack Lunch,Lunch,Fruit Sides,38062,"Apple, Whole, Fuji","Apple, Whole, Fuji 25-26"
2026-09-18,K-8 Sack Lunch,K-8 Sack Lunch,Lunch,Milk,37349,"Milk, 1% Plain Half Pint","Milk, 1% Plain Half Pint 25-26"
2026-09-18,K-8 Sack Lunch,K-8 Sack Lunch,Lunch,Milk,37351,"Milk, Skim Chocolate Half Pint","Milk, Skim Chocolate Half Pint 25-26"
2026-09-18,K-8 Sack Lunch,K-8 Sack Lunch,Lunch,Milk,37353,"Milk, Skim Plain Half Pint","Milk, Skim Plain Half Pint 25-26"
2026-09-18,K-8 Sack Lunch,K-8 Sack Lunch,Lunch,Vegetable Sides,38071,"Carrots, Baby Raw","Carrots, Baby Raw 25-26"
2026-09-18,K-8 Sack Lunch,K-8 Sack Lunch,Lunch,Vegetable Sides,38072,"Celery, Raw","Celery, Raw 25-26"
2026-09-18,K-8 Satellite Lunch,K-8 Satellite Lunch,Lunch,Condiments,37929,"Sauce, Hot Sauce TX Pete's PC","Sauce, Hot Sauce TX Pete's PC 25-26"
2026-09-18,K-8 Satellite Lunch,K-8 Satellite Lunch,Lunch,Condiments,37884,"Sauce, Salsa Cup (P)","Sauce, Salsa Cup (P) 25-26"
2026-09-18,K-8 Satellite Lunch,K-8 Satellite Lunch,Lunch,Entrees,37495,"Beef Taco Meat, Nachos (C)","Beef Taco Meat, Nachos (C) 25-26"
2026-09-18,K-8 Satellite Lunch,K-8 Satellite Lunch,Lunch,Fruit Sides,37331,"Fruit, Mixed, Canned (Drained)","Fruit, Mixed, Canned (Drained) 25-26"
2026-09-18,K-8 Satellite Lunch,K-8 Satellite Lunch,Lunch,Milk,37349,"Milk, 1% Plain Half Pint","Milk, 1% Plain Half Pint 25-26"
2026-09-18,K-8 Satellite Lunch,K-8 Satellite Lunch,Lunch,Milk,37351,"Milk, Skim Chocolate Half Pint","Milk, Skim Chocolate Half Pint 25-26"
2026-09-18,K-8 Satellite Lunch,K-8 Satellite Lunch,Lunch,Milk,37353,"Milk, Skim Plain Half Pint","Milk, Skim Plain Half Pint 25-26"
2026-09-18,K-8 Satellite Lunch,K-8 Satellite Lunch,Lunch,Vegetable Sides,37784,"Cauliflower, Frozen, Butter Buds, Fajita","Cauliflower, Frozen, Butter Buds, Fajita 25-26"
2026-09-18,K-8 Satellite Lunch,K-8 Satellite Lunch,Lunch,Vegetable Sides,37438,"Peas & Carrots, Blend, Butter Buds, Fajita","Peas & Carrots, Blend, Butter Buds, Fajita 25-26"
2026-09-18,MS Snack Favorites,MS Favorites,Snack,Condiments,38262,"Dipping Sauce, Marinara (P)","Dipping Sauce, Marinara (P) 25-26"
2026-09-18,MS Snack Favorites,MS Favorites,Snack,Condiments,37842,"Ketchup, PC (P)","Ketchup, PC (P) 25-26"
2026-09-18,MS Snack Favorites,MS Favorites,Snack,Condiments,37390,"Mayonnaise, PC","Mayonnaise, PC 25-26"
2026-09-18,MS Snack Favorites,MS Favorites,Snack,Condiments,37398,"Mustard, PC","Mustard, PC 25-26"
2026-09-18,MS Snack Favorites,MS Favorites,Snack,Condiments,37439,"Pickles, 2ea","Pickles, 2ea 25-26"
2026-09-18,MS Snack Favorites,MS Favorites,Snack,Condiments,37455,"Ranch, Lite, PC","Ranch, Lite, PC 25-26"
2026-09-18,MS Snack Favorites,MS Favorites,Snack,Condiments,37929,"Sauce, Hot Sauce TX Pete's PC","Sauce, Hot Sauce TX Pete's PC 25-26"
2026-09-18,MS Snack Favorites,MS Favorites,Snack,Entrees,37717,"Beef (C), Burger, American Cheese (C)","Beef (C), Burger, American Cheese (C) 25-26"
2026-09-18,MS Snack Favorites,MS Favorites,Snack,Entrees,37389,"Cheesy Breadstick Bites, Jalapeno (C)","Cheesy Breadstick Bites, Jalapeno (C) 25-26"
2026-09-18,MS Snack Favorites,MS Favorites,Snack,Entrees,37678,"Chicken, Tenders, Nashville Hot w/1 oz Roll (C)","Chicken, Tenders, Nashville Hot w/1 oz Roll (C) 25-26"
2026-09-18,MS Snack Favorites,MS Favorites,Snack,Fruit Sides,37331,"Fruit, Mixed, Canned (Drained)","Fruit, Mixed, Canned (Drained) 25-26"
2026-09-18,MS Snack Favorites,MS Favorites,Snack,Grain/Other Side,37310,"Chips, Baked Lays","Chips, Baked Lays 25-26"
2026-09-18,MS Snack Favorites,MS Favorites,Snack,Milk,37349,"Milk, 1% Plain Half Pint","Milk, 1% Plain Half Pint 25-26"
2026-09-18,MS Snack Favorites,MS Favorites,Snack,Milk,37351,"Milk, Skim Chocolate Half Pint","Milk, Skim Chocolate Half Pint 25-26"
2026-09-18,MS Snack Favorites,MS Favorites,Snack,Milk,37353,"Milk, Skim Plain Half Pint","Milk, Skim Plain Half Pint 25-26"
2026-09-18,MS Snack Favorites,MS Favorites,Snack,Vegetable Sides,37784,"Cauliflower, Frozen, Butter Buds, Fajita","Cauliflower, Frozen, Butter Buds, Fajita 25-26"
2026-09-18,MS Snack Favorites,MS Favorites,Snack,Vegetable Sides,37438,"Peas & Carrots, Blend, Butter Buds, Fajita","Peas & Carrots, Blend, Butter Buds, Fajita 25-26"
2026-09-18,Pre-K Lunch SS,PreK Lunch SS,Lunch,Entrees,38110,"Chicken Fajita (CP), Cheese Sauce (C) Nachos","Chicken Fajita (CP), Cheese Sauce (C) Nachos 25-26"
2026-09-18,Pre-K Lunch SS,PreK Lunch SS,Lunch,Fruit Sides,37481,"PreK, Fruit, Mixed, Canned 1/4 Cup","PreK, Fruit, Mixed, Canned 1/4 Cup 25-26"
2026-09-18,Pre-K Lunch SS,PreK Lunch SS,Lunch,Milk,37349,"Milk, 1% Plain Half Pint","Milk, 1% Plain Half Pint 25-26"
2026-09-18,Pre-K Lunch SS,PreK Lunch SS,Lunch,Vegetable Sides,37469,"PreK, Peas & Carrots, Blend, Butter Buds, Fajita 1/4 cup","PreK, Peas & Carrots, Blend, Butter Buds, Fajita 1/4 cup 25-26"
2026-09-18,PreK Snack,PreK Snack,Snack,Entrees,37446,"Snack Mix, Cracker, Strawberry Yogurt","Snack Mix, Cracker, Strawberry Yogurt 25-26"
2026-09-18,PreK Snack,PreK Snack,Snack,Fruit Sides,37456,Raisins (P),Raisins (P) 25-26
2026-09-21,Breakfast SS K-12,Breakfast SS K-12,Breakfast,Fruit,37277,"Fruit, Applesauce Cup, Individual (CP)","Fruit, Applesauce Cup, Individual (CP) 25-26"
2026-09-21,Breakfast SS K-12,Breakfast SS K-12,Breakfast,Fruit,38118,"Juice, 100% Apple, 4oz (Shelf-stable)","Juice, 100% Apple, 4oz (Shelf-stable) 25-26"
2026-09-21,Breakfast SS K-12,Breakfast SS K-12,Breakfast,Grain/ M/MA,37725,"Sandwich, Croissant, WG, Egg & American Cheese, IW (C)","Sandwich, Croissant, WG, Egg & American Cheese, IW (C) 25-26"
2026-09-21,Breakfast SS K-12,Breakfast SS K-12,Breakfast,Milk,37349,"Milk, 1% Plain Half Pint","Milk, 1% Plain Half Pint 25-26"
2026-09-21,Breakfast SS K-12,Breakfast SS K-12,Breakfast,Milk,37353,"Milk, Skim Plain Half Pint","Milk, Skim Plain Half Pint 25-26"
2026-09-21,Breakfast SS Pre-K,Breakfast SS PreK,Breakfast,Fruit,38118,"Juice, 100% Apple, 4oz (Shelf-stable)","Juice, 100% Apple, 4oz (Shelf-stable) 25-26"
2026-09-21,Breakfast SS Pre-K,Breakfast SS PreK,Breakfast,Grain/ M/MA,37725,"Sandwich, Croissant, WG, Egg & American Cheese, IW (C)","Sandwich, Croissant, WG, Egg & American Cheese, IW (C) 25-26"
2026-09-21,Breakfast SS Pre-K,Breakfast SS PreK,Breakfast,Milk,37349,"Milk, 1% Plain Half Pint","Milk, 1% Plain Half Pint 25-26"
2026-09-21,Breakfast Traditional OVS K-12,Breakfast Traditional OVS K-12,Breakfast,Condiments/ Side,37321,"Cracker, Educational Farmers MRKT","Cracker, Educational Farmers MRKT 25-26"
2026-09-21,Breakfast Traditional OVS K-12,Breakfast Traditional OVS K-12,Breakfast,Fruit,37277,"Fruit, Applesauce Cup, Individual (CP)","Fruit, Applesauce Cup, Individual (CP) 25-26"
2026-09-21,Breakfast Traditional OVS K-12,Breakfast Traditional OVS K-12,Breakfast,Fruit,38118,"Juice, 100% Apple, 4oz (Shelf-stable)","Juice, 100% Apple, 4oz (Shelf-stable) 25-26"
2026-09-21,Breakfast Traditional OVS K-12,Breakfast Traditional OVS K-12,Breakfast,Grain/ M/MA,37916,"Bar, Oatmeal Cranberry Granola Bake WG","Bar, Oatmeal Cranberry Granola Bake WG 25-26"
2026-09-21,Breakfast Traditional OVS K-12,Breakfast Traditional OVS K-12,Breakfast,Grain/ M/MA,37447,"Sandwich, Breakfast Maple Pancake, Chicken Sausage & Cheese IW (C)","Sandwich, Breakfast Maple Pancake, Chicken Sausage & Cheese IW (C) 25-26"
2026-09-21,Breakfast Traditional OVS K-12,Breakfast Traditional OVS K-12,Breakfast,Milk,37349,"Milk, 1% Plain Half Pint","Milk, 1% Plain Half Pint 25-26"
2026-09-21,Breakfast Traditional OVS K-12,Breakfast Traditional OVS K-12,Breakfast,Milk,37353,"Milk, Skim Plain Half Pint","Milk, Skim Plain Half Pint 25-26"
2026-09-21,CACFP Cold Dinner,CACFP Cold Dinner,Dinner,Condiments,37390,"Mayonnaise, PC","Mayonnaise, PC 25-26"
2026-09-21,CACFP Cold Dinner,CACFP Cold Dinner,Dinner,Condiments,37398,"Mustard, PC","Mustard, PC 25-26"
2026-09-21,CACFP Cold Dinner,CACFP Cold Dinner,Dinner,Condiments,37455,"Ranch, Lite, PC","Ranch, Lite, PC 25-26"
2026-09-21,CACFP Cold Dinner,CACFP Cold Dinner,Dinner,Entrees,37681,"Sandwich, Hoagie, Turkey Ham & Cheese on WG Roll IW","Sandwich, Hoagie, Turkey Ham & Cheese on WG Roll IW 25-26"
2026-09-21,CACFP Cold Dinner,CACFP Cold Dinner,Dinner,Fruit Sides,38088,"Orange, Whole Cut 138 ct. (P)","Orange, Whole Cut 138 ct. (P) 25-26"
2026-09-21,CACFP Cold Dinner,CACFP Cold Dinner,Dinner,Milk,37349,"Milk, 1% Plain Half Pint","Milk, 1% Plain Half Pint 25-26"
2026-09-21,CACFP Cold Dinner,CACFP Cold Dinner,Dinner,Milk,37351,"Milk, Skim Chocolate Half Pint","Milk, Skim Chocolate Half Pint 25-26"
2026-09-21,CACFP Cold Dinner,CACFP Cold Dinner,Dinner,Vegetable Sides,38070,"Broccoli, Raw","Broccoli, Raw 25-26"
2026-09-21,CACFP Hot Dinner,CACFP Hot Dinner,Dinner,Condiments,38262,"Dipping Sauce, Marinara (P)","Dipping Sauce, Marinara (P) 25-26"
2026-09-21,CACFP Hot Dinner,CACFP Hot Dinner,Dinner,Condiments,37455,"Ranch, Lite, PC","Ranch, Lite, PC 25-26"
2026-09-21,CACFP Hot Dinner,CACFP Hot Dinner,Dinner,Entrees,37292,"Calzone, Cheese & Sauce (IW)","Calzone, Cheese & Sauce (IW) 25-26"
2026-09-21,CACFP Hot Dinner,CACFP Hot Dinner,Dinner,Entrees,38144,"Calzone, Pepperoni & Cheese","Calzone, Pepperoni & Cheese 25-26"
2026-09-21,CACFP Hot Dinner,CACFP Hot Dinner,Dinner,Fruit Sides,37456,Raisins (P),Raisins (P) 25-26
2026-09-21,CACFP Hot Dinner,CACFP Hot Dinner,Dinner,Milk,37349,"Milk, 1% Plain Half Pint","Milk, 1% Plain Half Pint 25-26"
2026-09-21,CACFP Hot Dinner,CACFP Hot Dinner,Dinner,Milk,37351,"Milk, Skim Chocolate Half Pint","Milk, Skim Chocolate Half Pint 25-26"
2026-09-21,CACFP Hot Dinner,CACFP Hot Dinner,Dinner,Vegetable Sides,37290,"Broccoli, Frozen, Butter Buds, Fajita","Broccoli, Frozen, Butter Buds, Fajita 25-26"
2026-09-21,HS Homestyle Lunch,HS Homestyle Lunch,Lunch,Condiments,37842,"Ketchup, PC (P)","Ketchup, PC (P) 25-26"
2026-09-21,HS Homestyle Lunch,HS Homestyle Lunch,Lunch,Condiments,37390,"Mayonnaise, PC","Mayonnaise, PC 25-26"
2026-09-21,HS Homestyle Lunch,HS Homestyle Lunch,Lunch,Condiments,37398,"Mustard, PC","Mustard, PC 25-26"
2026-09-21,HS Homestyle Lunch,HS Homestyle Lunch,Lunch,Condiments,37439,"Pickles, 2ea","Pickles, 2ea 25-26"
2026-09-21,HS Homestyle Lunch,HS Homestyle Lunch,Lunch,Condiments,37455,"Ranch, Lite, PC","Ranch, Lite, PC 25-26"
2026-09-21,HS Homestyle Lunch,HS Homestyle Lunch,Lunch,Condiments,37443,"Tajin, PC","Tajin, PC 25-26"
2026-09-21,HS Homestyle Lunch,HS Homestyle Lunch,Lunch,Entrees,37794,"Pasta, Chicken Alfredo (CP) w/ Cheese Sauce (C)","Pasta, Chicken Alfredo (CP) w/ Cheese Sauce (C) 25-26"
2026-09-21,HS Homestyle Lunch,HS Homestyle Lunch,Lunch,Entrees,37591,"Sandwich, Soy Butter and Jelly IW","Sandwich, Soy Butter and Jelly IW 25-26"
2026-09-21,HS Homestyle Lunch,HS Homestyle Lunch,Lunch,Entrees,37894,Turkey Breast (C) & Cheese (C) Croissant Sandwich (H/C),Turkey Breast (C) & Cheese (C) Croissant Sandwich (H/C) 25-26
2026-09-21,HS Homestyle Lunch,HS Homestyle Lunch,Lunch,Fruit Sides,38118,"Juice, 100% Apple, 4oz (Shelf-stable)","Juice, 100% Apple, 4oz (Shelf-stable) 25-26"
2026-09-21,HS Homestyle Lunch,HS Homestyle Lunch,Lunch,Fruit Sides,37436,"Pears, Diced (Drained)","Pears, Diced (Drained) 25-26"
2026-09-21,HS Homestyle Lunch,HS Homestyle Lunch,Lunch,Grain/Other Side,37310,"Chips, Baked Lays","Chips, Baked Lays 25-26"
2026-09-21,HS Homestyle Lunch,HS Homestyle Lunch,Lunch,Grain/Other Side,37459,"Pudding, Chocolate","Pudding, Chocolate 25-26"
2026-09-21,HS Homestyle Lunch,HS Homestyle Lunch,Lunch,Milk,37349,"Milk, 1% Plain Half Pint","Milk, 1% Plain Half Pint 25-26"
2026-09-21,HS Homestyle Lunch,HS Homestyle Lunch,Lunch,Milk,37351,"Milk, Skim Chocolate Half Pint","Milk, Skim Chocolate Half Pint 25-26"
2026-09-21,HS Homestyle Lunch,HS Homestyle Lunch,Lunch,Milk,37353,"Milk, Skim Plain Half Pint","Milk, Skim Plain Half Pint 25-26"
2026-09-21,HS Homestyle Lunch,HS Homestyle Lunch,Lunch,Vegetable Sides,38093,"Cucumber Slices, Raw Whole","Cucumber Slices, Raw Whole 25-26"
2026-09-21,HS Homestyle Lunch,HS Homestyle Lunch,Lunch,Vegetable Sides,37329,"Fries, Sweet Potato, Waffle (C)","Fries, Sweet Potato, Waffle (C) 25-26"
2026-09-21,HS SS Satellite Lunch,HS SS Satellite Lunch,Lunch,Condiments,37842,"Ketchup, PC (P)","Ketchup, PC (P) 25-26"
2026-09-21,HS SS Satellite Lunch,HS SS Satellite Lunch,Lunch,Condiments,37390,"Mayonnaise, PC","Mayonnaise, PC 25-26"
2026-09-21,HS SS Satellite Lunch,HS SS Satellite Lunch,Lunch,Condiments,37398,"Mustard, PC","Mustard, PC 25-26"
2026-09-21,HS SS Satellite Lunch,HS SS Satellite Lunch,Lunch,Condiments,37439,"Pickles, 2ea","Pickles, 2ea 25-26"
2026-09-21,HS SS Satellite Lunch,HS SS Satellite Lunch,Lunch,Condiments,37455,"Ranch, Lite, PC","Ranch, Lite, PC 25-26"
2026-09-21,HS SS Satellite Lunch,HS SS Satellite Lunch,Lunch,Condiments,37443,"Tajin, PC","Tajin, PC 25-26"
2026-09-21,HS SS Satellite Lunch,HS SS Satellite Lunch,Lunch,Entrees,37894,Turkey Breast (C) & Cheese (C) Croissant Sandwich (H/C),Turkey Breast (C) & Cheese (C) Croissant Sandwich (H/C) 25-26
2026-09-21,HS SS Satellite Lunch,HS SS Satellite Lunch,Lunch,Fruit Sides,38118,"Juice, 100% Apple, 4oz (Shelf-stable)","Juice, 100% Apple, 4oz (Shelf-stable) 25-26"
2026-09-21,HS SS Satellite Lunch,HS SS Satellite Lunch,Lunch,Fruit Sides,37436,"Pears, Diced (Drained)","Pears, Diced (Drained) 25-26"
2026-09-21,HS SS Satellite Lunch,HS SS Satellite Lunch,Lunch,Grain/Other Side,37310,"Chips, Baked Lays","Chips, Baked Lays 25-26"
2026-09-21,HS SS Satellite Lunch,HS SS Satellite Lunch,Lunch,Milk,37349,"Milk, 1% Plain Half Pint","Milk, 1% Plain Half Pint 25-26"
2026-09-21,HS SS Satellite Lunch,HS SS Satellite Lunch,Lunch,Milk,37351,"Milk, Skim Chocolate Half Pint","Milk, Skim Chocolate Half Pint 25-26"
2026-09-21,HS SS Satellite Lunch,HS SS Satellite Lunch,Lunch,Milk,37353,"Milk, Skim Plain Half Pint","Milk, Skim Plain Half Pint 25-26"
2026-09-21,HS SS Satellite Lunch,HS SS Satellite Lunch,Lunch,Vegetable Sides,38093,"Cucumber Slices, Raw Whole","Cucumber Slices, Raw Whole 25-26"
2026-09-21,HS SS Satellite Lunch,HS SS Satellite Lunch,Lunch,Vegetable Sides,37329,"Fries, Sweet Potato, Waffle (C)","Fries, Sweet Potato, Waffle (C) 25-26"
2026-09-21,HS Sack Lunch,HS Sack Lunch,Lunch,Condiments,37390,"Mayonnaise, PC","Mayonnaise, PC 25-26"
2026-09-21,HS Sack Lunch,HS Sack Lunch,Lunch,Condiments,37455,"Ranch, Lite, PC","Ranch, Lite, PC 25-26"
2026-09-21,HS Sack Lunch,HS Sack Lunch,Lunch,Entrees,37775,Turkey Breast (C) & Cheese (C) Pullman Sandwich (H/C),Turkey Breast (C) & Cheese (C) Pullman Sandwich (H/C) 25-26
2026-09-21,HS Sack Lunch,HS Sack Lunch,Lunch,Fruit Sides,38062,"Apple, Whole, Fuji","Apple, Whole, Fuji 25-26"
2026-09-21,HS Sack Lunch,HS Sack Lunch,Lunch,Fruit Sides,38122,"Juice, 100% Fruit Punch, 4oz (Shelf-stable)","Juice, 100% Fruit Punch, 4oz (Shelf-stable) 25-26"
2026-09-21,HS Sack Lunch,HS Sack Lunch,Lunch,Grain/Other Side,37310,"Chips, Baked Lays","Chips, Baked Lays 25-26"
2026-09-21,HS Sack Lunch,HS Sack Lunch,Lunch,Milk,37349,"Milk, 1% Plain Half Pint","Milk, 1% Plain Half Pint 25-26"
2026-09-21,HS Sack Lunch,HS Sack Lunch,Lunch,Milk,37351,"Milk, Skim Chocolate Half Pint","Milk, Skim Chocolate Half Pint 25-26"
2026-09-21,HS Sack Lunch,HS Sack Lunch,Lunch,Milk,37353,"Milk, Skim Plain Half Pint","Milk, Skim Plain Half Pint 25-26"
2026-09-21,HS Sack Lunch,HS Sack Lunch,Lunch,Vegetable Sides,38071,"Carrots, Baby Raw","Carrots, Baby Raw 25-26"
2026-09-21,HS Sack Lunch,HS Sack Lunch,Lunch,Vegetable Sides,38072,"Celery, Raw","Celery, Raw 25-26"
2026-09-21,HS Satellite Lunch,HS Satellite Lunch,Lunch,Condiments,37842,"Ketchup, PC (P)","Ketchup, PC (P) 25-26"
2026-09-21,HS Satellite Lunch,HS Satellite Lunch,Lunch,Condiments,37390,"Mayonnaise, PC","Mayonnaise, PC 25-26"
2026-09-21,HS Satellite Lunch,HS Satellite Lunch,Lunch,Condiments,37398,"Mustard, PC","Mustard, PC 25-26"
2026-09-21,HS Satellite Lunch,HS Satellite Lunch,Lunch,Condiments,37439,"Pickles, 2ea","Pickles, 2ea 25-26"
2026-09-21,HS Satellite Lunch,HS Satellite Lunch,Lunch,Condiments,37455,"Ranch, Lite, PC","Ranch, Lite, PC 25-26"
2026-09-21,HS Satellite Lunch,HS Satellite Lunch,Lunch,Condiments,37443,"Tajin, PC","Tajin, PC 25-26"
2026-09-21,HS Satellite Lunch,HS Satellite Lunch,Lunch,Entrees,37894,Turkey Breast (C) & Cheese (C) Croissant Sandwich (H/C),Turkey Breast (C) & Cheese (C) Croissant Sandwich (H/C) 25-26
2026-09-21,HS Satellite Lunch,HS Satellite Lunch,Lunch,Fruit Sides,38118,"Juice, 100% Apple, 4oz (Shelf-stable)","Juice, 100% Apple, 4oz (Shelf-stable) 25-26"
2026-09-21,HS Satellite Lunch,HS Satellite Lunch,Lunch,Fruit Sides,37436,"Pears, Diced (Drained)","Pears, Diced (Drained) 25-26"
2026-09-21,HS Satellite Lunch,HS Satellite Lunch,Lunch,Grain/Other Side,37310,"Chips, Baked Lays","Chips, Baked Lays 25-26"
2026-09-21,HS Satellite Lunch,HS Satellite Lunch,Lunch,Milk,37349,"Milk, 1% Plain Half Pint","Milk, 1% Plain Half Pint 25-26"
2026-09-21,HS Satellite Lunch,HS Satellite Lunch,Lunch,Milk,37351,"Milk, Skim Chocolate Half Pint","Milk, Skim Chocolate Half Pint 25-26"
2026-09-21,HS Satellite Lunch,HS Satellite Lunch,Lunch,Milk,37353,"Milk, Skim Plain Half Pint","Milk, Skim Plain Half Pint 25-26"
2026-09-21,HS Satellite Lunch,HS Satellite Lunch,Lunch,Vegetable Sides,38093,"Cucumber Slices, Raw Whole","Cucumber Slices, Raw Whole 25-26"
2026-09-21,HS Satellite Lunch,HS Satellite Lunch,Lunch,Vegetable Sides,37329,"Fries, Sweet Potato, Waffle (C)","Fries, Sweet Potato, Waffle (C) 25-26"
2026-09-21,HS Snack Favorites,HS Favorites,Snack,Condiments,37842,"Ketchup, PC (P)","Ketchup, PC (P) 25-26"
2026-09-21,HS Snack Favorites,HS Favorites,Snack,Condiments,37390,"Mayonnaise, PC","Mayonnaise, PC 25-26"
2026-09-21,HS Snack Favorites,HS Favorites,Snack,Condiments,37398,"Mustard, PC","Mustard, PC 25-26"
2026-09-21,HS Snack Favorites,HS Favorites,Snack,Condiments,37455,"Ranch, Lite, PC","Ranch, Lite, PC 25-26"
2026-09-21,HS Snack Favorites,HS Favorites,Snack,Condiments,37883,"Sauce, BBQ Dunk Cup, PC (P)","Sauce, BBQ Dunk Cup, PC (P) 25-26"
2026-09-21,HS Snack Favorites,HS Favorites,Snack,Condiments,37914,"Sauce, Guacamole","Sauce, Guacamole 25-26"
2026-09-21,HS Snack Favorites,HS Favorites,Snack,Condiments,37929,"Sauce, Hot Sauce TX Pete's PC","Sauce, Hot Sauce TX Pete's PC 25-26"
2026-09-21,HS Snack Favorites,HS Favorites,Snack,Condiments,37884,"Sauce, Salsa Cup (P)","Sauce, Salsa Cup (P) 25-26"
2026-09-21,HS Snack Favorites,HS Favorites,Snack,Condiments,37913,"Sour Cream, Individual PC,","Sour Cream, Individual PC, 25-26"
2026-09-21,HS Snack Favorites,HS Favorites,Snack,Entrees,38284,"Chicken, Corn Dog Bites, Mini","Chicken, Corn Dog Bites, Mini 26-27"
2026-09-21,HS Snack Favorites,HS Favorites,Snack,Entrees,37442,"Chicken, Nuggets, WM w/Breadstick, Cheesy Garlic (C)","Chicken, Nuggets, WM w/Breadstick, Cheesy Garlic (C) 25-26"
2026-09-21,HS Snack Favorites,HS Favorites,Snack,Entrees,38255,"Pizza (CP), Pepperoni (Beef), 8 Cut","Pizza (CP), Pepperoni (Beef), 8 Cut 26-27"
2026-09-21,HS Snack Favorites,HS Favorites,Snack,Fruit Sides,38118,"Juice, 100% Apple, 4oz (Shelf-stable)","Juice, 100% Apple, 4oz (Shelf-stable) 25-26"
2026-09-21,HS Snack Favorites,HS Favorites,Snack,Fruit Sides,37436,"Pears, Diced (Drained)","Pears, Diced (Drained) 25-26"
2026-09-21,HS Snack Favorites,HS Favorites,Snack,Grain/Other Side,37310,"Chips, Baked Lays","Chips, Baked Lays 25-26"
2026-09-21,HS Snack Favorites,HS Favorites,Snack,Grain/Other Side,37459,"Pudding, Chocolate","Pudding, Chocolate 25-26"
2026-09-21,HS Snack Favorites,HS Favorites,Snack,Milk,37349,"Milk, 1% Plain Half Pint","Milk, 1% Plain Half Pint 25-26"
2026-09-21,HS Snack Favorites,HS Favorites,Snack,Milk,37351,"Milk, Skim Chocolate Half Pint","Milk, Skim Chocolate Half Pint 25-26"
2026-09-21,HS Snack Favorites,HS Favorites,Snack,Milk,37353,"Milk, Skim Plain Half Pint","Milk, Skim Plain Half Pint 25-26"
2026-09-21,HS Snack Favorites,HS Favorites,Snack,Vegetable Sides,38093,"Cucumber Slices, Raw Whole","Cucumber Slices, Raw Whole 25-26"
2026-09-21,HS Snack Favorites,HS Favorites,Snack,Vegetable Sides,37329,"Fries, Sweet Potato, Waffle (C)","Fries, Sweet Potato, Waffle (C) 25-26"
2026-09-21,K-12 Snack,K-12 Snack,Snack,Entrees,37445,"Snack, Cracker, Cheese","Snack, Cracker, Cheese 25-26"
2026-09-21,K-12 Snack,K-12 Snack,Snack,Fruit Sides,38182,"Apple, Whole, Red Delicious","Apple, Whole, Red Delicious 25-26"
2026-09-21,K-8 Lunch,K-8 Lunch,Lunch,Condiments,37842,"Ketchup, PC (P)","Ketchup, PC (P) 25-26"
2026-09-21,K-8 Lunch,K-8 Lunch,Lunch,Condiments,37390,"Mayonnaise, PC","Mayonnaise, PC 25-26"
2026-09-21,K-8 Lunch,K-8 Lunch,Lunch,Condiments,37398,"Mustard, PC","Mustard, PC 25-26"
2026-09-21,K-8 Lunch,K-8 Lunch,Lunch,Condiments,37439,"Pickles, 2ea","Pickles, 2ea 25-26"
2026-09-21,K-8 Lunch,K-8 Lunch,Lunch,Condiments,37455,"Ranch, Lite, PC","Ranch, Lite, PC 25-26"
2026-09-21,K-8 Lunch,K-8 Lunch,Lunch,Condiments,37443,"Tajin, PC","Tajin, PC 25-26"
2026-09-21,K-8 Lunch,K-8 Lunch,Lunch,Entrees,37794,"Pasta, Chicken Alfredo (CP) w/ Cheese Sauce (C)","Pasta, Chicken Alfredo (CP) w/ Cheese Sauce (C) 25-26"
2026-09-21,K-8 Lunch,K-8 Lunch,Lunch,Entrees,37591,"Sandwich, Soy Butter and Jelly IW","Sandwich, Soy Butter and Jelly IW 25-26"
2026-09-21,K-8 Lunch,K-8 Lunch,Lunch,Entrees,37894,Turkey Breast (C) & Cheese (C) Croissant Sandwich (H/C),Turkey Breast (C) & Cheese (C) Croissant Sandwich (H/C) 25-26
2026-09-21,K-8 Lunch,K-8 Lunch,Lunch,Fruit Sides,37436,"Pears, Diced (Drained)","Pears, Diced (Drained) 25-26"
2026-09-21,K-8 Lunch,K-8 Lunch,Lunch,Milk,37349,"Milk, 1% Plain Half Pint","Milk, 1% Plain Half Pint 25-26"
2026-09-21,K-8 Lunch,K-8 Lunch,Lunch,Milk,37351,"Milk, Skim Chocolate Half Pint","Milk, Skim Chocolate Half Pint 25-26"
2026-09-21,K-8 Lunch,K-8 Lunch,Lunch,Milk,37353,"Milk, Skim Plain Half Pint","Milk, Skim Plain Half Pint 25-26"
2026-09-21,K-8 Lunch,K-8 Lunch,Lunch,Vegetable Sides,38093,"Cucumber Slices, Raw Whole","Cucumber Slices, Raw Whole 25-26"
2026-09-21,K-8 Lunch,K-8 Lunch,Lunch,Vegetable Sides,37329,"Fries, Sweet Potato, Waffle (C)","Fries, Sweet Potato, Waffle (C) 25-26"
2026-09-21,K-8 Sack Lunch,K-8 Sack Lunch,Lunch,Condiments,37455,"Ranch, Lite, PC","Ranch, Lite, PC 25-26"
2026-09-21,K-8 Sack Lunch,K-8 Sack Lunch,Lunch,Entrees,37899,Turkey Ham (C) & American Cheese (C) Hoagie (H/C),Turkey Ham (C) & American Cheese (C) Hoagie (H/C) 25-26
2026-09-21,K-8 Sack Lunch,K-8 Sack Lunch,Lunch,Fruit Sides,38062,"Apple, Whole, Fuji","Apple, Whole, Fuji 25-26"
2026-09-21,K-8 Sack Lunch,K-8 Sack Lunch,Lunch,Milk,37349,"Milk, 1% Plain Half Pint","Milk, 1% Plain Half Pint 25-26"
2026-09-21,K-8 Sack Lunch,K-8 Sack Lunch,Lunch,Milk,37351,"Milk, Skim Chocolate Half Pint","Milk, Skim Chocolate Half Pint 25-26"
2026-09-21,K-8 Sack Lunch,K-8 Sack Lunch,Lunch,Milk,37353,"Milk, Skim Plain Half Pint","Milk, Skim Plain Half Pint 25-26"
2026-09-21,K-8 Sack Lunch,K-8 Sack Lunch,Lunch,Vegetable Sides,38071,"Carrots, Baby Raw","Carrots, Baby Raw 25-26"
2026-09-21,K-8 Sack Lunch,K-8 Sack Lunch,Lunch,Vegetable Sides,38072,"Celery, Raw","Celery, Raw 25-26"
2026-09-21,K-8 Satellite Lunch,K-8 Satellite Lunch,Lunch,Condiments,37842,"Ketchup, PC (P)","Ketchup, PC (P) 25-26"
2026-09-21,K-8 Satellite Lunch,K-8 Satellite Lunch,Lunch,Condiments,37390,"Mayonnaise, PC","Mayonnaise, PC 25-26"
2026-09-21,K-8 Satellite Lunch,K-8 Satellite Lunch,Lunch,Condiments,37398,"Mustard, PC","Mustard, PC 25-26"
2026-09-21,K-8 Satellite Lunch,K-8 Satellite Lunch,Lunch,Condiments,37439,"Pickles, 2ea","Pickles, 2ea 25-26"
2026-09-21,K-8 Satellite Lunch,K-8 Satellite Lunch,Lunch,Condiments,37455,"Ranch, Lite, PC","Ranch, Lite, PC 25-26"
2026-09-21,K-8 Satellite Lunch,K-8 Satellite Lunch,Lunch,Condiments,37443,"Tajin, PC","Tajin, PC 25-26"
2026-09-21,K-8 Satellite Lunch,K-8 Satellite Lunch,Lunch,Entrees,37894,Turkey Breast (C) & Cheese (C) Croissant Sandwich (H/C),Turkey Breast (C) & Cheese (C) Croissant Sandwich (H/C) 25-26
2026-09-21,K-8 Satellite Lunch,K-8 Satellite Lunch,Lunch,Fruit Sides,37436,"Pears, Diced (Drained)","Pears, Diced (Drained) 25-26"
2026-09-21,K-8 Satellite Lunch,K-8 Satellite Lunch,Lunch,Milk,37349,"Milk, 1% Plain Half Pint","Milk, 1% Plain Half Pint 25-26"
2026-09-21,K-8 Satellite Lunch,K-8 Satellite Lunch,Lunch,Milk,37351,"Milk, Skim Chocolate Half Pint","Milk, Skim Chocolate Half Pint 25-26"
2026-09-21,K-8 Satellite Lunch,K-8 Satellite Lunch,Lunch,Milk,37353,"Milk, Skim Plain Half Pint","Milk, Skim Plain Half Pint 25-26"
2026-09-21,K-8 Satellite Lunch,K-8 Satellite Lunch,Lunch,Vegetable Sides,38093,"Cucumber Slices, Raw Whole","Cucumber Slices, Raw Whole 25-26"
2026-09-21,K-8 Satellite Lunch,K-8 Satellite Lunch,Lunch,Vegetable Sides,37329,"Fries, Sweet Potato, Waffle (C)","Fries, Sweet Potato, Waffle (C) 25-26"
2026-09-21,MS Snack Favorites,MS Favorites,Snack,Condiments,37842,"Ketchup, PC (P)","Ketchup, PC (P) 25-26"
2026-09-21,MS Snack Favorites,MS Favorites,Snack,Condiments,37398,"Mustard, PC","Mustard, PC 25-26"
2026-09-21,MS Snack Favorites,MS Favorites,Snack,Condiments,37883,"Sauce, BBQ Dunk Cup, PC (P)","Sauce, BBQ Dunk Cup, PC (P) 25-26"
2026-09-21,MS Snack Favorites,MS Favorites,Snack,Condiments,37929,"Sauce, Hot Sauce TX Pete's PC","Sauce, Hot Sauce TX Pete's PC 25-26"
2026-09-21,MS Snack Favorites,MS Favorites,Snack,Condiments,37884,"Sauce, Salsa Cup (P)","Sauce, Salsa Cup (P) 25-26"
2026-09-21,MS Snack Favorites,MS Favorites,Snack,Condiments,37443,"Tajin, PC","Tajin, PC 25-26"
2026-09-21,MS Snack Favorites,MS Favorites,Snack,Entrees,38284,"Chicken, Corn Dog Bites, Mini","Chicken, Corn Dog Bites, Mini 26-27"
2026-09-21,MS Snack Favorites,MS Favorites,Snack,Entrees,37442,"Chicken, Nuggets, WM w/Breadstick, Cheesy Garlic (C)","Chicken, Nuggets, WM w/Breadstick, Cheesy Garlic (C) 25-26"
2026-09-21,MS Snack Favorites,MS Favorites,Snack,Entrees,37923,"Turkey (C), Hot Dog","Turkey (C), Hot Dog 25-26"
2026-09-21,MS Snack Favorites,MS Favorites,Snack,Fruit Sides,37436,"Pears, Diced (Drained)","Pears, Diced (Drained) 25-26"
2026-09-21,MS Snack Favorites,MS Favorites,Snack,Grain/Other Side,37310,"Chips, Baked Lays","Chips, Baked Lays 25-26"
2026-09-21,MS Snack Favorites,MS Favorites,Snack,Milk,37349,"Milk, 1% Plain Half Pint","Milk, 1% Plain Half Pint 25-26"
2026-09-21,MS Snack Favorites,MS Favorites,Snack,Milk,37351,"Milk, Skim Chocolate Half Pint","Milk, Skim Chocolate Half Pint 25-26"
2026-09-21,MS Snack Favorites,MS Favorites,Snack,Milk,37353,"Milk, Skim Plain Half Pint","Milk, Skim Plain Half Pint 25-26"
2026-09-21,MS Snack Favorites,MS Favorites,Snack,Vegetable Sides,38093,"Cucumber Slices, Raw Whole","Cucumber Slices, Raw Whole 25-26"
2026-09-21,MS Snack Favorites,MS Favorites,Snack,Vegetable Sides,37329,"Fries, Sweet Potato, Waffle (C)","Fries, Sweet Potato, Waffle (C) 25-26"
2026-09-21,Pre-K Lunch SS,PreK Lunch SS,Lunch,Condiments,37390,"Mayonnaise, PC","Mayonnaise, PC 25-26"
2026-09-21,Pre-K Lunch SS,PreK Lunch SS,Lunch,Condiments,37398,"Mustard, PC","Mustard, PC 25-26"
2026-09-21,Pre-K Lunch SS,PreK Lunch SS,Lunch,Condiments,37455,"Ranch, Lite, PC","Ranch, Lite, PC 25-26"
2026-09-21,Pre-K Lunch SS,PreK Lunch SS,Lunch,Entrees,37894,Turkey Breast (C) & Cheese (C) Croissant Sandwich (H/C),Turkey Breast (C) & Cheese (C) Croissant Sandwich (H/C) 25-26
2026-09-21,Pre-K Lunch SS,PreK Lunch SS,Lunch,Fruit Sides,37471,"PreK, Pears, Diced 1/4 Cup","PreK, Pears, Diced 1/4 Cup 25-26"
2026-09-21,Pre-K Lunch SS,PreK Lunch SS,Lunch,Milk,37349,"Milk, 1% Plain Half Pint","Milk, 1% Plain Half Pint 25-26"
2026-09-21,Pre-K Lunch SS,PreK Lunch SS,Lunch,Vegetable Sides,38081,"PreK, Cucumber Slices, Raw Whole 1/4c","PreK, Cucumber Slices, Raw Whole 1/4c 25-26"
2026-09-21,PreK Snack,PreK Snack,Snack,Entrees,37445,"Snack, Cracker, Cheese","Snack, Cracker, Cheese 25-26"
2026-09-21,PreK Snack,PreK Snack,Snack,Fruit Sides,37456,Raisins (P),Raisins (P) 25-26
2026-09-21,Saturday Menus,Saturday Menus,Lunch,Entrees,37460,Pretzel,Pretzel 25-26
2026-09-21,Saturday Menus,Saturday Menus,Lunch,Entrees,37422,"Yogurt, Strawberry 4oz","Yogurt, Strawberry 4oz 25-26"
2026-09-22,Breakfast SS K-12,Breakfast SS K-12,Breakfast,Fruit,37432,"Fruit, Peach Cup, Individual, (CP)","Fruit, Peach Cup, Individual, (CP) 25-26"
2026-09-22,Breakfast SS K-12,Breakfast SS K-12,Breakfast,Fruit,38118,"Juice, 100% Apple, 4oz (Shelf-stable)","Juice, 100% Apple, 4oz (Shelf-stable) 25-26"
2026-09-22,Breakfast SS K-12,Breakfast SS K-12,Breakfast,Grain/ M/MA,37664,"Breakfast Bundle, Cinnamon Toast Crunch Cereal w/Strawberry Yogurt","Breakfast Bundle, Cinnamon Toast Crunch Cereal w/Strawberry Yogurt 25-26"
2026-09-22,Breakfast SS K-12,Breakfast SS K-12,Breakfast,Milk,37349,"Milk, 1% Plain Half Pint","Milk, 1% Plain Half Pint 25-26"
2026-09-22,Breakfast SS K-12,Breakfast SS K-12,Breakfast,Milk,37353,"Milk, Skim Plain Half Pint","Milk, Skim Plain Half Pint 25-26"
2026-09-22,Breakfast SS Pre-K,Breakfast SS PreK,Breakfast,Fruit,37432,"Fruit, Peach Cup, Individual, (CP)","Fruit, Peach Cup, Individual, (CP) 25-26"
2026-09-22,Breakfast SS Pre-K,Breakfast SS PreK,Breakfast,Grain/ M/MA,37300,"Cereal, Cinnamon Toast Crunch","Cereal, Cinnamon Toast Crunch 25-26"
2026-09-22,Breakfast SS Pre-K,Breakfast SS PreK,Breakfast,Milk,37349,"Milk, 1% Plain Half Pint","Milk, 1% Plain Half Pint 25-26"
2026-09-22,Breakfast Traditional OVS K-12,Breakfast Traditional OVS K-12,Breakfast,Condiments/ Side,37535,"Crackers, Blueberry Crisp","Crackers, Blueberry Crisp 25-26"
2026-09-22,Breakfast Traditional OVS K-12,Breakfast Traditional OVS K-12,Breakfast,Condiments/ Side,37929,"Sauce, Hot Sauce TX Pete's PC","Sauce, Hot Sauce TX Pete's PC 25-26"
2026-09-22,Breakfast Traditional OVS K-12,Breakfast Traditional OVS K-12,Breakfast,Condiments/ Side,37884,"Sauce, Salsa Cup (P)","Sauce, Salsa Cup (P) 25-26"
2026-09-22,Breakfast Traditional OVS K-12,Breakfast Traditional OVS K-12,Breakfast,Fruit,37432,"Fruit, Peach Cup, Individual, (CP)","Fruit, Peach Cup, Individual, (CP) 25-26"
2026-09-22,Breakfast Traditional OVS K-12,Breakfast Traditional OVS K-12,Breakfast,Fruit,38118,"Juice, 100% Apple, 4oz (Shelf-stable)","Juice, 100% Apple, 4oz (Shelf-stable) 25-26"
2026-09-22,Breakfast Traditional OVS K-12,Breakfast Traditional OVS K-12,Breakfast,Grain/ M/MA,37663,"Breakfast Bundle, Cinnamon Toast Crunch Cereal w/Mozzarella Cheese Stick (C)","Breakfast Bundle, Cinnamon Toast Crunch Cereal w/Mozzarella Cheese Stick (C) 25-26"
2026-09-22,Breakfast Traditional OVS K-12,Breakfast Traditional OVS K-12,Breakfast,Grain/ M/MA,37726,"Breakfast, Stuffed Egg & Cheese Hashbrown (C)","Breakfast, Stuffed Egg & Cheese Hashbrown (C) 25-26"
2026-09-22,Breakfast Traditional OVS K-12,Breakfast Traditional OVS K-12,Breakfast,Milk,37349,"Milk, 1% Plain Half Pint","Milk, 1% Plain Half Pint 25-26"
2026-09-22,Breakfast Traditional OVS K-12,Breakfast Traditional OVS K-12,Breakfast,Milk,37353,"Milk, Skim Plain Half Pint","Milk, Skim Plain Half Pint 25-26"
2026-09-22,CACFP Cold Dinner,CACFP Cold Dinner,Dinner,Condiments,37455,"Ranch, Lite, PC","Ranch, Lite, PC 25-26"
2026-09-22,CACFP Cold Dinner,CACFP Cold Dinner,Dinner,Entrees,37591,"Sandwich, Soy Butter and Jelly IW","Sandwich, Soy Butter and Jelly IW 25-26"
2026-09-22,CACFP Cold Dinner,CACFP Cold Dinner,Dinner,Fruit Sides,38123,"Craisins, Dried, Cherry","Craisins, Dried, Cherry 25-26"
2026-09-22,CACFP Cold Dinner,CACFP Cold Dinner,Dinner,Milk,37349,"Milk, 1% Plain Half Pint","Milk, 1% Plain Half Pint 25-26"
2026-09-22,CACFP Cold Dinner,CACFP Cold Dinner,Dinner,Milk,37351,"Milk, Skim Chocolate Half Pint","Milk, Skim Chocolate Half Pint 25-26"
2026-09-22,CACFP Cold Dinner,CACFP Cold Dinner,Dinner,Vegetable Sides,38071,"Carrots, Baby Raw","Carrots, Baby Raw 25-26"
2026-09-22,CACFP Hot Dinner,CACFP Hot Dinner,Dinner,Condiments,37390,"Mayonnaise, PC","Mayonnaise, PC 25-26"
2026-09-22,CACFP Hot Dinner,CACFP Hot Dinner,Dinner,Condiments,37398,"Mustard, PC","Mustard, PC 25-26"
2026-09-22,CACFP Hot Dinner,CACFP Hot Dinner,Dinner,Condiments,37439,"Pickles, 2ea","Pickles, 2ea 25-26"
2026-09-22,CACFP Hot Dinner,CACFP Hot Dinner,Dinner,Condiments,37455,"Ranch, Lite, PC","Ranch, Lite, PC 25-26"
2026-09-22,CACFP Hot Dinner,CACFP Hot Dinner,Dinner,Entrees,37681,"Sandwich, Hoagie, Turkey Ham & Cheese on WG Roll IW","Sandwich, Hoagie, Turkey Ham & Cheese on WG Roll IW 25-26"
2026-09-22,CACFP Hot Dinner,CACFP Hot Dinner,Dinner,Fruit Sides,37331,"Fruit, Mixed, Canned (Drained)","Fruit, Mixed, Canned (Drained) 25-26"
2026-09-22,CACFP Hot Dinner,CACFP Hot Dinner,Dinner,Milk,37349,"Milk, 1% Plain Half Pint","Milk, 1% Plain Half Pint 25-26"
2026-09-22,CACFP Hot Dinner,CACFP Hot Dinner,Dinner,Milk,37351,"Milk, Skim Chocolate Half Pint","Milk, Skim Chocolate Half Pint 25-26"
2026-09-22,CACFP Hot Dinner,CACFP Hot Dinner,Dinner,Vegetable Sides,38072,"Celery, Raw","Celery, Raw 25-26"
2026-09-22,HS Homestyle Lunch,HS Homestyle Lunch,Lunch,Condiments,37842,"Ketchup, PC (P)","Ketchup, PC (P) 25-26"
2026-09-22,HS Homestyle Lunch,HS Homestyle Lunch,Lunch,Condiments,37390,"Mayonnaise, PC","Mayonnaise, PC 25-26"
2026-09-22,HS Homestyle Lunch,HS Homestyle Lunch,Lunch,Condiments,37398,"Mustard, PC","Mustard, PC 25-26"
2026-09-22,HS Homestyle Lunch,HS Homestyle Lunch,Lunch,Condiments,37439,"Pickles, 2ea","Pickles, 2ea 25-26"
2026-09-22,HS Homestyle Lunch,HS Homestyle Lunch,Lunch,Condiments,37914,"Sauce, Guacamole","Sauce, Guacamole 25-26"
2026-09-22,HS Homestyle Lunch,HS Homestyle Lunch,Lunch,Condiments,37929,"Sauce, Hot Sauce TX Pete's PC","Sauce, Hot Sauce TX Pete's PC 25-26"
2026-09-22,HS Homestyle Lunch,HS Homestyle Lunch,Lunch,Condiments,37884,"Sauce, Salsa Cup (P)","Sauce, Salsa Cup (P) 25-26"
2026-09-22,HS Homestyle Lunch,HS Homestyle Lunch,Lunch,Entrees,37716,"Beef (C), Burger","Beef (C), Burger 25-26"
2026-09-22,HS Homestyle Lunch,HS Homestyle Lunch,Lunch,Entrees,37717,"Beef (C), Burger, American Cheese (C)","Beef (C), Burger, American Cheese (C) 25-26"
2026-09-22,HS Homestyle Lunch,HS Homestyle Lunch,Lunch,Entrees,37591,"Sandwich, Soy Butter and Jelly IW","Sandwich, Soy Butter and Jelly IW 25-26"
2026-09-22,HS Homestyle Lunch,HS Homestyle Lunch,Lunch,Entrees,37688,"Turkey, Barbacoa, Soft Taco (C)","Turkey, Barbacoa, Soft Taco (C) 25-26"
2026-09-22,HS Homestyle Lunch,HS Homestyle Lunch,Lunch,Fruit Sides,37506,"Fruit, Apple Slices IW (C)","Fruit, Apple Slices IW (C) 25-26"
2026-09-22,HS Homestyle Lunch,HS Homestyle Lunch,Lunch,Fruit Sides,38118,"Juice, 100% Apple, 4oz (Shelf-stable)","Juice, 100% Apple, 4oz (Shelf-stable) 25-26"
2026-09-22,HS Homestyle Lunch,HS Homestyle Lunch,Lunch,Grain/Other Side,37310,"Chips, Baked Lays","Chips, Baked Lays 25-26"
2026-09-22,HS Homestyle Lunch,HS Homestyle Lunch,Lunch,Milk,37349,"Milk, 1% Plain Half Pint","Milk, 1% Plain Half Pint 25-26"
2026-09-22,HS Homestyle Lunch,HS Homestyle Lunch,Lunch,Milk,37351,"Milk, Skim Chocolate Half Pint","Milk, Skim Chocolate Half Pint 25-26"
2026-09-22,HS Homestyle Lunch,HS Homestyle Lunch,Lunch,Milk,37353,"Milk, Skim Plain Half Pint","Milk, Skim Plain Half Pint 25-26"
2026-09-22,HS Homestyle Lunch,HS Homestyle Lunch,Lunch,Vegetable Sides,38043,"Beans, Refried Dehydrated, (C) with Shredded Cheese (C)","Beans, Refried Dehydrated, (C) with Shredded Cheese (C) 25-26"
2026-09-22,HS Homestyle Lunch,HS Homestyle Lunch,Lunch,Vegetable Sides,37335,"Green Beans, Butter Buds, Fajita","Green Beans, Butter Buds, Fajita 25-26"
2026-09-22,HS SS Satellite Lunch,HS SS Satellite Lunch,Lunch,Condiments,37914,"Sauce, Guacamole","Sauce, Guacamole 25-26"
2026-09-22,HS SS Satellite Lunch,HS SS Satellite Lunch,Lunch,Condiments,37929,"Sauce, Hot Sauce TX Pete's PC","Sauce, Hot Sauce TX Pete's PC 25-26"
2026-09-22,HS SS Satellite Lunch,HS SS Satellite Lunch,Lunch,Condiments,37884,"Sauce, Salsa Cup (P)","Sauce, Salsa Cup (P) 25-26"
2026-09-22,HS SS Satellite Lunch,HS SS Satellite Lunch,Lunch,Entrees,37688,"Turkey, Barbacoa, Soft Taco (C)","Turkey, Barbacoa, Soft Taco (C) 25-26"
2026-09-22,HS SS Satellite Lunch,HS SS Satellite Lunch,Lunch,Fruit Sides,37506,"Fruit, Apple Slices IW (C)","Fruit, Apple Slices IW (C) 25-26"
2026-09-22,HS SS Satellite Lunch,HS SS Satellite Lunch,Lunch,Fruit Sides,38118,"Juice, 100% Apple, 4oz (Shelf-stable)","Juice, 100% Apple, 4oz (Shelf-stable) 25-26"
2026-09-22,HS SS Satellite Lunch,HS SS Satellite Lunch,Lunch,Milk,37349,"Milk, 1% Plain Half Pint","Milk, 1% Plain Half Pint 25-26"
2026-09-22,HS SS Satellite Lunch,HS SS Satellite Lunch,Lunch,Milk,37351,"Milk, Skim Chocolate Half Pint","Milk, Skim Chocolate Half Pint 25-26"
2026-09-22,HS SS Satellite Lunch,HS SS Satellite Lunch,Lunch,Milk,37353,"Milk, Skim Plain Half Pint","Milk, Skim Plain Half Pint 25-26"
2026-09-22,HS SS Satellite Lunch,HS SS Satellite Lunch,Lunch,Vegetable Sides,38043,"Beans, Refried Dehydrated, (C) with Shredded Cheese (C)","Beans, Refried Dehydrated, (C) with Shredded Cheese (C) 25-26"
2026-09-22,HS SS Satellite Lunch,HS SS Satellite Lunch,Lunch,Vegetable Sides,37335,"Green Beans, Butter Buds, Fajita","Green Beans, Butter Buds, Fajita 25-26"
2026-09-22,HS Sack Lunch,HS Sack Lunch,Lunch,Condiments,37390,"Mayonnaise, PC","Mayonnaise, PC 25-26"
2026-09-22,HS Sack Lunch,HS Sack Lunch,Lunch,Condiments,37398,"Mustard, PC","Mustard, PC 25-26"
2026-09-22,HS Sack Lunch,HS Sack Lunch,Lunch,Condiments,37455,"Ranch, Lite, PC","Ranch, Lite, PC 25-26"
2026-09-22,HS Sack Lunch,HS Sack Lunch,Lunch,Entrees,37899,Turkey Ham (C) & American Cheese (C) Hoagie (H/C),Turkey Ham (C) & American Cheese (C) Hoagie (H/C) 25-26
2026-09-22,HS Sack Lunch,HS Sack Lunch,Lunch,Fruit Sides,38122,"Juice, 100% Fruit Punch, 4oz (Shelf-stable)","Juice, 100% Fruit Punch, 4oz (Shelf-stable) 25-26"
2026-09-22,HS Sack Lunch,HS Sack Lunch,Lunch,Fruit Sides,38088,"Orange, Whole Cut 138 ct. (P)","Orange, Whole Cut 138 ct. (P) 25-26"
2026-09-22,HS Sack Lunch,HS Sack Lunch,Lunch,Grain/Other Side,37310,"Chips, Baked Lays","Chips, Baked Lays 25-26"
2026-09-22,HS Sack Lunch,HS Sack Lunch,Lunch,Milk,37349,"Milk, 1% Plain Half Pint","Milk, 1% Plain Half Pint 25-26"
2026-09-22,HS Sack Lunch,HS Sack Lunch,Lunch,Milk,37351,"Milk, Skim Chocolate Half Pint","Milk, Skim Chocolate Half Pint 25-26"
2026-09-22,HS Sack Lunch,HS Sack Lunch,Lunch,Milk,37353,"Milk, Skim Plain Half Pint","Milk, Skim Plain Half Pint 25-26"
2026-09-22,HS Sack Lunch,HS Sack Lunch,Lunch,Vegetable Sides,38111,"Corn, Salad 1/2c","Corn, Salad 1/2c 25-26"
2026-09-22,HS Sack Lunch,HS Sack Lunch,Lunch,Vegetable Sides,38093,"Cucumber Slices, Raw Whole","Cucumber Slices, Raw Whole 25-26"
2026-09-22,HS Satellite Lunch,HS Satellite Lunch,Lunch,Condiments,37914,"Sauce, Guacamole","Sauce, Guacamole 25-26"
2026-09-22,HS Satellite Lunch,HS Satellite Lunch,Lunch,Condiments,37929,"Sauce, Hot Sauce TX Pete's PC","Sauce, Hot Sauce TX Pete's PC 25-26"
2026-09-22,HS Satellite Lunch,HS Satellite Lunch,Lunch,Condiments,37884,"Sauce, Salsa Cup (P)","Sauce, Salsa Cup (P) 25-26"
2026-09-22,HS Satellite Lunch,HS Satellite Lunch,Lunch,Entrees,37688,"Turkey, Barbacoa, Soft Taco (C)","Turkey, Barbacoa, Soft Taco (C) 25-26"
2026-09-22,HS Satellite Lunch,HS Satellite Lunch,Lunch,Fruit Sides,37506,"Fruit, Apple Slices IW (C)","Fruit, Apple Slices IW (C) 25-26"
2026-09-22,HS Satellite Lunch,HS Satellite Lunch,Lunch,Fruit Sides,38118,"Juice, 100% Apple, 4oz (Shelf-stable)","Juice, 100% Apple, 4oz (Shelf-stable) 25-26"
2026-09-22,HS Satellite Lunch,HS Satellite Lunch,Lunch,Milk,37349,"Milk, 1% Plain Half Pint","Milk, 1% Plain Half Pint 25-26"
2026-09-22,HS Satellite Lunch,HS Satellite Lunch,Lunch,Milk,37351,"Milk, Skim Chocolate Half Pint","Milk, Skim Chocolate Half Pint 25-26"
2026-09-22,HS Satellite Lunch,HS Satellite Lunch,Lunch,Milk,37353,"Milk, Skim Plain Half Pint","Milk, Skim Plain Half Pint 25-26"
2026-09-22,HS Satellite Lunch,HS Satellite Lunch,Lunch,Vegetable Sides,38043,"Beans, Refried Dehydrated, (C) with Shredded Cheese (C)","Beans, Refried Dehydrated, (C) with Shredded Cheese (C) 25-26"
2026-09-22,HS Satellite Lunch,HS Satellite Lunch,Lunch,Vegetable Sides,37335,"Green Beans, Butter Buds, Fajita","Green Beans, Butter Buds, Fajita 25-26"
2026-09-22,HS Snack Favorites,HS Favorites,Snack,Condiments,38262,"Dipping Sauce, Marinara (P)","Dipping Sauce, Marinara (P) 25-26"
2026-09-22,HS Snack Favorites,HS Favorites,Snack,Condiments,37842,"Ketchup, PC (P)","Ketchup, PC (P) 25-26"
2026-09-22,HS Snack Favorites,HS Favorites,Snack,Condiments,37390,"Mayonnaise, PC","Mayonnaise, PC 25-26"
2026-09-22,HS Snack Favorites,HS Favorites,Snack,Condiments,37398,"Mustard, PC","Mustard, PC 25-26"
2026-09-22,HS Snack Favorites,HS Favorites,Snack,Condiments,37439,"Pickles, 2ea","Pickles, 2ea 25-26"
2026-09-22,HS Snack Favorites,HS Favorites,Snack,Condiments,37455,"Ranch, Lite, PC","Ranch, Lite, PC 25-26"
2026-09-22,HS Snack Favorites,HS Favorites,Snack,Condiments,37929,"Sauce, Hot Sauce TX Pete's PC","Sauce, Hot Sauce TX Pete's PC 25-26"
2026-09-22,HS Snack Favorites,HS Favorites,Snack,Condiments,37884,"Sauce, Salsa Cup (P)","Sauce, Salsa Cup (P) 25-26"
2026-09-22,HS Snack Favorites,HS Favorites,Snack,Condiments,37913,"Sour Cream, Individual PC,","Sour Cream, Individual PC, 25-26"
2026-09-22,HS Snack Favorites,HS Favorites,Snack,Condiments,37443,"Tajin, PC","Tajin, PC 25-26"
2026-09-22,HS Snack Favorites,HS Favorites,Snack,Entrees,37524,"Beef, Spicy Taco Stick (C)","Beef, Spicy Taco Stick (C) 25-26"
2026-09-22,HS Snack Favorites,HS Favorites,Snack,Entrees,37304,Cheesy Breadstick Bites (C),Cheesy Breadstick Bites (C) 25-26
2026-09-22,HS Snack Favorites,HS Favorites,Snack,Entrees,38099,"Chicken, Spicy, Sandwich WM (C)","Chicken, Spicy, Sandwich WM (C) 25-26"
2026-09-22,HS Snack Favorites,HS Favorites,Snack,Fruit Sides,37506,"Fruit, Apple Slices IW (C)","Fruit, Apple Slices IW (C) 25-26"
2026-09-22,HS Snack Favorites,HS Favorites,Snack,Fruit Sides,38118,"Juice, 100% Apple, 4oz (Shelf-stable)","Juice, 100% Apple, 4oz (Shelf-stable) 25-26"
2026-09-22,HS Snack Favorites,HS Favorites,Snack,Grain/Other Side,37970,"ALC, Cookie, Chocolate Chip, Dough","ALC, Cookie, Chocolate Chip, Dough 25-26"
2026-09-22,HS Snack Favorites,HS Favorites,Snack,Grain/Other Side,37310,"Chips, Baked Lays","Chips, Baked Lays 25-26"
2026-09-22,HS Snack Favorites,HS Favorites,Snack,Milk,37349,"Milk, 1% Plain Half Pint","Milk, 1% Plain Half Pint 25-26"
2026-09-22,HS Snack Favorites,HS Favorites,Snack,Milk,37351,"Milk, Skim Chocolate Half Pint","Milk, Skim Chocolate Half Pint 25-26"
2026-09-22,HS Snack Favorites,HS Favorites,Snack,Milk,37353,"Milk, Skim Plain Half Pint","Milk, Skim Plain Half Pint 25-26"
2026-09-22,HS Snack Favorites,HS Favorites,Snack,Vegetable Sides,38043,"Beans, Refried Dehydrated, (C) with Shredded Cheese (C)","Beans, Refried Dehydrated, (C) with Shredded Cheese (C) 25-26"
2026-09-22,HS Snack Favorites,HS Favorites,Snack,Vegetable Sides,37335,"Green Beans, Butter Buds, Fajita","Green Beans, Butter Buds, Fajita 25-26"
2026-09-22,K-12 Snack,K-12 Snack,Snack,Entrees,37362,"Cracker, Crispy Veggie","Cracker, Crispy Veggie 25-26"
2026-09-22,K-12 Snack,K-12 Snack,Snack,Fruit Sides,38131,"Juice, 100% Apple, 6oz (Shelf-stable)","Juice, 100% Apple, 6oz (Shelf-stable) 25-26"
2026-09-22,K-8 Lunch,K-8 Lunch,Lunch,Condiments,37842,"Ketchup, PC (P)","Ketchup, PC (P) 25-26"
2026-09-22,K-8 Lunch,K-8 Lunch,Lunch,Condiments,37390,"Mayonnaise, PC","Mayonnaise, PC 25-26"
2026-09-22,K-8 Lunch,K-8 Lunch,Lunch,Condiments,37398,"Mustard, PC","Mustard, PC 25-26"
2026-09-22,K-8 Lunch,K-8 Lunch,Lunch,Condiments,37439,"Pickles, 2ea","Pickles, 2ea 25-26"
2026-09-22,K-8 Lunch,K-8 Lunch,Lunch,Condiments,37914,"Sauce, Guacamole","Sauce, Guacamole 25-26"
2026-09-22,K-8 Lunch,K-8 Lunch,Lunch,Condiments,37929,"Sauce, Hot Sauce TX Pete's PC","Sauce, Hot Sauce TX Pete's PC 25-26"
2026-09-22,K-8 Lunch,K-8 Lunch,Lunch,Condiments,37884,"Sauce, Salsa Cup (P)","Sauce, Salsa Cup (P) 25-26"
2026-09-22,K-8 Lunch,K-8 Lunch,Lunch,Entrees,37716,"Beef (C), Burger","Beef (C), Burger 25-26"
2026-09-22,K-8 Lunch,K-8 Lunch,Lunch,Entrees,37717,"Beef (C), Burger, American Cheese (C)","Beef (C), Burger, American Cheese (C) 25-26"
2026-09-22,K-8 Lunch,K-8 Lunch,Lunch,Entrees,38259,"Chicken, Shredded (CP) w/Cheese (C) Soft Taco","Chicken, Shredded (CP) w/Cheese (C) Soft Taco 26-27"
2026-09-22,K-8 Lunch,K-8 Lunch,Lunch,Entrees,37591,"Sandwich, Soy Butter and Jelly IW","Sandwich, Soy Butter and Jelly IW 25-26"
2026-09-22,K-8 Lunch,K-8 Lunch,Lunch,Fruit Sides,37506,"Fruit, Apple Slices IW (C)","Fruit, Apple Slices IW (C) 25-26"
2026-09-22,K-8 Lunch,K-8 Lunch,Lunch,Milk,37349,"Milk, 1% Plain Half Pint","Milk, 1% Plain Half Pint 25-26"
2026-09-22,K-8 Lunch,K-8 Lunch,Lunch,Milk,37351,"Milk, Skim Chocolate Half Pint","Milk, Skim Chocolate Half Pint 25-26"
2026-09-22,K-8 Lunch,K-8 Lunch,Lunch,Milk,37353,"Milk, Skim Plain Half Pint","Milk, Skim Plain Half Pint 25-26"
2026-09-22,K-8 Lunch,K-8 Lunch,Lunch,Vegetable Sides,37714,"Beans, Refried Dehydrated (C)","Beans, Refried Dehydrated (C) 25-26"
2026-09-22,K-8 Lunch,K-8 Lunch,Lunch,Vegetable Sides,37335,"Green Beans, Butter Buds, Fajita","Green Beans, Butter Buds, Fajita 25-26"
2026-09-22,K-8 Sack Lunch,K-8 Sack Lunch,Lunch,Entrees,37775,Turkey Breast (C) & Cheese (C) Pullman Sandwich (H/C),Turkey Breast (C) & Cheese (C) Pullman Sandwich (H/C) 25-26
2026-09-22,K-8 Sack Lunch,K-8 Sack Lunch,Lunch,Fruit Sides,38088,"Orange, Whole Cut 138 ct. (P)","Orange, Whole Cut 138 ct. (P) 25-26"
2026-09-22,K-8 Sack Lunch,K-8 Sack Lunch,Lunch,Grain/Other Side,37310,"Chips, Baked Lays","Chips, Baked Lays 25-26"
2026-09-22,K-8 Sack Lunch,K-8 Sack Lunch,Lunch,Milk,37349,"Milk, 1% Plain Half Pint","Milk, 1% Plain Half Pint 25-26"
2026-09-22,K-8 Sack Lunch,K-8 Sack Lunch,Lunch,Milk,37351,"Milk, Skim Chocolate Half Pint","Milk, Skim Chocolate Half Pint 25-26"
2026-09-22,K-8 Sack Lunch,K-8 Sack Lunch,Lunch,Milk,37353,"Milk, Skim Plain Half Pint","Milk, Skim Plain Half Pint 25-26"
2026-09-22,K-8 Sack Lunch,K-8 Sack Lunch,Lunch,Vegetable Sides,38111,"Corn, Salad 1/2c","Corn, Salad 1/2c 25-26"
2026-09-22,K-8 Sack Lunch,K-8 Sack Lunch,Lunch,Vegetable Sides,38093,"Cucumber Slices, Raw Whole","Cucumber Slices, Raw Whole 25-26"
2026-09-22,K-8 Satellite Lunch,K-8 Satellite Lunch,Lunch,Condiments,37884,"Sauce, Salsa Cup (P)","Sauce, Salsa Cup (P) 25-26"
2026-09-22,K-8 Satellite Lunch,K-8 Satellite Lunch,Lunch,Entrees,38259,"Chicken, Shredded (CP) w/Cheese (C) Soft Taco","Chicken, Shredded (CP) w/Cheese (C) Soft Taco 26-27"
2026-09-22,K-8 Satellite Lunch,K-8 Satellite Lunch,Lunch,Fruit Sides,37506,"Fruit, Apple Slices IW (C)","Fruit, Apple Slices IW (C) 25-26"
2026-09-22,K-8 Satellite Lunch,K-8 Satellite Lunch,Lunch,Milk,37349,"Milk, 1% Plain Half Pint","Milk, 1% Plain Half Pint 25-26"
2026-09-22,K-8 Satellite Lunch,K-8 Satellite Lunch,Lunch,Milk,37351,"Milk, Skim Chocolate Half Pint","Milk, Skim Chocolate Half Pint 25-26"
2026-09-22,K-8 Satellite Lunch,K-8 Satellite Lunch,Lunch,Milk,37353,"Milk, Skim Plain Half Pint","Milk, Skim Plain Half Pint 25-26"
2026-09-22,K-8 Satellite Lunch,K-8 Satellite Lunch,Lunch,Vegetable Sides,37714,"Beans, Refried Dehydrated (C)","Beans, Refried Dehydrated (C) 25-26"
2026-09-22,K-8 Satellite Lunch,K-8 Satellite Lunch,Lunch,Vegetable Sides,37335,"Green Beans, Butter Buds, Fajita","Green Beans, Butter Buds, Fajita 25-26"
2026-09-22,MS Snack Favorites,MS Favorites,Snack,Condiments,38262,"Dipping Sauce, Marinara (P)","Dipping Sauce, Marinara (P) 25-26"
2026-09-22,MS Snack Favorites,MS Favorites,Snack,Condiments,37842,"Ketchup, PC (P)","Ketchup, PC (P) 25-26"
2026-09-22,MS Snack Favorites,MS Favorites,Snack,Condiments,37390,"Mayonnaise, PC","Mayonnaise, PC 25-26"
2026-09-22,MS Snack Favorites,MS Favorites,Snack,Condiments,37398,"Mustard, PC","Mustard, PC 25-26"
2026-09-22,MS Snack Favorites,MS Favorites,Snack,Condiments,37439,"Pickles, 2ea","Pickles, 2ea 25-26"
2026-09-22,MS Snack Favorites,MS Favorites,Snack,Condiments,37914,"Sauce, Guacamole","Sauce, Guacamole 25-26"
2026-09-22,MS Snack Favorites,MS Favorites,Snack,Condiments,37929,"Sauce, Hot Sauce TX Pete's PC","Sauce, Hot Sauce TX Pete's PC 25-26"
2026-09-22,MS Snack Favorites,MS Favorites,Snack,Condiments,37884,"Sauce, Salsa Cup (P)","Sauce, Salsa Cup (P) 25-26"
2026-09-22,MS Snack Favorites,MS Favorites,Snack,Condiments,37443,"Tajin, PC","Tajin, PC 25-26"
2026-09-22,MS Snack Favorites,MS Favorites,Snack,Entrees,37524,"Beef, Spicy Taco Stick (C)","Beef, Spicy Taco Stick (C) 25-26"
2026-09-22,MS Snack Favorites,MS Favorites,Snack,Entrees,37304,Cheesy Breadstick Bites (C),Cheesy Breadstick Bites (C) 25-26
2026-09-22,MS Snack Favorites,MS Favorites,Snack,Entrees,38099,"Chicken, Spicy, Sandwich WM (C)","Chicken, Spicy, Sandwich WM (C) 25-26"
2026-09-22,MS Snack Favorites,MS Favorites,Snack,Fruit Sides,37506,"Fruit, Apple Slices IW (C)","Fruit, Apple Slices IW (C) 25-26"
2026-09-22,MS Snack Favorites,MS Favorites,Snack,Milk,37349,"Milk, 1% Plain Half Pint","Milk, 1% Plain Half Pint 25-26"
2026-09-22,MS Snack Favorites,MS Favorites,Snack,Milk,37351,"Milk, Skim Chocolate Half Pint","Milk, Skim Chocolate Half Pint 25-26"
2026-09-22,MS Snack Favorites,MS Favorites,Snack,Milk,37353,"Milk, Skim Plain Half Pint","Milk, Skim Plain Half Pint 25-26"
2026-09-22,MS Snack Favorites,MS Favorites,Snack,Vegetable Sides,37714,"Beans, Refried Dehydrated (C)","Beans, Refried Dehydrated (C) 25-26"
2026-09-22,MS Snack Favorites,MS Favorites,Snack,Vegetable Sides,37335,"Green Beans, Butter Buds, Fajita","Green Beans, Butter Buds, Fajita 25-26"
2026-09-22,Pre-K Lunch SS,PreK Lunch SS,Lunch,Entrees,37688,"Turkey, Barbacoa, Soft Taco (C)","Turkey, Barbacoa, Soft Taco (C) 25-26"
2026-09-22,Pre-K Lunch SS,PreK Lunch SS,Lunch,Fruit Sides,37506,"Fruit, Apple Slices IW (C)","Fruit, Apple Slices IW (C) 25-26"
2026-09-22,Pre-K Lunch SS,PreK Lunch SS,Lunch,Milk,37349,"Milk, 1% Plain Half Pint","Milk, 1% Plain Half Pint 25-26"
2026-09-22,Pre-K Lunch SS,PreK Lunch SS,Lunch,Vegetable Sides,37478,"PreK, Green Beans, Frozen, Butter Buds, Fajita 1/4 Cup (P)","PreK, Green Beans, Frozen, Butter Buds, Fajita 1/4 Cup (P) 25-26"
2026-09-22,PreK Snack,PreK Snack,Snack,Entrees,37362,"Cracker, Crispy Veggie","Cracker, Crispy Veggie 25-26"
2026-09-22,PreK Snack,PreK Snack,Snack,Fruit Sides,38131,"Juice, 100% Apple, 6oz (Shelf-stable)","Juice, 100% Apple, 6oz (Shelf-stable) 25-26"
2026-09-23,Breakfast SS K-12,Breakfast SS K-12,Breakfast,Fruit,38063,"Banana, Whole","Banana, Whole 25-26"
2026-09-23,Breakfast SS K-12,Breakfast SS K-12,Breakfast,Fruit,38118,"Juice, 100% Apple, 4oz (Shelf-stable)","Juice, 100% Apple, 4oz (Shelf-stable) 25-26"
2026-09-23,Breakfast SS K-12,Breakfast SS K-12,Breakfast,Grain/ M/MA,37450,"Sandwich, Breakfast Beef Sausage IW (C)","Sandwich, Breakfast Beef Sausage IW (C) 25-26"
2026-09-23,Breakfast SS K-12,Breakfast SS K-12,Breakfast,Milk,37349,"Milk, 1% Plain Half Pint","Milk, 1% Plain Half Pint 25-26"
2026-09-23,Breakfast SS K-12,Breakfast SS K-12,Breakfast,Milk,37353,"Milk, Skim Plain Half Pint","Milk, Skim Plain Half Pint 25-26"
2026-09-23,Breakfast SS Pre-K,Breakfast SS PreK,Breakfast,Fruit,38118,"Juice, 100% Apple, 4oz (Shelf-stable)","Juice, 100% Apple, 4oz (Shelf-stable) 25-26"
2026-09-23,Breakfast SS Pre-K,Breakfast SS PreK,Breakfast,Grain/ M/MA,37450,"Sandwich, Breakfast Beef Sausage IW (C)","Sandwich, Breakfast Beef Sausage IW (C) 25-26"
2026-09-23,Breakfast SS Pre-K,Breakfast SS PreK,Breakfast,Milk,37349,"Milk, 1% Plain Half Pint","Milk, 1% Plain Half Pint 25-26"
2026-09-23,Breakfast Traditional OVS K-12,Breakfast Traditional OVS K-12,Breakfast,Condiments/ Side,37321,"Cracker, Educational Farmers MRKT","Cracker, Educational Farmers MRKT 25-26"
2026-09-23,Breakfast Traditional OVS K-12,Breakfast Traditional OVS K-12,Breakfast,Condiments/ Side,37929,"Sauce, Hot Sauce TX Pete's PC","Sauce, Hot Sauce TX Pete's PC 25-26"
2026-09-23,Breakfast Traditional OVS K-12,Breakfast Traditional OVS K-12,Breakfast,Condiments/ Side,37884,"Sauce, Salsa Cup (P)","Sauce, Salsa Cup (P) 25-26"
2026-09-23,Breakfast Traditional OVS K-12,Breakfast Traditional OVS K-12,Breakfast,Fruit,38063,"Banana, Whole","Banana, Whole 25-26"
2026-09-23,Breakfast Traditional OVS K-12,Breakfast Traditional OVS K-12,Breakfast,Fruit,38118,"Juice, 100% Apple, 4oz (Shelf-stable)","Juice, 100% Apple, 4oz (Shelf-stable) 25-26"
2026-09-23,Breakfast Traditional OVS K-12,Breakfast Traditional OVS K-12,Breakfast,Grain/ M/MA,37284,Beef Sausage and Cheese Bagel (C),Beef Sausage and Cheese Bagel (C) 25-26
2026-09-23,Breakfast Traditional OVS K-12,Breakfast Traditional OVS K-12,Breakfast,Grain/ M/MA,37671,"Breakfast Bundle, Cherry Muffin w/Strawberry Yogurt","Breakfast Bundle, Cherry Muffin w/Strawberry Yogurt 25-26"
2026-09-23,Breakfast Traditional OVS K-12,Breakfast Traditional OVS K-12,Breakfast,Milk,37349,"Milk, 1% Plain Half Pint","Milk, 1% Plain Half Pint 25-26"
2026-09-23,Breakfast Traditional OVS K-12,Breakfast Traditional OVS K-12,Breakfast,Milk,37353,"Milk, Skim Plain Half Pint","Milk, Skim Plain Half Pint 25-26"
2026-09-23,CACFP Cold Dinner,CACFP Cold Dinner,Dinner,Condiments,37390,"Mayonnaise, PC","Mayonnaise, PC 25-26"
2026-09-23,CACFP Cold Dinner,CACFP Cold Dinner,Dinner,Condiments,37398,"Mustard, PC","Mustard, PC 25-26"
2026-09-23,CACFP Cold Dinner,CACFP Cold Dinner,Dinner,Condiments,37455,"Ranch, Lite, PC","Ranch, Lite, PC 25-26"
2026-09-23,CACFP Cold Dinner,CACFP Cold Dinner,Dinner,Entrees,37681,"Sandwich, Hoagie, Turkey Ham & Cheese on WG Roll IW","Sandwich, Hoagie, Turkey Ham & Cheese on WG Roll IW 25-26"
2026-09-23,CACFP Cold Dinner,CACFP Cold Dinner,Dinner,Fruit Sides,38088,"Orange, Whole Cut 138 ct. (P)","Orange, Whole Cut 138 ct. (P) 25-26"
2026-09-23,CACFP Cold Dinner,CACFP Cold Dinner,Dinner,Milk,37349,"Milk, 1% Plain Half Pint","Milk, 1% Plain Half Pint 25-26"
2026-09-23,CACFP Cold Dinner,CACFP Cold Dinner,Dinner,Milk,37351,"Milk, Skim Chocolate Half Pint","Milk, Skim Chocolate Half Pint 25-26"
2026-09-23,CACFP Cold Dinner,CACFP Cold Dinner,Dinner,Vegetable Sides,38093,"Cucumber Slices, Raw Whole","Cucumber Slices, Raw Whole 25-26"
2026-09-23,CACFP Hot Dinner,CACFP Hot Dinner,Dinner,Entrees,37589,"Chicken, Dumplings, Teriyaki Sauce","Chicken, Dumplings, Teriyaki Sauce 25-26"
2026-09-23,CACFP Hot Dinner,CACFP Hot Dinner,Dinner,Fruit Sides,38123,"Craisins, Dried, Cherry","Craisins, Dried, Cherry 25-26"
2026-09-23,CACFP Hot Dinner,CACFP Hot Dinner,Dinner,Milk,37349,"Milk, 1% Plain Half Pint","Milk, 1% Plain Half Pint 25-26"
2026-09-23,CACFP Hot Dinner,CACFP Hot Dinner,Dinner,Milk,37351,"Milk, Skim Chocolate Half Pint","Milk, Skim Chocolate Half Pint 25-26"
2026-09-23,CACFP Hot Dinner,CACFP Hot Dinner,Dinner,Vegetable Sides,37438,"Peas & Carrots, Blend, Butter Buds, Fajita","Peas & Carrots, Blend, Butter Buds, Fajita 25-26"
2026-09-23,HS Homestyle Lunch,HS Homestyle Lunch,Lunch,Condiments,38262,"Dipping Sauce, Marinara (P)","Dipping Sauce, Marinara (P) 25-26"
2026-09-23,HS Homestyle Lunch,HS Homestyle Lunch,Lunch,Condiments,37455,"Ranch, Lite, PC","Ranch, Lite, PC 25-26"
2026-09-23,HS Homestyle Lunch,HS Homestyle Lunch,Lunch,Entrees,37589,"Chicken, Dumplings, Teriyaki Sauce","Chicken, Dumplings, Teriyaki Sauce 25-26"
2026-09-23,HS Homestyle Lunch,HS Homestyle Lunch,Lunch,Entrees,37591,"Sandwich, Soy Butter and Jelly IW","Sandwich, Soy Butter and Jelly IW 25-26"
2026-09-23,HS Homestyle Lunch,HS Homestyle Lunch,Lunch,Entrees,38074,"Sandwich, WG, Grilled Cheese IW (C)","Sandwich, WG, Grilled Cheese IW (C) 25-26"
2026-09-23,HS Homestyle Lunch,HS Homestyle Lunch,Lunch,Fruit Sides,37331,"Fruit, Mixed, Canned (Drained)","Fruit, Mixed, Canned (Drained) 25-26"
2026-09-23,HS Homestyle Lunch,HS Homestyle Lunch,Lunch,Fruit Sides,38118,"Juice, 100% Apple, 4oz (Shelf-stable)","Juice, 100% Apple, 4oz (Shelf-stable) 25-26"
2026-09-23,HS Homestyle Lunch,HS Homestyle Lunch,Lunch,Grain/Other Side,37310,"Chips, Baked Lays","Chips, Baked Lays 25-26"
2026-09-23,HS Homestyle Lunch,HS Homestyle Lunch,Lunch,Grain/Other Side,37459,"Pudding, Chocolate","Pudding, Chocolate 25-26"
2026-09-23,HS Homestyle Lunch,HS Homestyle Lunch,Lunch,Milk,37349,"Milk, 1% Plain Half Pint","Milk, 1% Plain Half Pint 25-26"
2026-09-23,HS Homestyle Lunch,HS Homestyle Lunch,Lunch,Milk,37351,"Milk, Skim Chocolate Half Pint","Milk, Skim Chocolate Half Pint 25-26"
2026-09-23,HS Homestyle Lunch,HS Homestyle Lunch,Lunch,Milk,37353,"Milk, Skim Plain Half Pint","Milk, Skim Plain Half Pint 25-26"
2026-09-23,HS Homestyle Lunch,HS Homestyle Lunch,Lunch,Vegetable Sides,37290,"Broccoli, Frozen, Butter Buds, Fajita","Broccoli, Frozen, Butter Buds, Fajita 25-26"
2026-09-23,HS Homestyle Lunch,HS Homestyle Lunch,Lunch,Vegetable Sides,38071,"Carrots, Baby Raw","Carrots, Baby Raw 25-26"
2026-09-23,HS SS Satellite Lunch,HS SS Satellite Lunch,Lunch,Condiments,38262,"Dipping Sauce, Marinara (P)","Dipping Sauce, Marinara (P) 25-26"
2026-09-23,HS SS Satellite Lunch,HS SS Satellite Lunch,Lunch,Condiments,37455,"Ranch, Lite, PC","Ranch, Lite, PC 25-26"
2026-09-23,HS SS Satellite Lunch,HS SS Satellite Lunch,Lunch,Entrees,38074,"Sandwich, WG, Grilled Cheese IW (C)","Sandwich, WG, Grilled Cheese IW (C) 25-26"
2026-09-23,HS SS Satellite Lunch,HS SS Satellite Lunch,Lunch,Fruit Sides,37331,"Fruit, Mixed, Canned (Drained)","Fruit, Mixed, Canned (Drained) 25-26"
2026-09-23,HS SS Satellite Lunch,HS SS Satellite Lunch,Lunch,Fruit Sides,38118,"Juice, 100% Apple, 4oz (Shelf-stable)","Juice, 100% Apple, 4oz (Shelf-stable) 25-26"
2026-09-23,HS SS Satellite Lunch,HS SS Satellite Lunch,Lunch,Grain/Other Side,37310,"Chips, Baked Lays","Chips, Baked Lays 25-26"
2026-09-23,HS SS Satellite Lunch,HS SS Satellite Lunch,Lunch,Milk,37349,"Milk, 1% Plain Half Pint","Milk, 1% Plain Half Pint 25-26"
2026-09-23,HS SS Satellite Lunch,HS SS Satellite Lunch,Lunch,Milk,37351,"Milk, Skim Chocolate Half Pint","Milk, Skim Chocolate Half Pint 25-26"
2026-09-23,HS SS Satellite Lunch,HS SS Satellite Lunch,Lunch,Milk,37353,"Milk, Skim Plain Half Pint","Milk, Skim Plain Half Pint 25-26"
2026-09-23,HS SS Satellite Lunch,HS SS Satellite Lunch,Lunch,Vegetable Sides,37290,"Broccoli, Frozen, Butter Buds, Fajita","Broccoli, Frozen, Butter Buds, Fajita 25-26"
2026-09-23,HS SS Satellite Lunch,HS SS Satellite Lunch,Lunch,Vegetable Sides,38071,"Carrots, Baby Raw","Carrots, Baby Raw 25-26"
2026-09-23,HS Sack Lunch,HS Sack Lunch,Lunch,Condiments,37390,"Mayonnaise, PC","Mayonnaise, PC 25-26"
2026-09-23,HS Sack Lunch,HS Sack Lunch,Lunch,Condiments,37398,"Mustard, PC","Mustard, PC 25-26"
2026-09-23,HS Sack Lunch,HS Sack Lunch,Lunch,Condiments,37455,"Ranch, Lite, PC","Ranch, Lite, PC 25-26"
2026-09-23,HS Sack Lunch,HS Sack Lunch,Lunch,Entrees,37775,Turkey Breast (C) & Cheese (C) Pullman Sandwich (H/C),Turkey Breast (C) & Cheese (C) Pullman Sandwich (H/C) 25-26
2026-09-23,HS Sack Lunch,HS Sack Lunch,Lunch,Fruit Sides,38062,"Apple, Whole, Fuji","Apple, Whole, Fuji 25-26"
2026-09-23,HS Sack Lunch,HS Sack Lunch,Lunch,Fruit Sides,38122,"Juice, 100% Fruit Punch, 4oz (Shelf-stable)","Juice, 100% Fruit Punch, 4oz (Shelf-stable) 25-26"
2026-09-23,HS Sack Lunch,HS Sack Lunch,Lunch,Grain/Other Side,37310,"Chips, Baked Lays","Chips, Baked Lays 25-26"
2026-09-23,HS Sack Lunch,HS Sack Lunch,Lunch,Milk,37349,"Milk, 1% Plain Half Pint","Milk, 1% Plain Half Pint 25-26"
2026-09-23,HS Sack Lunch,HS Sack Lunch,Lunch,Milk,37351,"Milk, Skim Chocolate Half Pint","Milk, Skim Chocolate Half Pint 25-26"
2026-09-23,HS Sack Lunch,HS Sack Lunch,Lunch,Milk,37353,"Milk, Skim Plain Half Pint","Milk, Skim Plain Half Pint 25-26"
2026-09-23,HS Sack Lunch,HS Sack Lunch,Lunch,Vegetable Sides,38070,"Broccoli, Raw","Broccoli, Raw 25-26"
2026-09-23,HS Sack Lunch,HS Sack Lunch,Lunch,Vegetable Sides,38071,"Carrots, Baby Raw","Carrots, Baby Raw 25-26"
2026-09-23,HS Satellite Lunch,HS Satellite Lunch,Lunch,Condiments,38262,"Dipping Sauce, Marinara (P)","Dipping Sauce, Marinara (P) 25-26"
2026-09-23,HS Satellite Lunch,HS Satellite Lunch,Lunch,Condiments,37455,"Ranch, Lite, PC","Ranch, Lite, PC 25-26"
2026-09-23,HS Satellite Lunch,HS Satellite Lunch,Lunch,Entrees,38074,"Sandwich, WG, Grilled Cheese IW (C)","Sandwich, WG, Grilled Cheese IW (C) 25-26"
2026-09-23,HS Satellite Lunch,HS Satellite Lunch,Lunch,Fruit Sides,37331,"Fruit, Mixed, Canned (Drained)","Fruit, Mixed, Canned (Drained) 25-26"
2026-09-23,HS Satellite Lunch,HS Satellite Lunch,Lunch,Fruit Sides,38118,"Juice, 100% Apple, 4oz (Shelf-stable)","Juice, 100% Apple, 4oz (Shelf-stable) 25-26"
2026-09-23,HS Satellite Lunch,HS Satellite Lunch,Lunch,Grain/Other Side,37310,"Chips, Baked Lays","Chips, Baked Lays 25-26"
2026-09-23,HS Satellite Lunch,HS Satellite Lunch,Lunch,Milk,37349,"Milk, 1% Plain Half Pint","Milk, 1% Plain Half Pint 25-26"
2026-09-23,HS Satellite Lunch,HS Satellite Lunch,Lunch,Milk,37351,"Milk, Skim Chocolate Half Pint","Milk, Skim Chocolate Half Pint 25-26"
2026-09-23,HS Satellite Lunch,HS Satellite Lunch,Lunch,Milk,37353,"Milk, Skim Plain Half Pint","Milk, Skim Plain Half Pint 25-26"
2026-09-23,HS Satellite Lunch,HS Satellite Lunch,Lunch,Vegetable Sides,37290,"Broccoli, Frozen, Butter Buds, Fajita","Broccoli, Frozen, Butter Buds, Fajita 25-26"
2026-09-23,HS Satellite Lunch,HS Satellite Lunch,Lunch,Vegetable Sides,38071,"Carrots, Baby Raw","Carrots, Baby Raw 25-26"
2026-09-23,HS Snack Favorites,HS Favorites,Snack,Condiments,37842,"Ketchup, PC (P)","Ketchup, PC (P) 25-26"
2026-09-23,HS Snack Favorites,HS Favorites,Snack,Condiments,37455,"Ranch, Lite, PC","Ranch, Lite, PC 25-26"
2026-09-23,HS Snack Favorites,HS Favorites,Snack,Condiments,37883,"Sauce, BBQ Dunk Cup, PC (P)","Sauce, BBQ Dunk Cup, PC (P) 25-26"
2026-09-23,HS Snack Favorites,HS Favorites,Snack,Entrees,38257,"Chicken, Tenders (CP) W/Breadstick, Cheesy Garlic","Chicken, Tenders (CP) W/Breadstick, Cheesy Garlic 26-27"
2026-09-23,HS Snack Favorites,HS Favorites,Snack,Entrees,37919,Macaroni and Cheese (C) w/Cornbread Poppers (C),Macaroni and Cheese (C) w/Cornbread Poppers (C) 25-26
2026-09-23,HS Snack Favorites,HS Favorites,Snack,Entrees,38272,"Pizza (C), BBQ Chicken (CP), 8 Cut, 2oz Cheddar (C) (K-8)","Pizza (C), BBQ Chicken (CP), 8 Cut, 2oz Cheddar (C) (K-8) 26-27"
2026-09-23,HS Snack Favorites,HS Favorites,Snack,Fruit Sides,37331,"Fruit, Mixed, Canned (Drained)","Fruit, Mixed, Canned (Drained) 25-26"
2026-09-23,HS Snack Favorites,HS Favorites,Snack,Fruit Sides,38118,"Juice, 100% Apple, 4oz (Shelf-stable)","Juice, 100% Apple, 4oz (Shelf-stable) 25-26"
2026-09-23,HS Snack Favorites,HS Favorites,Snack,Grain/Other Side,37310,"Chips, Baked Lays","Chips, Baked Lays 25-26"
2026-09-23,HS Snack Favorites,HS Favorites,Snack,Grain/Other Side,37459,"Pudding, Chocolate","Pudding, Chocolate 25-26"
2026-09-23,HS Snack Favorites,HS Favorites,Snack,Milk,37349,"Milk, 1% Plain Half Pint","Milk, 1% Plain Half Pint 25-26"
2026-09-23,HS Snack Favorites,HS Favorites,Snack,Milk,37351,"Milk, Skim Chocolate Half Pint","Milk, Skim Chocolate Half Pint 25-26"
2026-09-23,HS Snack Favorites,HS Favorites,Snack,Milk,37353,"Milk, Skim Plain Half Pint","Milk, Skim Plain Half Pint 25-26"
2026-09-23,HS Snack Favorites,HS Favorites,Snack,Vegetable Sides,37290,"Broccoli, Frozen, Butter Buds, Fajita","Broccoli, Frozen, Butter Buds, Fajita 25-26"
2026-09-23,HS Snack Favorites,HS Favorites,Snack,Vegetable Sides,38071,"Carrots, Baby Raw","Carrots, Baby Raw 25-26"
2026-09-23,K-12 Snack,K-12 Snack,Snack,Entrees,37460,Pretzel,Pretzel 25-26
2026-09-23,K-12 Snack,K-12 Snack,Snack,Fruit Sides,38182,"Apple, Whole, Red Delicious","Apple, Whole, Red Delicious 25-26"
2026-09-23,K-8 Lunch,K-8 Lunch,Lunch,Condiments,38262,"Dipping Sauce, Marinara (P)","Dipping Sauce, Marinara (P) 25-26"
2026-09-23,K-8 Lunch,K-8 Lunch,Lunch,Condiments,37455,"Ranch, Lite, PC","Ranch, Lite, PC 25-26"
2026-09-23,K-8 Lunch,K-8 Lunch,Lunch,Entrees,37589,"Chicken, Dumplings, Teriyaki Sauce","Chicken, Dumplings, Teriyaki Sauce 25-26"
2026-09-23,K-8 Lunch,K-8 Lunch,Lunch,Entrees,37591,"Sandwich, Soy Butter and Jelly IW","Sandwich, Soy Butter and Jelly IW 25-26"
2026-09-23,K-8 Lunch,K-8 Lunch,Lunch,Entrees,38074,"Sandwich, WG, Grilled Cheese IW (C)","Sandwich, WG, Grilled Cheese IW (C) 25-26"
2026-09-23,K-8 Lunch,K-8 Lunch,Lunch,Fruit Sides,37331,"Fruit, Mixed, Canned (Drained)","Fruit, Mixed, Canned (Drained) 25-26"
2026-09-23,K-8 Lunch,K-8 Lunch,Lunch,Grain/Other Side,37397,"Muffin, Corn (IW)","Muffin, Corn (IW) 25-26"
2026-09-23,K-8 Lunch,K-8 Lunch,Lunch,Milk,37349,"Milk, 1% Plain Half Pint","Milk, 1% Plain Half Pint 25-26"
2026-09-23,K-8 Lunch,K-8 Lunch,Lunch,Milk,37351,"Milk, Skim Chocolate Half Pint","Milk, Skim Chocolate Half Pint 25-26"
2026-09-23,K-8 Lunch,K-8 Lunch,Lunch,Milk,37353,"Milk, Skim Plain Half Pint","Milk, Skim Plain Half Pint 25-26"
2026-09-23,K-8 Lunch,K-8 Lunch,Lunch,Vegetable Sides,37290,"Broccoli, Frozen, Butter Buds, Fajita","Broccoli, Frozen, Butter Buds, Fajita 25-26"
2026-09-23,K-8 Lunch,K-8 Lunch,Lunch,Vegetable Sides,38071,"Carrots, Baby Raw","Carrots, Baby Raw 25-26"
2026-09-23,K-8 Sack Lunch,K-8 Sack Lunch,Lunch,Condiments,37398,"Mustard, PC","Mustard, PC 25-26"
2026-09-23,K-8 Sack Lunch,K-8 Sack Lunch,Lunch,Condiments,37455,"Ranch, Lite, PC","Ranch, Lite, PC 25-26"
2026-09-23,K-8 Sack Lunch,K-8 Sack Lunch,Lunch,Entrees,37899,Turkey Ham (C) & American Cheese (C) Hoagie (H/C),Turkey Ham (C) & American Cheese (C) Hoagie (H/C) 25-26
2026-09-23,K-8 Sack Lunch,K-8 Sack Lunch,Lunch,Fruit Sides,38062,"Apple, Whole, Fuji","Apple, Whole, Fuji 25-26"
2026-09-23,K-8 Sack Lunch,K-8 Sack Lunch,Lunch,Milk,37349,"Milk, 1% Plain Half Pint","Milk, 1% Plain Half Pint 25-26"
2026-09-23,K-8 Sack Lunch,K-8 Sack Lunch,Lunch,Milk,37351,"Milk, Skim Chocolate Half Pint","Milk, Skim Chocolate Half Pint 25-26"
2026-09-23,K-8 Sack Lunch,K-8 Sack Lunch,Lunch,Milk,37353,"Milk, Skim Plain Half Pint","Milk, Skim Plain Half Pint 25-26"
2026-09-23,K-8 Sack Lunch,K-8 Sack Lunch,Lunch,Vegetable Sides,38070,"Broccoli, Raw","Broccoli, Raw 25-26"
2026-09-23,K-8 Sack Lunch,K-8 Sack Lunch,Lunch,Vegetable Sides,38071,"Carrots, Baby Raw","Carrots, Baby Raw 25-26"
2026-09-23,K-8 Satellite Lunch,K-8 Satellite Lunch,Lunch,Condiments,38262,"Dipping Sauce, Marinara (P)","Dipping Sauce, Marinara (P) 25-26"
2026-09-23,K-8 Satellite Lunch,K-8 Satellite Lunch,Lunch,Condiments,37455,"Ranch, Lite, PC","Ranch, Lite, PC 25-26"
2026-09-23,K-8 Satellite Lunch,K-8 Satellite Lunch,Lunch,Entrees,38074,"Sandwich, WG, Grilled Cheese IW (C)","Sandwich, WG, Grilled Cheese IW (C) 25-26"
2026-09-23,K-8 Satellite Lunch,K-8 Satellite Lunch,Lunch,Fruit Sides,37331,"Fruit, Mixed, Canned (Drained)","Fruit, Mixed, Canned (Drained) 25-26"
2026-09-23,K-8 Satellite Lunch,K-8 Satellite Lunch,Lunch,Milk,37349,"Milk, 1% Plain Half Pint","Milk, 1% Plain Half Pint 25-26"
2026-09-23,K-8 Satellite Lunch,K-8 Satellite Lunch,Lunch,Milk,37351,"Milk, Skim Chocolate Half Pint","Milk, Skim Chocolate Half Pint 25-26"
2026-09-23,K-8 Satellite Lunch,K-8 Satellite Lunch,Lunch,Milk,37353,"Milk, Skim Plain Half Pint","Milk, Skim Plain Half Pint 25-26"
2026-09-23,K-8 Satellite Lunch,K-8 Satellite Lunch,Lunch,Vegetable Sides,37290,"Broccoli, Frozen, Butter Buds, Fajita","Broccoli, Frozen, Butter Buds, Fajita 25-26"
2026-09-23,K-8 Satellite Lunch,K-8 Satellite Lunch,Lunch,Vegetable Sides,38071,"Carrots, Baby Raw","Carrots, Baby Raw 25-26"
2026-09-23,MS Snack Favorites,MS Favorites,Snack,Condiments,37842,"Ketchup, PC (P)","Ketchup, PC (P) 25-26"
2026-09-23,MS Snack Favorites,MS Favorites,Snack,Condiments,37455,"Ranch, Lite, PC","Ranch, Lite, PC 25-26"
2026-09-23,MS Snack Favorites,MS Favorites,Snack,Condiments,37883,"Sauce, BBQ Dunk Cup, PC (P)","Sauce, BBQ Dunk Cup, PC (P) 25-26"
2026-09-23,MS Snack Favorites,MS Favorites,Snack,Entrees,38257,"Chicken, Tenders (CP) W/Breadstick, Cheesy Garlic","Chicken, Tenders (CP) W/Breadstick, Cheesy Garlic 26-27"
2026-09-23,MS Snack Favorites,MS Favorites,Snack,Entrees,37919,Macaroni and Cheese (C) w/Cornbread Poppers (C),Macaroni and Cheese (C) w/Cornbread Poppers (C) 25-26
2026-09-23,MS Snack Favorites,MS Favorites,Snack,Entrees,38272,"Pizza (C), BBQ Chicken (CP), 8 Cut, 2oz Cheddar (C) (K-8)","Pizza (C), BBQ Chicken (CP), 8 Cut, 2oz Cheddar (C) (K-8) 26-27"
2026-09-23,MS Snack Favorites,MS Favorites,Snack,Fruit Sides,37331,"Fruit, Mixed, Canned (Drained)","Fruit, Mixed, Canned (Drained) 25-26"
2026-09-23,MS Snack Favorites,MS Favorites,Snack,Milk,37349,"Milk, 1% Plain Half Pint","Milk, 1% Plain Half Pint 25-26"
2026-09-23,MS Snack Favorites,MS Favorites,Snack,Milk,37351,"Milk, Skim Chocolate Half Pint","Milk, Skim Chocolate Half Pint 25-26"
2026-09-23,MS Snack Favorites,MS Favorites,Snack,Milk,37353,"Milk, Skim Plain Half Pint","Milk, Skim Plain Half Pint 25-26"
2026-09-23,MS Snack Favorites,MS Favorites,Snack,Vegetable Sides,37290,"Broccoli, Frozen, Butter Buds, Fajita","Broccoli, Frozen, Butter Buds, Fajita 25-26"
2026-09-23,MS Snack Favorites,MS Favorites,Snack,Vegetable Sides,38071,"Carrots, Baby Raw","Carrots, Baby Raw 25-26"
2026-09-23,Pre-K Lunch SS,PreK Lunch SS,Lunch,Condiments,38262,"Dipping Sauce, Marinara (P)","Dipping Sauce, Marinara (P) 25-26"
2026-09-23,Pre-K Lunch SS,PreK Lunch SS,Lunch,Entrees,38074,"Sandwich, WG, Grilled Cheese IW (C)","Sandwich, WG, Grilled Cheese IW (C) 25-26"
2026-09-23,Pre-K Lunch SS,PreK Lunch SS,Lunch,Fruit Sides,37481,"PreK, Fruit, Mixed, Canned 1/4 Cup","PreK, Fruit, Mixed, Canned 1/4 Cup 25-26"
2026-09-23,Pre-K Lunch SS,PreK Lunch SS,Lunch,Milk,37349,"Milk, 1% Plain Half Pint","Milk, 1% Plain Half Pint 25-26"
2026-09-23,Pre-K Lunch SS,PreK Lunch SS,Lunch,Vegetable Sides,37487,"PreK, Broccoli, Frozen, Butter Buds, Fajita 1/4 Cup","PreK, Broccoli, Frozen, Butter Buds, Fajita 1/4 Cup 25-26"
2026-09-23,PreK Snack,PreK Snack,Snack,Entrees,37460,Pretzel,Pretzel 25-26
2026-09-23,PreK Snack,PreK Snack,Snack,Fruit Sides,37456,Raisins (P),Raisins (P) 25-26
2026-09-24,Breakfast SS K-12,Breakfast SS K-12,Breakfast,Fruit,37513,"Fruit, Mixed Fruit Cup, Individual, (C)","Fruit, Mixed Fruit Cup, Individual, (C) 25-26"
2026-09-24,Breakfast SS K-12,Breakfast SS K-12,Breakfast,Fruit,38118,"Juice, 100% Apple, 4oz (Shelf-stable)","Juice, 100% Apple, 4oz (Shelf-stable) 25-26"
2026-09-24,Breakfast SS K-12,Breakfast SS K-12,Breakfast,Grain/ M/MA,38207,"Cheese, Mozzarella String (IW) (New) (C)","Cheese, Mozzarella String (IW) (New) (C) 25-26"
2026-09-24,Breakfast SS K-12,Breakfast SS K-12,Breakfast,Grain/ M/MA,37715,"Chicken, Biscuit, Fully Cooked, WG (C)","Chicken, Biscuit, Fully Cooked, WG (C) 25-26"
2026-09-24,Breakfast SS K-12,Breakfast SS K-12,Breakfast,Milk,37349,"Milk, 1% Plain Half Pint","Milk, 1% Plain Half Pint 25-26"
2026-09-24,Breakfast SS K-12,Breakfast SS K-12,Breakfast,Milk,37353,"Milk, Skim Plain Half Pint","Milk, Skim Plain Half Pint 25-26"
2026-09-24,Breakfast SS Pre-K,Breakfast SS PreK,Breakfast,Fruit,37513,"Fruit, Mixed Fruit Cup, Individual, (C)","Fruit, Mixed Fruit Cup, Individual, (C) 25-26"
2026-09-24,Breakfast SS Pre-K,Breakfast SS PreK,Breakfast,Grain/ M/MA,37715,"Chicken, Biscuit, Fully Cooked, WG (C)","Chicken, Biscuit, Fully Cooked, WG (C) 25-26"
2026-09-24,Breakfast SS Pre-K,Breakfast SS PreK,Breakfast,Milk,37349,"Milk, 1% Plain Half Pint","Milk, 1% Plain Half Pint 25-26"
2026-09-24,Breakfast Traditional OVS K-12,Breakfast Traditional OVS K-12,Breakfast,Condiments/ Side,37929,"Sauce, Hot Sauce TX Pete's PC","Sauce, Hot Sauce TX Pete's PC 25-26"
2026-09-24,Breakfast Traditional OVS K-12,Breakfast Traditional OVS K-12,Breakfast,Condiments/ Side,37884,"Sauce, Salsa Cup (P)","Sauce, Salsa Cup (P) 25-26"
2026-09-24,Breakfast Traditional OVS K-12,Breakfast Traditional OVS K-12,Breakfast,Condiments/ Side,37446,"Snack Mix, Cracker, Strawberry Yogurt","Snack Mix, Cracker, Strawberry Yogurt 25-26"
2026-09-24,Breakfast Traditional OVS K-12,Breakfast Traditional OVS K-12,Breakfast,Fruit,37513,"Fruit, Mixed Fruit Cup, Individual, (C)","Fruit, Mixed Fruit Cup, Individual, (C) 25-26"
2026-09-24,Breakfast Traditional OVS K-12,Breakfast Traditional OVS K-12,Breakfast,Fruit,38118,"Juice, 100% Apple, 4oz (Shelf-stable)","Juice, 100% Apple, 4oz (Shelf-stable) 25-26"
2026-09-24,Breakfast Traditional OVS K-12,Breakfast Traditional OVS K-12,Breakfast,Grain/ M/MA,37663,"Breakfast Bundle, Cinnamon Toast Crunch Cereal w/Mozzarella Cheese Stick (C)","Breakfast Bundle, Cinnamon Toast Crunch Cereal w/Mozzarella Cheese Stick (C) 25-26"
2026-09-24,Breakfast Traditional OVS K-12,Breakfast Traditional OVS K-12,Breakfast,Grain/ M/MA,37918,"Breakfast, Taco CrispUp, Cheese, Chicken, Potato","Breakfast, Taco CrispUp, Cheese, Chicken, Potato 25-26"
2026-09-24,Breakfast Traditional OVS K-12,Breakfast Traditional OVS K-12,Breakfast,Milk,37349,"Milk, 1% Plain Half Pint","Milk, 1% Plain Half Pint 25-26"
2026-09-24,Breakfast Traditional OVS K-12,Breakfast Traditional OVS K-12,Breakfast,Milk,37353,"Milk, Skim Plain Half Pint","Milk, Skim Plain Half Pint 25-26"
2026-09-24,CACFP Cold Dinner,CACFP Cold Dinner,Dinner,Condiments,37455,"Ranch, Lite, PC","Ranch, Lite, PC 25-26"
2026-09-24,CACFP Cold Dinner,CACFP Cold Dinner,Dinner,Entrees,38216,"Sandwich, Soy Butter and Strawberry Jelly IW","Sandwich, Soy Butter and Strawberry Jelly IW 25-26"
2026-09-24,CACFP Cold Dinner,CACFP Cold Dinner,Dinner,Fruit Sides,37456,Raisins (P),Raisins (P) 25-26
2026-09-24,CACFP Cold Dinner,CACFP Cold Dinner,Dinner,Milk,37349,"Milk, 1% Plain Half Pint","Milk, 1% Plain Half Pint 25-26"
2026-09-24,CACFP Cold Dinner,CACFP Cold Dinner,Dinner,Milk,37351,"Milk, Skim Chocolate Half Pint","Milk, Skim Chocolate Half Pint 25-26"
2026-09-24,CACFP Cold Dinner,CACFP Cold Dinner,Dinner,Vegetable Sides,38071,"Carrots, Baby Raw","Carrots, Baby Raw 25-26"
2026-09-24,CACFP Hot Dinner,CACFP Hot Dinner,Dinner,Condiments,37929,"Sauce, Hot Sauce TX Pete's PC","Sauce, Hot Sauce TX Pete's PC 25-26"
2026-09-24,CACFP Hot Dinner,CACFP Hot Dinner,Dinner,Condiments,37884,"Sauce, Salsa Cup (P)","Sauce, Salsa Cup (P) 25-26"
2026-09-24,CACFP Hot Dinner,CACFP Hot Dinner,Dinner,Entrees,37457,"Pupusa, Bean & Cheese","Pupusa, Bean & Cheese 25-26"
2026-09-24,CACFP Hot Dinner,CACFP Hot Dinner,Dinner,Fruit Sides,38088,"Orange, Whole Cut 138 ct. (P)","Orange, Whole Cut 138 ct. (P) 25-26"
2026-09-24,CACFP Hot Dinner,CACFP Hot Dinner,Dinner,Milk,37349,"Milk, 1% Plain Half Pint","Milk, 1% Plain Half Pint 25-26"
2026-09-24,CACFP Hot Dinner,CACFP Hot Dinner,Dinner,Milk,37351,"Milk, Skim Chocolate Half Pint","Milk, Skim Chocolate Half Pint 25-26"
2026-09-24,CACFP Hot Dinner,CACFP Hot Dinner,Dinner,Vegetable Sides,37675,"Black Beans, Taco Fiesta","Black Beans, Taco Fiesta 25-26"
2026-09-24,HS Homestyle Lunch,HS Homestyle Lunch,Lunch,Condiments,37526,"Dressing, Country Gravy","Dressing, Country Gravy 25-26"
2026-09-24,HS Homestyle Lunch,HS Homestyle Lunch,Lunch,Condiments,37842,"Ketchup, PC (P)","Ketchup, PC (P) 25-26"
2026-09-24,HS Homestyle Lunch,HS Homestyle Lunch,Lunch,Condiments,37929,"Sauce, Hot Sauce TX Pete's PC","Sauce, Hot Sauce TX Pete's PC 25-26"
2026-09-24,HS Homestyle Lunch,HS Homestyle Lunch,Lunch,Condiments,37884,"Sauce, Salsa Cup (P)","Sauce, Salsa Cup (P) 25-26"
2026-09-24,HS Homestyle Lunch,HS Homestyle Lunch,Lunch,Entrees,37540,"Beef, Steak Fingers w/Roll (C)","Beef, Steak Fingers w/Roll (C) 25-26"
2026-09-24,HS Homestyle Lunch,HS Homestyle Lunch,Lunch,Entrees,37457,"Pupusa, Bean & Cheese","Pupusa, Bean & Cheese 25-26"
2026-09-24,HS Homestyle Lunch,HS Homestyle Lunch,Lunch,Entrees,37591,"Sandwich, Soy Butter and Jelly IW","Sandwich, Soy Butter and Jelly IW 25-26"
2026-09-24,HS Homestyle Lunch,HS Homestyle Lunch,Lunch,Fruit Sides,38118,"Juice, 100% Apple, 4oz (Shelf-stable)","Juice, 100% Apple, 4oz (Shelf-stable) 25-26"
2026-09-24,HS Homestyle Lunch,HS Homestyle Lunch,Lunch,Fruit Sides,38088,"Orange, Whole Cut 138 ct. (P)","Orange, Whole Cut 138 ct. (P) 25-26"
2026-09-24,HS Homestyle Lunch,HS Homestyle Lunch,Lunch,Grain/Other Side,37397,"Muffin, Corn (IW)","Muffin, Corn (IW) 25-26"
2026-09-24,HS Homestyle Lunch,HS Homestyle Lunch,Lunch,Grain/Other Side,37459,"Pudding, Chocolate","Pudding, Chocolate 25-26"
2026-09-24,HS Homestyle Lunch,HS Homestyle Lunch,Lunch,Milk,37349,"Milk, 1% Plain Half Pint","Milk, 1% Plain Half Pint 25-26"
2026-09-24,HS Homestyle Lunch,HS Homestyle Lunch,Lunch,Milk,37351,"Milk, Skim Chocolate Half Pint","Milk, Skim Chocolate Half Pint 25-26"
2026-09-24,HS Homestyle Lunch,HS Homestyle Lunch,Lunch,Milk,37353,"Milk, Skim Plain Half Pint","Milk, Skim Plain Half Pint 25-26"
2026-09-24,HS Homestyle Lunch,HS Homestyle Lunch,Lunch,Vegetable Sides,37855,"Potatoes, Mashed w/Country Gravy (C)","Potatoes, Mashed w/Country Gravy (C) 25-26"
2026-09-24,HS Homestyle Lunch,HS Homestyle Lunch,Lunch,Vegetable Sides,37424,"Vegetable Blend, Butter Buds, Fajita","Vegetable Blend, Butter Buds, Fajita 25-26"
2026-09-24,HS SS Satellite Lunch,HS SS Satellite Lunch,Lunch,Condiments,37526,"Dressing, Country Gravy","Dressing, Country Gravy 25-26"
2026-09-24,HS SS Satellite Lunch,HS SS Satellite Lunch,Lunch,Condiments,37842,"Ketchup, PC (P)","Ketchup, PC (P) 25-26"
2026-09-24,HS SS Satellite Lunch,HS SS Satellite Lunch,Lunch,Entrees,37540,"Beef, Steak Fingers w/Roll (C)","Beef, Steak Fingers w/Roll (C) 25-26"
2026-09-24,HS SS Satellite Lunch,HS SS Satellite Lunch,Lunch,Fruit Sides,38118,"Juice, 100% Apple, 4oz (Shelf-stable)","Juice, 100% Apple, 4oz (Shelf-stable) 25-26"
2026-09-24,HS SS Satellite Lunch,HS SS Satellite Lunch,Lunch,Fruit Sides,38088,"Orange, Whole Cut 138 ct. (P)","Orange, Whole Cut 138 ct. (P) 25-26"
2026-09-24,HS SS Satellite Lunch,HS SS Satellite Lunch,Lunch,Milk,37349,"Milk, 1% Plain Half Pint","Milk, 1% Plain Half Pint 25-26"
2026-09-24,HS SS Satellite Lunch,HS SS Satellite Lunch,Lunch,Milk,37351,"Milk, Skim Chocolate Half Pint","Milk, Skim Chocolate Half Pint 25-26"
2026-09-24,HS SS Satellite Lunch,HS SS Satellite Lunch,Lunch,Milk,37353,"Milk, Skim Plain Half Pint","Milk, Skim Plain Half Pint 25-26"
2026-09-24,HS SS Satellite Lunch,HS SS Satellite Lunch,Lunch,Vegetable Sides,37855,"Potatoes, Mashed w/Country Gravy (C)","Potatoes, Mashed w/Country Gravy (C) 25-26"
2026-09-24,HS SS Satellite Lunch,HS SS Satellite Lunch,Lunch,Vegetable Sides,37424,"Vegetable Blend, Butter Buds, Fajita","Vegetable Blend, Butter Buds, Fajita 25-26"
2026-09-24,HS Sack Lunch,HS Sack Lunch,Lunch,Condiments,37390,"Mayonnaise, PC","Mayonnaise, PC 25-26"
2026-09-24,HS Sack Lunch,HS Sack Lunch,Lunch,Condiments,37455,"Ranch, Lite, PC","Ranch, Lite, PC 25-26"
2026-09-24,HS Sack Lunch,HS Sack Lunch,Lunch,Entrees,37899,Turkey Ham (C) & American Cheese (C) Hoagie (H/C),Turkey Ham (C) & American Cheese (C) Hoagie (H/C) 25-26
2026-09-24,HS Sack Lunch,HS Sack Lunch,Lunch,Fruit Sides,38062,"Apple, Whole, Fuji","Apple, Whole, Fuji 25-26"
2026-09-24,HS Sack Lunch,HS Sack Lunch,Lunch,Fruit Sides,38122,"Juice, 100% Fruit Punch, 4oz (Shelf-stable)","Juice, 100% Fruit Punch, 4oz (Shelf-stable) 25-26"
2026-09-24,HS Sack Lunch,HS Sack Lunch,Lunch,Milk,37349,"Milk, 1% Plain Half Pint","Milk, 1% Plain Half Pint 25-26"
2026-09-24,HS Sack Lunch,HS Sack Lunch,Lunch,Milk,37351,"Milk, Skim Chocolate Half Pint","Milk, Skim Chocolate Half Pint 25-26"
2026-09-24,HS Sack Lunch,HS Sack Lunch,Lunch,Milk,37353,"Milk, Skim Plain Half Pint","Milk, Skim Plain Half Pint 25-26"
2026-09-24,HS Sack Lunch,HS Sack Lunch,Lunch,Vegetable Sides,38064,"Bean, Pinto Salad","Bean, Pinto Salad 25-26"
2026-09-24,HS Sack Lunch,HS Sack Lunch,Lunch,Vegetable Sides,38093,"Cucumber Slices, Raw Whole","Cucumber Slices, Raw Whole 25-26"
2026-09-24,HS Satellite Lunch,HS Satellite Lunch,Lunch,Condiments,37526,"Dressing, Country Gravy","Dressing, Country Gravy 25-26"
2026-09-24,HS Satellite Lunch,HS Satellite Lunch,Lunch,Condiments,37842,"Ketchup, PC (P)","Ketchup, PC (P) 25-26"
2026-09-24,HS Satellite Lunch,HS Satellite Lunch,Lunch,Entrees,37540,"Beef, Steak Fingers w/Roll (C)","Beef, Steak Fingers w/Roll (C) 25-26"
2026-09-24,HS Satellite Lunch,HS Satellite Lunch,Lunch,Fruit Sides,38118,"Juice, 100% Apple, 4oz (Shelf-stable)","Juice, 100% Apple, 4oz (Shelf-stable) 25-26"
2026-09-24,HS Satellite Lunch,HS Satellite Lunch,Lunch,Fruit Sides,38088,"Orange, Whole Cut 138 ct. (P)","Orange, Whole Cut 138 ct. (P) 25-26"
2026-09-24,HS Satellite Lunch,HS Satellite Lunch,Lunch,Milk,37349,"Milk, 1% Plain Half Pint","Milk, 1% Plain Half Pint 25-26"
2026-09-24,HS Satellite Lunch,HS Satellite Lunch,Lunch,Milk,37351,"Milk, Skim Chocolate Half Pint","Milk, Skim Chocolate Half Pint 25-26"
2026-09-24,HS Satellite Lunch,HS Satellite Lunch,Lunch,Milk,37353,"Milk, Skim Plain Half Pint","Milk, Skim Plain Half Pint 25-26"
2026-09-24,HS Satellite Lunch,HS Satellite Lunch,Lunch,Vegetable Sides,37855,"Potatoes, Mashed w/Country Gravy (C)","Potatoes, Mashed w/Country Gravy (C) 25-26"
2026-09-24,HS Satellite Lunch,HS Satellite Lunch,Lunch,Vegetable Sides,37424,"Vegetable Blend, Butter Buds, Fajita","Vegetable Blend, Butter Buds, Fajita 25-26"
2026-09-24,HS Snack Favorites,HS Favorites,Snack,Condiments,38262,"Dipping Sauce, Marinara (P)","Dipping Sauce, Marinara (P) 25-26"
2026-09-24,HS Snack Favorites,HS Favorites,Snack,Condiments,37842,"Ketchup, PC (P)","Ketchup, PC (P) 25-26"
2026-09-24,HS Snack Favorites,HS Favorites,Snack,Condiments,37398,"Mustard, PC","Mustard, PC 25-26"
2026-09-24,HS Snack Favorites,HS Favorites,Snack,Condiments,37914,"Sauce, Guacamole","Sauce, Guacamole 25-26"
2026-09-24,HS Snack Favorites,HS Favorites,Snack,Condiments,37929,"Sauce, Hot Sauce TX Pete's PC","Sauce, Hot Sauce TX Pete's PC 25-26"
2026-09-24,HS Snack Favorites,HS Favorites,Snack,Condiments,37884,"Sauce, Salsa Cup (P)","Sauce, Salsa Cup (P) 25-26"
2026-09-24,HS Snack Favorites,HS Favorites,Snack,Condiments,37913,"Sour Cream, Individual PC,","Sour Cream, Individual PC, 25-26"
2026-09-24,HS Snack Favorites,HS Favorites,Snack,Entrees,37495,"Beef Taco Meat, Nachos (C)","Beef Taco Meat, Nachos (C) 25-26"
2026-09-24,HS Snack Favorites,HS Favorites,Snack,Entrees,38144,"Calzone, Pepperoni & Cheese","Calzone, Pepperoni & Cheese 25-26"
2026-09-24,HS Snack Favorites,HS Favorites,Snack,Entrees,37389,"Cheesy Breadstick Bites, Jalapeno (C)","Cheesy Breadstick Bites, Jalapeno (C) 25-26"
2026-09-24,HS Snack Favorites,HS Favorites,Snack,Fruit Sides,38118,"Juice, 100% Apple, 4oz (Shelf-stable)","Juice, 100% Apple, 4oz (Shelf-stable) 25-26"
2026-09-24,HS Snack Favorites,HS Favorites,Snack,Fruit Sides,38088,"Orange, Whole Cut 138 ct. (P)","Orange, Whole Cut 138 ct. (P) 25-26"
2026-09-24,HS Snack Favorites,HS Favorites,Snack,Grain/Other Side,37310,"Chips, Baked Lays","Chips, Baked Lays 25-26"
2026-09-24,HS Snack Favorites,HS Favorites,Snack,Grain/Other Side,37459,"Pudding, Chocolate","Pudding, Chocolate 25-26"
2026-09-24,HS Snack Favorites,HS Favorites,Snack,Milk,37349,"Milk, 1% Plain Half Pint","Milk, 1% Plain Half Pint 25-26"
2026-09-24,HS Snack Favorites,HS Favorites,Snack,Milk,37351,"Milk, Skim Chocolate Half Pint","Milk, Skim Chocolate Half Pint 25-26"
2026-09-24,HS Snack Favorites,HS Favorites,Snack,Milk,37353,"Milk, Skim Plain Half Pint","Milk, Skim Plain Half Pint 25-26"
2026-09-24,HS Snack Favorites,HS Favorites,Snack,Vegetable Sides,37855,"Potatoes, Mashed w/Country Gravy (C)","Potatoes, Mashed w/Country Gravy (C) 25-26"
2026-09-24,HS Snack Favorites,HS Favorites,Snack,Vegetable Sides,37424,"Vegetable Blend, Butter Buds, Fajita","Vegetable Blend, Butter Buds, Fajita 25-26"
2026-09-24,K-12 Snack,K-12 Snack,Snack,Entrees,37445,"Snack, Cracker, Cheese","Snack, Cracker, Cheese 25-26"
2026-09-24,K-12 Snack,K-12 Snack,Snack,Fruit Sides,38131,"Juice, 100% Apple, 6oz (Shelf-stable)","Juice, 100% Apple, 6oz (Shelf-stable) 25-26"
2026-09-24,K-8 Lunch,K-8 Lunch,Lunch,Condiments,37526,"Dressing, Country Gravy","Dressing, Country Gravy 25-26"
2026-09-24,K-8 Lunch,K-8 Lunch,Lunch,Condiments,37842,"Ketchup, PC (P)","Ketchup, PC (P) 25-26"
2026-09-24,K-8 Lunch,K-8 Lunch,Lunch,Condiments,37929,"Sauce, Hot Sauce TX Pete's PC","Sauce, Hot Sauce TX Pete's PC 25-26"
2026-09-24,K-8 Lunch,K-8 Lunch,Lunch,Condiments,37884,"Sauce, Salsa Cup (P)","Sauce, Salsa Cup (P) 25-26"
2026-09-24,K-8 Lunch,K-8 Lunch,Lunch,Entrees,37540,"Beef, Steak Fingers w/Roll (C)","Beef, Steak Fingers w/Roll (C) 25-26"
2026-09-24,K-8 Lunch,K-8 Lunch,Lunch,Entrees,37457,"Pupusa, Bean & Cheese","Pupusa, Bean & Cheese 25-26"
2026-09-24,K-8 Lunch,K-8 Lunch,Lunch,Entrees,37591,"Sandwich, Soy Butter and Jelly IW","Sandwich, Soy Butter and Jelly IW 25-26"
2026-09-24,K-8 Lunch,K-8 Lunch,Lunch,Fruit Sides,38088,"Orange, Whole Cut 138 ct. (P)","Orange, Whole Cut 138 ct. (P) 25-26"
2026-09-24,K-8 Lunch,K-8 Lunch,Lunch,Milk,37349,"Milk, 1% Plain Half Pint","Milk, 1% Plain Half Pint 25-26"
2026-09-24,K-8 Lunch,K-8 Lunch,Lunch,Milk,37351,"Milk, Skim Chocolate Half Pint","Milk, Skim Chocolate Half Pint 25-26"
2026-09-24,K-8 Lunch,K-8 Lunch,Lunch,Milk,37353,"Milk, Skim Plain Half Pint","Milk, Skim Plain Half Pint 25-26"
2026-09-24,K-8 Lunch,K-8 Lunch,Lunch,Vegetable Sides,37855,"Potatoes, Mashed w/Country Gravy (C)","Potatoes, Mashed w/Country Gravy (C) 25-26"
2026-09-24,K-8 Lunch,K-8 Lunch,Lunch,Vegetable Sides,37424,"Vegetable Blend, Butter Buds, Fajita","Vegetable Blend, Butter Buds, Fajita 25-26"
2026-09-24,K-8 Sack Lunch,K-8 Sack Lunch,Lunch,Entrees,37775,Turkey Breast (C) & Cheese (C) Pullman Sandwich (H/C),Turkey Breast (C) & Cheese (C) Pullman Sandwich (H/C) 25-26
2026-09-24,K-8 Sack Lunch,K-8 Sack Lunch,Lunch,Fruit Sides,38062,"Apple, Whole, Fuji","Apple, Whole, Fuji 25-26"
2026-09-24,K-8 Sack Lunch,K-8 Sack Lunch,Lunch,Milk,37349,"Milk, 1% Plain Half Pint","Milk, 1% Plain Half Pint 25-26"
2026-09-24,K-8 Sack Lunch,K-8 Sack Lunch,Lunch,Milk,37351,"Milk, Skim Chocolate Half Pint","Milk, Skim Chocolate Half Pint 25-26"
2026-09-24,K-8 Sack Lunch,K-8 Sack Lunch,Lunch,Milk,37353,"Milk, Skim Plain Half Pint","Milk, Skim Plain Half Pint 25-26"
2026-09-24,K-8 Sack Lunch,K-8 Sack Lunch,Lunch,Vegetable Sides,38064,"Bean, Pinto Salad","Bean, Pinto Salad 25-26"
2026-09-24,K-8 Sack Lunch,K-8 Sack Lunch,Lunch,Vegetable Sides,38093,"Cucumber Slices, Raw Whole","Cucumber Slices, Raw Whole 25-26"
2026-09-24,K-8 Satellite Lunch,K-8 Satellite Lunch,Lunch,Condiments,37842,"Ketchup, PC (P)","Ketchup, PC (P) 25-26"
2026-09-24,K-8 Satellite Lunch,K-8 Satellite Lunch,Lunch,Condiments,37929,"Sauce, Hot Sauce TX Pete's PC","Sauce, Hot Sauce TX Pete's PC 25-26"
2026-09-24,K-8 Satellite Lunch,K-8 Satellite Lunch,Lunch,Condiments,37884,"Sauce, Salsa Cup (P)","Sauce, Salsa Cup (P) 25-26"
2026-09-24,K-8 Satellite Lunch,K-8 Satellite Lunch,Lunch,Entrees,37537,"Burrito, Beef & Cheese (C) W/Cheese Sauce (C)","Burrito, Beef & Cheese (C) W/Cheese Sauce (C) 25-26"
2026-09-24,K-8 Satellite Lunch,K-8 Satellite Lunch,Lunch,Fruit Sides,38089,"Peach, Nectarine, Whole","Peach, Nectarine, Whole 25-26"
2026-09-24,K-8 Satellite Lunch,K-8 Satellite Lunch,Lunch,Milk,37349,"Milk, 1% Plain Half Pint","Milk, 1% Plain Half Pint 25-26"
2026-09-24,K-8 Satellite Lunch,K-8 Satellite Lunch,Lunch,Milk,37351,"Milk, Skim Chocolate Half Pint","Milk, Skim Chocolate Half Pint 25-26"
2026-09-24,K-8 Satellite Lunch,K-8 Satellite Lunch,Lunch,Milk,37353,"Milk, Skim Plain Half Pint","Milk, Skim Plain Half Pint 25-26"
2026-09-24,K-8 Satellite Lunch,K-8 Satellite Lunch,Lunch,Vegetable Sides,37328,"Fries, Seasoned, Wedge (C)","Fries, Seasoned, Wedge (C) 25-26"
2026-09-24,K-8 Satellite Lunch,K-8 Satellite Lunch,Lunch,Vegetable Sides,37424,"Vegetable Blend, Butter Buds, Fajita","Vegetable Blend, Butter Buds, Fajita 25-26"
2026-09-24,MS Snack Favorites,MS Favorites,Snack,Condiments,38262,"Dipping Sauce, Marinara (P)","Dipping Sauce, Marinara (P) 25-26"
2026-09-24,MS Snack Favorites,MS Favorites,Snack,Condiments,37842,"Ketchup, PC (P)","Ketchup, PC (P) 25-26"
2026-09-24,MS Snack Favorites,MS Favorites,Snack,Condiments,37398,"Mustard, PC","Mustard, PC 25-26"
2026-09-24,MS Snack Favorites,MS Favorites,Snack,Condiments,37914,"Sauce, Guacamole","Sauce, Guacamole 25-26"
2026-09-24,MS Snack Favorites,MS Favorites,Snack,Condiments,37929,"Sauce, Hot Sauce TX Pete's PC","Sauce, Hot Sauce TX Pete's PC 25-26"
2026-09-24,MS Snack Favorites,MS Favorites,Snack,Condiments,37884,"Sauce, Salsa Cup (P)","Sauce, Salsa Cup (P) 25-26"
2026-09-24,MS Snack Favorites,MS Favorites,Snack,Entrees,37495,"Beef Taco Meat, Nachos (C)","Beef Taco Meat, Nachos (C) 25-26"
2026-09-24,MS Snack Favorites,MS Favorites,Snack,Entrees,37389,"Cheesy Breadstick Bites, Jalapeno (C)","Cheesy Breadstick Bites, Jalapeno (C) 25-26"
2026-09-24,MS Snack Favorites,MS Favorites,Snack,Entrees,37923,"Turkey (C), Hot Dog","Turkey (C), Hot Dog 25-26"
2026-09-24,MS Snack Favorites,MS Favorites,Snack,Fruit Sides,38088,"Orange, Whole Cut 138 ct. (P)","Orange, Whole Cut 138 ct. (P) 25-26"
2026-09-24,MS Snack Favorites,MS Favorites,Snack,Grain/Other Side,37310,"Chips, Baked Lays","Chips, Baked Lays 25-26"
2026-09-24,MS Snack Favorites,MS Favorites,Snack,Milk,37349,"Milk, 1% Plain Half Pint","Milk, 1% Plain Half Pint 25-26"
2026-09-24,MS Snack Favorites,MS Favorites,Snack,Milk,37351,"Milk, Skim Chocolate Half Pint","Milk, Skim Chocolate Half Pint 25-26"
2026-09-24,MS Snack Favorites,MS Favorites,Snack,Milk,37353,"Milk, Skim Plain Half Pint","Milk, Skim Plain Half Pint 25-26"
2026-09-24,MS Snack Favorites,MS Favorites,Snack,Vegetable Sides,37855,"Potatoes, Mashed w/Country Gravy (C)","Potatoes, Mashed w/Country Gravy (C) 25-26"
2026-09-24,MS Snack Favorites,MS Favorites,Snack,Vegetable Sides,37424,"Vegetable Blend, Butter Buds, Fajita","Vegetable Blend, Butter Buds, Fajita 25-26"
2026-09-24,Pre-K Lunch SS,PreK Lunch SS,Lunch,Condiments,37526,"Dressing, Country Gravy","Dressing, Country Gravy 25-26"
2026-09-24,Pre-K Lunch SS,PreK Lunch SS,Lunch,Condiments,37842,"Ketchup, PC (P)","Ketchup, PC (P) 25-26"
2026-09-24,Pre-K Lunch SS,PreK Lunch SS,Lunch,Entrees,37540,"Beef, Steak Fingers w/Roll (C)","Beef, Steak Fingers w/Roll (C) 25-26"
2026-09-24,Pre-K Lunch SS,PreK Lunch SS,Lunch,Fruit Sides,38088,"Orange, Whole Cut 138 ct. (P)","Orange, Whole Cut 138 ct. (P) 25-26"
2026-09-24,Pre-K Lunch SS,PreK Lunch SS,Lunch,Milk,37349,"Milk, 1% Plain Half Pint","Milk, 1% Plain Half Pint 25-26"
2026-09-24,Pre-K Lunch SS,PreK Lunch SS,Lunch,Vegetable Sides,37461,"PreK, Vegetable Blend, Butter Buds, Fajita 1/4 Cup","PreK, Vegetable Blend, Butter Buds, Fajita 1/4 Cup 25-26"
2026-09-24,PreK Snack,PreK Snack,Snack,Entrees,37445,"Snack, Cracker, Cheese","Snack, Cracker, Cheese 25-26"
2026-09-24,PreK Snack,PreK Snack,Snack,Fruit Sides,38131,"Juice, 100% Apple, 6oz (Shelf-stable)","Juice, 100% Apple, 6oz (Shelf-stable) 25-26"
2026-09-25,Breakfast SS K-12,Breakfast SS K-12,Breakfast,Fruit,37506,"Fruit, Apple Slices IW (C)","Fruit, Apple Slices IW (C) 25-26"
2026-09-25,Breakfast SS K-12,Breakfast SS K-12,Breakfast,Fruit,38118,"Juice, 100% Apple, 4oz (Shelf-stable)","Juice, 100% Apple, 4oz (Shelf-stable) 25-26"
2026-09-25,Breakfast SS K-12,Breakfast SS K-12,Breakfast,Grain/ M/MA,37655,"French Toast Sticks, (C)","French Toast Sticks, (C) 25-26"
2026-09-25,Breakfast SS K-12,Breakfast SS K-12,Breakfast,Grain/ M/MA,37422,"Yogurt, Strawberry 4oz","Yogurt, Strawberry 4oz 25-26"
2026-09-25,Breakfast SS K-12,Breakfast SS K-12,Breakfast,Milk,37349,"Milk, 1% Plain Half Pint","Milk, 1% Plain Half Pint 25-26"
2026-09-25,Breakfast SS K-12,Breakfast SS K-12,Breakfast,Milk,37353,"Milk, Skim Plain Half Pint","Milk, Skim Plain Half Pint 25-26"
2026-09-25,Breakfast SS Pre-K,Breakfast SS PreK,Breakfast,Fruit,38118,"Juice, 100% Apple, 4oz (Shelf-stable)","Juice, 100% Apple, 4oz (Shelf-stable) 25-26"
2026-09-25,Breakfast SS Pre-K,Breakfast SS PreK,Breakfast,Grain/ M/MA,37655,"French Toast Sticks, (C)","French Toast Sticks, (C) 25-26"
2026-09-25,Breakfast SS Pre-K,Breakfast SS PreK,Breakfast,Milk,37349,"Milk, 1% Plain Half Pint","Milk, 1% Plain Half Pint 25-26"
2026-09-25,Breakfast Traditional OVS K-12,Breakfast Traditional OVS K-12,Breakfast,Condiments/ Side,37321,"Cracker, Educational Farmers MRKT","Cracker, Educational Farmers MRKT 25-26"
2026-09-25,Breakfast Traditional OVS K-12,Breakfast Traditional OVS K-12,Breakfast,Fruit,37506,"Fruit, Apple Slices IW (C)","Fruit, Apple Slices IW (C) 25-26"
2026-09-25,Breakfast Traditional OVS K-12,Breakfast Traditional OVS K-12,Breakfast,Fruit,38118,"Juice, 100% Apple, 4oz (Shelf-stable)","Juice, 100% Apple, 4oz (Shelf-stable) 25-26"
2026-09-25,Breakfast Traditional OVS K-12,Breakfast Traditional OVS K-12,Breakfast,Grain/ M/MA,37960,"BRK, Apple Cinnamon Toast, IW","BRK, Apple Cinnamon Toast, IW 25-26"
2026-09-25,Breakfast Traditional OVS K-12,Breakfast Traditional OVS K-12,Breakfast,Grain/ M/MA,37423,"Yogurt & Granola, Strawberry 4oz, Granola 1oz","Yogurt & Granola, Strawberry 4oz, Granola 1oz 25-26"
2026-09-25,Breakfast Traditional OVS K-12,Breakfast Traditional OVS K-12,Breakfast,Milk,37349,"Milk, 1% Plain Half Pint","Milk, 1% Plain Half Pint 25-26"
2026-09-25,Breakfast Traditional OVS K-12,Breakfast Traditional OVS K-12,Breakfast,Milk,37353,"Milk, Skim Plain Half Pint","Milk, Skim Plain Half Pint 25-26"
2026-09-25,CACFP Cold Dinner,CACFP Cold Dinner,Dinner,Condiments,37390,"Mayonnaise, PC","Mayonnaise, PC 25-26"
2026-09-25,CACFP Cold Dinner,CACFP Cold Dinner,Dinner,Condiments,37398,"Mustard, PC","Mustard, PC 25-26"
2026-09-25,CACFP Cold Dinner,CACFP Cold Dinner,Dinner,Condiments,37455,"Ranch, Lite, PC","Ranch, Lite, PC 25-26"
2026-09-25,CACFP Cold Dinner,CACFP Cold Dinner,Dinner,Entrees,37681,"Sandwich, Hoagie, Turkey Ham & Cheese on WG Roll IW","Sandwich, Hoagie, Turkey Ham & Cheese on WG Roll IW 25-26"
2026-09-25,CACFP Cold Dinner,CACFP Cold Dinner,Dinner,Fruit Sides,38088,"Orange, Whole Cut 138 ct. (P)","Orange, Whole Cut 138 ct. (P) 25-26"
2026-09-25,CACFP Cold Dinner,CACFP Cold Dinner,Dinner,Milk,37349,"Milk, 1% Plain Half Pint","Milk, 1% Plain Half Pint 25-26"
2026-09-25,CACFP Cold Dinner,CACFP Cold Dinner,Dinner,Milk,37351,"Milk, Skim Chocolate Half Pint","Milk, Skim Chocolate Half Pint 25-26"
2026-09-25,CACFP Cold Dinner,CACFP Cold Dinner,Dinner,Vegetable Sides,38072,"Celery, Raw","Celery, Raw 25-26"
2026-09-25,CACFP Hot Dinner,CACFP Hot Dinner,Dinner,Condiments,37842,"Ketchup, PC (P)","Ketchup, PC (P) 25-26"
2026-09-25,CACFP Hot Dinner,CACFP Hot Dinner,Dinner,Entrees,37225,"Chicken Fried Steak, Gravy, w/Roll","Chicken Fried Steak, Gravy, w/Roll 25-26"
2026-09-25,CACFP Hot Dinner,CACFP Hot Dinner,Dinner,Fruit Sides,37436,"Pears, Diced (Drained)","Pears, Diced (Drained) 25-26"
2026-09-25,CACFP Hot Dinner,CACFP Hot Dinner,Dinner,Milk,37349,"Milk, 1% Plain Half Pint","Milk, 1% Plain Half Pint 25-26"
2026-09-25,CACFP Hot Dinner,CACFP Hot Dinner,Dinner,Milk,37351,"Milk, Skim Chocolate Half Pint","Milk, Skim Chocolate Half Pint 25-26"
2026-09-25,CACFP Hot Dinner,CACFP Hot Dinner,Dinner,Vegetable Sides,37335,"Green Beans, Butter Buds, Fajita","Green Beans, Butter Buds, Fajita 25-26"
2026-09-25,HS Homestyle Lunch,HS Homestyle Lunch,Lunch,Condiments,37842,"Ketchup, PC (P)","Ketchup, PC (P) 25-26"
2026-09-25,HS Homestyle Lunch,HS Homestyle Lunch,Lunch,Condiments,37883,"Sauce, BBQ Dunk Cup, PC (P)","Sauce, BBQ Dunk Cup, PC (P) 25-26"
2026-09-25,HS Homestyle Lunch,HS Homestyle Lunch,Lunch,Entrees,38265,"Chicken, Non-Breaded Chunks WM, BBQ Sauce, w/Biscuit (C)","Chicken, Non-Breaded Chunks WM, BBQ Sauce, w/Biscuit (C) 26-27"
2026-09-25,HS Homestyle Lunch,HS Homestyle Lunch,Lunch,Entrees,37406,"Pizza (C), Cheese, 8 Cut","Pizza (C), Cheese, 8 Cut 25-26"
2026-09-25,HS Homestyle Lunch,HS Homestyle Lunch,Lunch,Entrees,38010,"Pizza (C), Meatless Italian Crumble, 8 Cut","Pizza (C), Meatless Italian Crumble, 8 Cut 25-26"
2026-09-25,HS Homestyle Lunch,HS Homestyle Lunch,Lunch,Entrees,37591,"Sandwich, Soy Butter and Jelly IW","Sandwich, Soy Butter and Jelly IW 25-26"
2026-09-25,HS Homestyle Lunch,HS Homestyle Lunch,Lunch,Fruit Sides,38118,"Juice, 100% Apple, 4oz (Shelf-stable)","Juice, 100% Apple, 4oz (Shelf-stable) 25-26"
2026-09-25,HS Homestyle Lunch,HS Homestyle Lunch,Lunch,Fruit Sides,37434,"Peaches, Diced (Drained)","Peaches, Diced (Drained) 25-26"
2026-09-25,HS Homestyle Lunch,HS Homestyle Lunch,Lunch,Grain/Other Side,37310,"Chips, Baked Lays","Chips, Baked Lays 25-26"
2026-09-25,HS Homestyle Lunch,HS Homestyle Lunch,Lunch,Grain/Other Side,37459,"Pudding, Chocolate","Pudding, Chocolate 25-26"
2026-09-25,HS Homestyle Lunch,HS Homestyle Lunch,Lunch,Milk,37349,"Milk, 1% Plain Half Pint","Milk, 1% Plain Half Pint 25-26"
2026-09-25,HS Homestyle Lunch,HS Homestyle Lunch,Lunch,Milk,37351,"Milk, Skim Chocolate Half Pint","Milk, Skim Chocolate Half Pint 25-26"
2026-09-25,HS Homestyle Lunch,HS Homestyle Lunch,Lunch,Milk,37353,"Milk, Skim Plain Half Pint","Milk, Skim Plain Half Pint 25-26"
2026-09-25,HS Homestyle Lunch,HS Homestyle Lunch,Lunch,Vegetable Sides,37316,"Corn, Frozen, Butter Buds, Fajita","Corn, Frozen, Butter Buds, Fajita 25-26"
2026-09-25,HS Homestyle Lunch,HS Homestyle Lunch,Lunch,Vegetable Sides,37438,"Peas & Carrots, Blend, Butter Buds, Fajita","Peas & Carrots, Blend, Butter Buds, Fajita 25-26"
2026-09-25,HS SS Satellite Lunch,HS SS Satellite Lunch,Lunch,Condiments,37842,"Ketchup, PC (P)","Ketchup, PC (P) 25-26"
2026-09-25,HS SS Satellite Lunch,HS SS Satellite Lunch,Lunch,Condiments,37883,"Sauce, BBQ Dunk Cup, PC (P)","Sauce, BBQ Dunk Cup, PC (P) 25-26"
2026-09-25,HS SS Satellite Lunch,HS SS Satellite Lunch,Lunch,Entrees,38265,"Chicken, Non-Breaded Chunks WM, BBQ Sauce, w/Biscuit (C)","Chicken, Non-Breaded Chunks WM, BBQ Sauce, w/Biscuit (C) 26-27"
2026-09-25,HS SS Satellite Lunch,HS SS Satellite Lunch,Lunch,Fruit Sides,38118,"Juice, 100% Apple, 4oz (Shelf-stable)","Juice, 100% Apple, 4oz (Shelf-stable) 25-26"
2026-09-25,HS SS Satellite Lunch,HS SS Satellite Lunch,Lunch,Fruit Sides,37434,"Peaches, Diced (Drained)","Peaches, Diced (Drained) 25-26"
2026-09-25,HS SS Satellite Lunch,HS SS Satellite Lunch,Lunch,Grain/Other Side,37310,"Chips, Baked Lays","Chips, Baked Lays 25-26"
2026-09-25,HS SS Satellite Lunch,HS SS Satellite Lunch,Lunch,Milk,37349,"Milk, 1% Plain Half Pint","Milk, 1% Plain Half Pint 25-26"
2026-09-25,HS SS Satellite Lunch,HS SS Satellite Lunch,Lunch,Milk,37351,"Milk, Skim Chocolate Half Pint","Milk, Skim Chocolate Half Pint 25-26"
2026-09-25,HS SS Satellite Lunch,HS SS Satellite Lunch,Lunch,Milk,37353,"Milk, Skim Plain Half Pint","Milk, Skim Plain Half Pint 25-26"
2026-09-25,HS SS Satellite Lunch,HS SS Satellite Lunch,Lunch,Vegetable Sides,37316,"Corn, Frozen, Butter Buds, Fajita","Corn, Frozen, Butter Buds, Fajita 25-26"
2026-09-25,HS SS Satellite Lunch,HS SS Satellite Lunch,Lunch,Vegetable Sides,37438,"Peas & Carrots, Blend, Butter Buds, Fajita","Peas & Carrots, Blend, Butter Buds, Fajita 25-26"
2026-09-25,HS Sack Lunch,HS Sack Lunch,Lunch,Condiments,37390,"Mayonnaise, PC","Mayonnaise, PC 25-26"
2026-09-25,HS Sack Lunch,HS Sack Lunch,Lunch,Condiments,37455,"Ranch, Lite, PC","Ranch, Lite, PC 25-26"
2026-09-25,HS Sack Lunch,HS Sack Lunch,Lunch,Entrees,37775,Turkey Breast (C) & Cheese (C) Pullman Sandwich (H/C),Turkey Breast (C) & Cheese (C) Pullman Sandwich (H/C) 25-26
2026-09-25,HS Sack Lunch,HS Sack Lunch,Lunch,Fruit Sides,38062,"Apple, Whole, Fuji","Apple, Whole, Fuji 25-26"
2026-09-25,HS Sack Lunch,HS Sack Lunch,Lunch,Fruit Sides,38122,"Juice, 100% Fruit Punch, 4oz (Shelf-stable)","Juice, 100% Fruit Punch, 4oz (Shelf-stable) 25-26"
2026-09-25,HS Sack Lunch,HS Sack Lunch,Lunch,Grain/Other Side,37310,"Chips, Baked Lays","Chips, Baked Lays 25-26"
2026-09-25,HS Sack Lunch,HS Sack Lunch,Lunch,Milk,37349,"Milk, 1% Plain Half Pint","Milk, 1% Plain Half Pint 25-26"
2026-09-25,HS Sack Lunch,HS Sack Lunch,Lunch,Milk,37351,"Milk, Skim Chocolate Half Pint","Milk, Skim Chocolate Half Pint 25-26"
2026-09-25,HS Sack Lunch,HS Sack Lunch,Lunch,Milk,37353,"Milk, Skim Plain Half Pint","Milk, Skim Plain Half Pint 25-26"
2026-09-25,HS Sack Lunch,HS Sack Lunch,Lunch,Vegetable Sides,38071,"Carrots, Baby Raw","Carrots, Baby Raw 25-26"
2026-09-25,HS Sack Lunch,HS Sack Lunch,Lunch,Vegetable Sides,38072,"Celery, Raw","Celery, Raw 25-26"
2026-09-25,HS Satellite Lunch,HS Satellite Lunch,Lunch,Condiments,37842,"Ketchup, PC (P)","Ketchup, PC (P) 25-26"
2026-09-25,HS Satellite Lunch,HS Satellite Lunch,Lunch,Condiments,37883,"Sauce, BBQ Dunk Cup, PC (P)","Sauce, BBQ Dunk Cup, PC (P) 25-26"
2026-09-25,HS Satellite Lunch,HS Satellite Lunch,Lunch,Entrees,38265,"Chicken, Non-Breaded Chunks WM, BBQ Sauce, w/Biscuit (C)","Chicken, Non-Breaded Chunks WM, BBQ Sauce, w/Biscuit (C) 26-27"
2026-09-25,HS Satellite Lunch,HS Satellite Lunch,Lunch,Fruit Sides,38118,"Juice, 100% Apple, 4oz (Shelf-stable)","Juice, 100% Apple, 4oz (Shelf-stable) 25-26"
2026-09-25,HS Satellite Lunch,HS Satellite Lunch,Lunch,Fruit Sides,37434,"Peaches, Diced (Drained)","Peaches, Diced (Drained) 25-26"
2026-09-25,HS Satellite Lunch,HS Satellite Lunch,Lunch,Grain/Other Side,37310,"Chips, Baked Lays","Chips, Baked Lays 25-26"
2026-09-25,HS Satellite Lunch,HS Satellite Lunch,Lunch,Milk,37349,"Milk, 1% Plain Half Pint","Milk, 1% Plain Half Pint 25-26"
2026-09-25,HS Satellite Lunch,HS Satellite Lunch,Lunch,Milk,37351,"Milk, Skim Chocolate Half Pint","Milk, Skim Chocolate Half Pint 25-26"
2026-09-25,HS Satellite Lunch,HS Satellite Lunch,Lunch,Milk,37353,"Milk, Skim Plain Half Pint","Milk, Skim Plain Half Pint 25-26"
2026-09-25,HS Satellite Lunch,HS Satellite Lunch,Lunch,Vegetable Sides,37316,"Corn, Frozen, Butter Buds, Fajita","Corn, Frozen, Butter Buds, Fajita 25-26"
2026-09-25,HS Satellite Lunch,HS Satellite Lunch,Lunch,Vegetable Sides,37438,"Peas & Carrots, Blend, Butter Buds, Fajita","Peas & Carrots, Blend, Butter Buds, Fajita 25-26"
2026-09-25,HS Snack Favorites,HS Favorites,Snack,Condiments,37842,"Ketchup, PC (P)","Ketchup, PC (P) 25-26"
2026-09-25,HS Snack Favorites,HS Favorites,Snack,Condiments,37390,"Mayonnaise, PC","Mayonnaise, PC 25-26"
2026-09-25,HS Snack Favorites,HS Favorites,Snack,Condiments,37398,"Mustard, PC","Mustard, PC 25-26"
2026-09-25,HS Snack Favorites,HS Favorites,Snack,Condiments,37439,"Pickles, 2ea","Pickles, 2ea 25-26"
2026-09-25,HS Snack Favorites,HS Favorites,Snack,Condiments,37455,"Ranch, Lite, PC","Ranch, Lite, PC 25-26"
2026-09-25,HS Snack Favorites,HS Favorites,Snack,Condiments,37883,"Sauce, BBQ Dunk Cup, PC (P)","Sauce, BBQ Dunk Cup, PC (P) 25-26"
2026-09-25,HS Snack Favorites,HS Favorites,Snack,Condiments,37929,"Sauce, Hot Sauce TX Pete's PC","Sauce, Hot Sauce TX Pete's PC 25-26"
2026-09-25,HS Snack Favorites,HS Favorites,Snack,Entrees,37717,"Beef (C), Burger, American Cheese (C)","Beef (C), Burger, American Cheese (C) 25-26"
2026-09-25,HS Snack Favorites,HS Favorites,Snack,Entrees,37589,"Chicken, Dumplings, Teriyaki Sauce","Chicken, Dumplings, Teriyaki Sauce 25-26"
2026-09-25,HS Snack Favorites,HS Favorites,Snack,Entrees,37678,"Chicken, Tenders, Nashville Hot w/1 oz Roll (C)","Chicken, Tenders, Nashville Hot w/1 oz Roll (C) 25-26"
2026-09-25,HS Snack Favorites,HS Favorites,Snack,Fruit Sides,38118,"Juice, 100% Apple, 4oz (Shelf-stable)","Juice, 100% Apple, 4oz (Shelf-stable) 25-26"
2026-09-25,HS Snack Favorites,HS Favorites,Snack,Fruit Sides,37434,"Peaches, Diced (Drained)","Peaches, Diced (Drained) 25-26"
2026-09-25,HS Snack Favorites,HS Favorites,Snack,Grain/Other Side,37310,"Chips, Baked Lays","Chips, Baked Lays 25-26"
2026-09-25,HS Snack Favorites,HS Favorites,Snack,Grain/Other Side,37459,"Pudding, Chocolate","Pudding, Chocolate 25-26"
2026-09-25,HS Snack Favorites,HS Favorites,Snack,Milk,37349,"Milk, 1% Plain Half Pint","Milk, 1% Plain Half Pint 25-26"
2026-09-25,HS Snack Favorites,HS Favorites,Snack,Milk,37351,"Milk, Skim Chocolate Half Pint","Milk, Skim Chocolate Half Pint 25-26"
2026-09-25,HS Snack Favorites,HS Favorites,Snack,Milk,37353,"Milk, Skim Plain Half Pint","Milk, Skim Plain Half Pint 25-26"
2026-09-25,HS Snack Favorites,HS Favorites,Snack,Vegetable Sides,38101,"Corn, Roasted Street","Corn, Roasted Street 25-26"
2026-09-25,HS Snack Favorites,HS Favorites,Snack,Vegetable Sides,37438,"Peas & Carrots, Blend, Butter Buds, Fajita","Peas & Carrots, Blend, Butter Buds, Fajita 25-26"
2026-09-25,K-12 Snack,K-12 Snack,Snack,Entrees,37446,"Snack Mix, Cracker, Strawberry Yogurt","Snack Mix, Cracker, Strawberry Yogurt 25-26"
2026-09-25,K-12 Snack,K-12 Snack,Snack,Fruit Sides,38182,"Apple, Whole, Red Delicious","Apple, Whole, Red Delicious 25-26"
2026-09-25,K-8 Lunch,K-8 Lunch,Lunch,Condiments,37842,"Ketchup, PC (P)","Ketchup, PC (P) 25-26"
2026-09-25,K-8 Lunch,K-8 Lunch,Lunch,Condiments,37883,"Sauce, BBQ Dunk Cup, PC (P)","Sauce, BBQ Dunk Cup, PC (P) 25-26"
2026-09-25,K-8 Lunch,K-8 Lunch,Lunch,Entrees,38265,"Chicken, Non-Breaded Chunks WM, BBQ Sauce, w/Biscuit (C)","Chicken, Non-Breaded Chunks WM, BBQ Sauce, w/Biscuit (C) 26-27"
2026-09-25,K-8 Lunch,K-8 Lunch,Lunch,Entrees,37406,"Pizza (C), Cheese, 8 Cut","Pizza (C), Cheese, 8 Cut 25-26"
2026-09-25,K-8 Lunch,K-8 Lunch,Lunch,Entrees,38010,"Pizza (C), Meatless Italian Crumble, 8 Cut","Pizza (C), Meatless Italian Crumble, 8 Cut 25-26"
2026-09-25,K-8 Lunch,K-8 Lunch,Lunch,Entrees,37591,"Sandwich, Soy Butter and Jelly IW","Sandwich, Soy Butter and Jelly IW 25-26"
2026-09-25,K-8 Lunch,K-8 Lunch,Lunch,Fruit Sides,37434,"Peaches, Diced (Drained)","Peaches, Diced (Drained) 25-26"
2026-09-25,K-8 Lunch,K-8 Lunch,Lunch,Milk,37349,"Milk, 1% Plain Half Pint","Milk, 1% Plain Half Pint 25-26"
2026-09-25,K-8 Lunch,K-8 Lunch,Lunch,Milk,37351,"Milk, Skim Chocolate Half Pint","Milk, Skim Chocolate Half Pint 25-26"
2026-09-25,K-8 Lunch,K-8 Lunch,Lunch,Milk,37353,"Milk, Skim Plain Half Pint","Milk, Skim Plain Half Pint 25-26"
2026-09-25,K-8 Lunch,K-8 Lunch,Lunch,Vegetable Sides,37316,"Corn, Frozen, Butter Buds, Fajita","Corn, Frozen, Butter Buds, Fajita 25-26"
2026-09-25,K-8 Lunch,K-8 Lunch,Lunch,Vegetable Sides,37438,"Peas & Carrots, Blend, Butter Buds, Fajita","Peas & Carrots, Blend, Butter Buds, Fajita 25-26"
2026-09-25,K-8 Sack Lunch,K-8 Sack Lunch,Lunch,Condiments,37455,"Ranch, Lite, PC","Ranch, Lite, PC 25-26"
2026-09-25,K-8 Sack Lunch,K-8 Sack Lunch,Lunch,Entrees,37899,Turkey Ham (C) & American Cheese (C) Hoagie (H/C),Turkey Ham (C) & American Cheese (C) Hoagie (H/C) 25-26
2026-09-25,K-8 Sack Lunch,K-8 Sack Lunch,Lunch,Fruit Sides,38062,"Apple, Whole, Fuji","Apple, Whole, Fuji 25-26"
2026-09-25,K-8 Sack Lunch,K-8 Sack Lunch,Lunch,Milk,37349,"Milk, 1% Plain Half Pint","Milk, 1% Plain Half Pint 25-26"
2026-09-25,K-8 Sack Lunch,K-8 Sack Lunch,Lunch,Milk,37351,"Milk, Skim Chocolate Half Pint","Milk, Skim Chocolate Half Pint 25-26"
2026-09-25,K-8 Sack Lunch,K-8 Sack Lunch,Lunch,Milk,37353,"Milk, Skim Plain Half Pint","Milk, Skim Plain Half Pint 25-26"
2026-09-25,K-8 Sack Lunch,K-8 Sack Lunch,Lunch,Vegetable Sides,38071,"Carrots, Baby Raw","Carrots, Baby Raw 25-26"
2026-09-25,K-8 Sack Lunch,K-8 Sack Lunch,Lunch,Vegetable Sides,38072,"Celery, Raw","Celery, Raw 25-26"
2026-09-25,K-8 Satellite Lunch,K-8 Satellite Lunch,Lunch,Condiments,37842,"Ketchup, PC (P)","Ketchup, PC (P) 25-26"
2026-09-25,K-8 Satellite Lunch,K-8 Satellite Lunch,Lunch,Condiments,37883,"Sauce, BBQ Dunk Cup, PC (P)","Sauce, BBQ Dunk Cup, PC (P) 25-26"
2026-09-25,K-8 Satellite Lunch,K-8 Satellite Lunch,Lunch,Entrees,38265,"Chicken, Non-Breaded Chunks WM, BBQ Sauce, w/Biscuit (C)","Chicken, Non-Breaded Chunks WM, BBQ Sauce, w/Biscuit (C) 26-27"
2026-09-25,K-8 Satellite Lunch,K-8 Satellite Lunch,Lunch,Fruit Sides,37434,"Peaches, Diced (Drained)","Peaches, Diced (Drained) 25-26"
2026-09-25,K-8 Satellite Lunch,K-8 Satellite Lunch,Lunch,Milk,37349,"Milk, 1% Plain Half Pint","Milk, 1% Plain Half Pint 25-26"
2026-09-25,K-8 Satellite Lunch,K-8 Satellite Lunch,Lunch,Milk,37351,"Milk, Skim Chocolate Half Pint","Milk, Skim Chocolate Half Pint 25-26"
2026-09-25,K-8 Satellite Lunch,K-8 Satellite Lunch,Lunch,Milk,37353,"Milk, Skim Plain Half Pint","Milk, Skim Plain Half Pint 25-26"
2026-09-25,K-8 Satellite Lunch,K-8 Satellite Lunch,Lunch,Vegetable Sides,37316,"Corn, Frozen, Butter Buds, Fajita","Corn, Frozen, Butter Buds, Fajita 25-26"
2026-09-25,K-8 Satellite Lunch,K-8 Satellite Lunch,Lunch,Vegetable Sides,37438,"Peas & Carrots, Blend, Butter Buds, Fajita","Peas & Carrots, Blend, Butter Buds, Fajita 25-26"
2026-09-25,MS Snack Favorites,MS Favorites,Snack,Condiments,37842,"Ketchup, PC (P)","Ketchup, PC (P) 25-26"
2026-09-25,MS Snack Favorites,MS Favorites,Snack,Condiments,37390,"Mayonnaise, PC","Mayonnaise, PC 25-26"
2026-09-25,MS Snack Favorites,MS Favorites,Snack,Condiments,37398,"Mustard, PC","Mustard, PC 25-26"
2026-09-25,MS Snack Favorites,MS Favorites,Snack,Condiments,37439,"Pickles, 2ea","Pickles, 2ea 25-26"
2026-09-25,MS Snack Favorites,MS Favorites,Snack,Condiments,37455,"Ranch, Lite, PC","Ranch, Lite, PC 25-26"
2026-09-25,MS Snack Favorites,MS Favorites,Snack,Condiments,37929,"Sauce, Hot Sauce TX Pete's PC","Sauce, Hot Sauce TX Pete's PC 25-26"
2026-09-25,MS Snack Favorites,MS Favorites,Snack,Entrees,37717,"Beef (C), Burger, American Cheese (C)","Beef (C), Burger, American Cheese (C) 25-26"
2026-09-25,MS Snack Favorites,MS Favorites,Snack,Entrees,37589,"Chicken, Dumplings, Teriyaki Sauce","Chicken, Dumplings, Teriyaki Sauce 25-26"
2026-09-25,MS Snack Favorites,MS Favorites,Snack,Entrees,37678,"Chicken, Tenders, Nashville Hot w/1 oz Roll (C)","Chicken, Tenders, Nashville Hot w/1 oz Roll (C) 25-26"
2026-09-25,MS Snack Favorites,MS Favorites,Snack,Fruit Sides,37434,"Peaches, Diced (Drained)","Peaches, Diced (Drained) 25-26"
2026-09-25,MS Snack Favorites,MS Favorites,Snack,Grain/Other Side,37397,"Muffin, Corn (IW)","Muffin, Corn (IW) 25-26"
2026-09-25,MS Snack Favorites,MS Favorites,Snack,Milk,37349,"Milk, 1% Plain Half Pint","Milk, 1% Plain Half Pint 25-26"
2026-09-25,MS Snack Favorites,MS Favorites,Snack,Milk,37351,"Milk, Skim Chocolate Half Pint","Milk, Skim Chocolate Half Pint 25-26"
2026-09-25,MS Snack Favorites,MS Favorites,Snack,Milk,37353,"Milk, Skim Plain Half Pint","Milk, Skim Plain Half Pint 25-26"
2026-09-25,MS Snack Favorites,MS Favorites,Snack,Vegetable Sides,37316,"Corn, Frozen, Butter Buds, Fajita","Corn, Frozen, Butter Buds, Fajita 25-26"
2026-09-25,MS Snack Favorites,MS Favorites,Snack,Vegetable Sides,37438,"Peas & Carrots, Blend, Butter Buds, Fajita","Peas & Carrots, Blend, Butter Buds, Fajita 25-26"
2026-09-25,Pre-K Lunch SS,PreK Lunch SS,Lunch,Condiments,37842,"Ketchup, PC (P)","Ketchup, PC (P) 25-26"
2026-09-25,Pre-K Lunch SS,PreK Lunch SS,Lunch,Condiments,37883,"Sauce, BBQ Dunk Cup, PC (P)","Sauce, BBQ Dunk Cup, PC (P) 25-26"
2026-09-25,Pre-K Lunch SS,PreK Lunch SS,Lunch,Entrees,38265,"Chicken, Non-Breaded Chunks WM, BBQ Sauce, w/Biscuit (C)","Chicken, Non-Breaded Chunks WM, BBQ Sauce, w/Biscuit (C) 26-27"
2026-09-25,Pre-K Lunch SS,PreK Lunch SS,Lunch,Fruit Sides,37474,"PreK, Peaches, Diced 1/4 Cup","PreK, Peaches, Diced 1/4 Cup 25-26"
2026-09-25,Pre-K Lunch SS,PreK Lunch SS,Lunch,Milk,37349,"Milk, 1% Plain Half Pint","Milk, 1% Plain Half Pint 25-26"
2026-09-25,Pre-K Lunch SS,PreK Lunch SS,Lunch,Vegetable Sides,37469,"PreK, Peas & Carrots, Blend, Butter Buds, Fajita 1/4 cup","PreK, Peas & Carrots, Blend, Butter Buds, Fajita 1/4 cup 25-26"
2026-09-25,PreK Snack,PreK Snack,Snack,Entrees,37446,"Snack Mix, Cracker, Strawberry Yogurt","Snack Mix, Cracker, Strawberry Yogurt 25-26"
2026-09-25,PreK Snack,PreK Snack,Snack,Fruit Sides,37456,Raisins (P),Raisins (P) 25-26
2026-09-28,Breakfast SS K-12,Breakfast SS K-12,Breakfast,Fruit,37432,"Fruit, Peach Cup, Individual, (CP)","Fruit, Peach Cup, Individual, (CP) 25-26"
2026-09-28,Breakfast SS K-12,Breakfast SS K-12,Breakfast,Fruit,38118,"Juice, 100% Apple, 4oz (Shelf-stable)","Juice, 100% Apple, 4oz (Shelf-stable) 25-26"
2026-09-28,Breakfast SS K-12,Breakfast SS K-12,Breakfast,Grain/ M/MA,37725,"Sandwich, Croissant, WG, Egg & American Cheese, IW (C)","Sandwich, Croissant, WG, Egg & American Cheese, IW (C) 25-26"
2026-09-28,Breakfast SS K-12,Breakfast SS K-12,Breakfast,Milk,37349,"Milk, 1% Plain Half Pint","Milk, 1% Plain Half Pint 25-26"
2026-09-28,Breakfast SS K-12,Breakfast SS K-12,Breakfast,Milk,37353,"Milk, Skim Plain Half Pint","Milk, Skim Plain Half Pint 25-26"
2026-09-28,Breakfast SS Pre-K,Breakfast SS PreK,Breakfast,Fruit,38118,"Juice, 100% Apple, 4oz (Shelf-stable)","Juice, 100% Apple, 4oz (Shelf-stable) 25-26"
2026-09-28,Breakfast SS Pre-K,Breakfast SS PreK,Breakfast,Grain/ M/MA,37725,"Sandwich, Croissant, WG, Egg & American Cheese, IW (C)","Sandwich, Croissant, WG, Egg & American Cheese, IW (C) 25-26"
2026-09-28,Breakfast SS Pre-K,Breakfast SS PreK,Breakfast,Milk,37349,"Milk, 1% Plain Half Pint","Milk, 1% Plain Half Pint 25-26"
2026-09-28,Breakfast Traditional OVS K-12,Breakfast Traditional OVS K-12,Breakfast,Condiments/ Side,37321,"Cracker, Educational Farmers MRKT","Cracker, Educational Farmers MRKT 25-26"
2026-09-28,Breakfast Traditional OVS K-12,Breakfast Traditional OVS K-12,Breakfast,Fruit,37432,"Fruit, Peach Cup, Individual, (CP)","Fruit, Peach Cup, Individual, (CP) 25-26"
2026-09-28,Breakfast Traditional OVS K-12,Breakfast Traditional OVS K-12,Breakfast,Fruit,38118,"Juice, 100% Apple, 4oz (Shelf-stable)","Juice, 100% Apple, 4oz (Shelf-stable) 25-26"
2026-09-28,Breakfast Traditional OVS K-12,Breakfast Traditional OVS K-12,Breakfast,Grain/ M/MA,37915,"Bar, Blueberry Pomegranate Granola Bake WG","Bar, Blueberry Pomegranate Granola Bake WG 25-26"
2026-09-28,Breakfast Traditional OVS K-12,Breakfast Traditional OVS K-12,Breakfast,Grain/ M/MA,37725,"Sandwich, Croissant, WG, Egg & American Cheese, IW (C)","Sandwich, Croissant, WG, Egg & American Cheese, IW (C) 25-26"
2026-09-28,Breakfast Traditional OVS K-12,Breakfast Traditional OVS K-12,Breakfast,Milk,37349,"Milk, 1% Plain Half Pint","Milk, 1% Plain Half Pint 25-26"
2026-09-28,Breakfast Traditional OVS K-12,Breakfast Traditional OVS K-12,Breakfast,Milk,37353,"Milk, Skim Plain Half Pint","Milk, Skim Plain Half Pint 25-26"
2026-09-28,CACFP Cold Dinner,CACFP Cold Dinner,Dinner,Condiments,37390,"Mayonnaise, PC","Mayonnaise, PC 25-26"
2026-09-28,CACFP Cold Dinner,CACFP Cold Dinner,Dinner,Condiments,37398,"Mustard, PC","Mustard, PC 25-26"
2026-09-28,CACFP Cold Dinner,CACFP Cold Dinner,Dinner,Condiments,37455,"Ranch, Lite, PC","Ranch, Lite, PC 25-26"
2026-09-28,CACFP Cold Dinner,CACFP Cold Dinner,Dinner,Entrees,37681,"Sandwich, Hoagie, Turkey Ham & Cheese on WG Roll IW","Sandwich, Hoagie, Turkey Ham & Cheese on WG Roll IW 25-26"
2026-09-28,CACFP Cold Dinner,CACFP Cold Dinner,Dinner,Fruit Sides,38088,"Orange, Whole Cut 138 ct. (P)","Orange, Whole Cut 138 ct. (P) 25-26"
2026-09-28,CACFP Cold Dinner,CACFP Cold Dinner,Dinner,Milk,37349,"Milk, 1% Plain Half Pint","Milk, 1% Plain Half Pint 25-26"
2026-09-28,CACFP Cold Dinner,CACFP Cold Dinner,Dinner,Milk,37351,"Milk, Skim Chocolate Half Pint","Milk, Skim Chocolate Half Pint 25-26"
2026-09-28,CACFP Cold Dinner,CACFP Cold Dinner,Dinner,Vegetable Sides,38070,"Broccoli, Raw","Broccoli, Raw 25-26"
2026-09-28,CACFP Hot Dinner,CACFP Hot Dinner,Dinner,Condiments,37842,"Ketchup, PC (P)","Ketchup, PC (P) 25-26"
2026-09-28,CACFP Hot Dinner,CACFP Hot Dinner,Dinner,Condiments,37390,"Mayonnaise, PC","Mayonnaise, PC 25-26"
2026-09-28,CACFP Hot Dinner,CACFP Hot Dinner,Dinner,Condiments,37398,"Mustard, PC","Mustard, PC 25-26"
2026-09-28,CACFP Hot Dinner,CACFP Hot Dinner,Dinner,Entrees,38214,"Calzone, Cheeseburger","Calzone, Cheeseburger 25-26"
2026-09-28,CACFP Hot Dinner,CACFP Hot Dinner,Dinner,Fruit Sides,37456,Raisins (P),Raisins (P) 25-26
2026-09-28,CACFP Hot Dinner,CACFP Hot Dinner,Dinner,Milk,37349,"Milk, 1% Plain Half Pint","Milk, 1% Plain Half Pint 25-26"
2026-09-28,CACFP Hot Dinner,CACFP Hot Dinner,Dinner,Milk,37351,"Milk, Skim Chocolate Half Pint","Milk, Skim Chocolate Half Pint 25-26"
2026-09-28,CACFP Hot Dinner,CACFP Hot Dinner,Dinner,Vegetable Sides,37335,"Green Beans, Butter Buds, Fajita","Green Beans, Butter Buds, Fajita 25-26"
2026-09-28,HS Homestyle Lunch,HS Homestyle Lunch,Lunch,Condiments,37455,"Ranch, Lite, PC","Ranch, Lite, PC 25-26"
2026-09-28,HS Homestyle Lunch,HS Homestyle Lunch,Lunch,Condiments,37929,"Sauce, Hot Sauce TX Pete's PC","Sauce, Hot Sauce TX Pete's PC 25-26"
2026-09-28,HS Homestyle Lunch,HS Homestyle Lunch,Lunch,Condiments,37884,"Sauce, Salsa Cup (P)","Sauce, Salsa Cup (P) 25-26"
2026-09-28,HS Homestyle Lunch,HS Homestyle Lunch,Lunch,Condiments,37444,"Sunbutter, PC","Sunbutter, PC 25-26"
2026-09-28,HS Homestyle Lunch,HS Homestyle Lunch,Lunch,Entrees,37919,Macaroni and Cheese (C) w/Cornbread Poppers (C),Macaroni and Cheese (C) w/Cornbread Poppers (C) 25-26
2026-09-28,HS Homestyle Lunch,HS Homestyle Lunch,Lunch,Entrees,38216,"Sandwich, Soy Butter and Strawberry Jelly IW","Sandwich, Soy Butter and Strawberry Jelly IW 25-26"
2026-09-28,HS Homestyle Lunch,HS Homestyle Lunch,Lunch,Entrees,37428,"Tamale, Chicken","Tamale, Chicken 25-26"
2026-09-28,HS Homestyle Lunch,HS Homestyle Lunch,Lunch,Fruit Sides,38118,"Juice, 100% Apple, 4oz (Shelf-stable)","Juice, 100% Apple, 4oz (Shelf-stable) 25-26"
2026-09-28,HS Homestyle Lunch,HS Homestyle Lunch,Lunch,Fruit Sides,37436,"Pears, Diced (Drained)","Pears, Diced (Drained) 25-26"
2026-09-28,HS Homestyle Lunch,HS Homestyle Lunch,Lunch,Grain/Other Side,37310,"Chips, Baked Lays","Chips, Baked Lays 25-26"
2026-09-28,HS Homestyle Lunch,HS Homestyle Lunch,Lunch,Milk,37349,"Milk, 1% Plain Half Pint","Milk, 1% Plain Half Pint 25-26"
2026-09-28,HS Homestyle Lunch,HS Homestyle Lunch,Lunch,Milk,37351,"Milk, Skim Chocolate Half Pint","Milk, Skim Chocolate Half Pint 25-26"
2026-09-28,HS Homestyle Lunch,HS Homestyle Lunch,Lunch,Milk,37353,"Milk, Skim Plain Half Pint","Milk, Skim Plain Half Pint 25-26"
2026-09-28,HS Homestyle Lunch,HS Homestyle Lunch,Lunch,Vegetable Sides,38072,"Celery, Raw","Celery, Raw 25-26"
2026-09-28,HS Homestyle Lunch,HS Homestyle Lunch,Lunch,Vegetable Sides,37438,"Peas & Carrots, Blend, Butter Buds, Fajita","Peas & Carrots, Blend, Butter Buds, Fajita 25-26"
2026-09-28,HS SS Satellite Lunch,HS SS Satellite Lunch,Lunch,Condiments,37455,"Ranch, Lite, PC","Ranch, Lite, PC 25-26"
2026-09-28,HS SS Satellite Lunch,HS SS Satellite Lunch,Lunch,Condiments,37929,"Sauce, Hot Sauce TX Pete's PC","Sauce, Hot Sauce TX Pete's PC 25-26"
2026-09-28,HS SS Satellite Lunch,HS SS Satellite Lunch,Lunch,Condiments,37884,"Sauce, Salsa Cup (P)","Sauce, Salsa Cup (P) 25-26"
2026-09-28,HS SS Satellite Lunch,HS SS Satellite Lunch,Lunch,Entrees,37457,"Pupusa, Bean & Cheese","Pupusa, Bean & Cheese 25-26"
2026-09-28,HS SS Satellite Lunch,HS SS Satellite Lunch,Lunch,Fruit Sides,38118,"Juice, 100% Apple, 4oz (Shelf-stable)","Juice, 100% Apple, 4oz (Shelf-stable) 25-26"
2026-09-28,HS SS Satellite Lunch,HS SS Satellite Lunch,Lunch,Fruit Sides,37436,"Pears, Diced (Drained)","Pears, Diced (Drained) 25-26"
2026-09-28,HS SS Satellite Lunch,HS SS Satellite Lunch,Lunch,Grain/Other Side,37397,"Muffin, Corn (IW)","Muffin, Corn (IW) 25-26"
2026-09-28,HS SS Satellite Lunch,HS SS Satellite Lunch,Lunch,Milk,37349,"Milk, 1% Plain Half Pint","Milk, 1% Plain Half Pint 25-26"
2026-09-28,HS SS Satellite Lunch,HS SS Satellite Lunch,Lunch,Milk,37351,"Milk, Skim Chocolate Half Pint","Milk, Skim Chocolate Half Pint 25-26"
2026-09-28,HS SS Satellite Lunch,HS SS Satellite Lunch,Lunch,Milk,37353,"Milk, Skim Plain Half Pint","Milk, Skim Plain Half Pint 25-26"
2026-09-28,HS SS Satellite Lunch,HS SS Satellite Lunch,Lunch,Vegetable Sides,38072,"Celery, Raw","Celery, Raw 25-26"
2026-09-28,HS SS Satellite Lunch,HS SS Satellite Lunch,Lunch,Vegetable Sides,37438,"Peas & Carrots, Blend, Butter Buds, Fajita","Peas & Carrots, Blend, Butter Buds, Fajita 25-26"
2026-09-28,HS Sack Lunch,HS Sack Lunch,Lunch,Condiments,37390,"Mayonnaise, PC","Mayonnaise, PC 25-26"
2026-09-28,HS Sack Lunch,HS Sack Lunch,Lunch,Condiments,37455,"Ranch, Lite, PC","Ranch, Lite, PC 25-26"
2026-09-28,HS Sack Lunch,HS Sack Lunch,Lunch,Entrees,37775,Turkey Breast (C) & Cheese (C) Pullman Sandwich (H/C),Turkey Breast (C) & Cheese (C) Pullman Sandwich (H/C) 25-26
2026-09-28,HS Sack Lunch,HS Sack Lunch,Lunch,Fruit Sides,38062,"Apple, Whole, Fuji","Apple, Whole, Fuji 25-26"
2026-09-28,HS Sack Lunch,HS Sack Lunch,Lunch,Fruit Sides,38122,"Juice, 100% Fruit Punch, 4oz (Shelf-stable)","Juice, 100% Fruit Punch, 4oz (Shelf-stable) 25-26"
2026-09-28,HS Sack Lunch,HS Sack Lunch,Lunch,Grain/Other Side,37310,"Chips, Baked Lays","Chips, Baked Lays 25-26"
2026-09-28,HS Sack Lunch,HS Sack Lunch,Lunch,Milk,37349,"Milk, 1% Plain Half Pint","Milk, 1% Plain Half Pint 25-26"
2026-09-28,HS Sack Lunch,HS Sack Lunch,Lunch,Milk,37351,"Milk, Skim Chocolate Half Pint","Milk, Skim Chocolate Half Pint 25-26"
2026-09-28,HS Sack Lunch,HS Sack Lunch,Lunch,Milk,37353,"Milk, Skim Plain Half Pint","Milk, Skim Plain Half Pint 25-26"
2026-09-28,HS Sack Lunch,HS Sack Lunch,Lunch,Vegetable Sides,38071,"Carrots, Baby Raw","Carrots, Baby Raw 25-26"
2026-09-28,HS Sack Lunch,HS Sack Lunch,Lunch,Vegetable Sides,38072,"Celery, Raw","Celery, Raw 25-26"
2026-09-28,HS Satellite Lunch,HS Satellite Lunch,Lunch,Condiments,37455,"Ranch, Lite, PC","Ranch, Lite, PC 25-26"
2026-09-28,HS Satellite Lunch,HS Satellite Lunch,Lunch,Condiments,37929,"Sauce, Hot Sauce TX Pete's PC","Sauce, Hot Sauce TX Pete's PC 25-26"
2026-09-28,HS Satellite Lunch,HS Satellite Lunch,Lunch,Condiments,37884,"Sauce, Salsa Cup (P)","Sauce, Salsa Cup (P) 25-26"
2026-09-28,HS Satellite Lunch,HS Satellite Lunch,Lunch,Entrees,37457,"Pupusa, Bean & Cheese","Pupusa, Bean & Cheese 25-26"
2026-09-28,HS Satellite Lunch,HS Satellite Lunch,Lunch,Fruit Sides,38118,"Juice, 100% Apple, 4oz (Shelf-stable)","Juice, 100% Apple, 4oz (Shelf-stable) 25-26"
2026-09-28,HS Satellite Lunch,HS Satellite Lunch,Lunch,Fruit Sides,37436,"Pears, Diced (Drained)","Pears, Diced (Drained) 25-26"
2026-09-28,HS Satellite Lunch,HS Satellite Lunch,Lunch,Grain/Other Side,37397,"Muffin, Corn (IW)","Muffin, Corn (IW) 25-26"
2026-09-28,HS Satellite Lunch,HS Satellite Lunch,Lunch,Milk,37349,"Milk, 1% Plain Half Pint","Milk, 1% Plain Half Pint 25-26"
2026-09-28,HS Satellite Lunch,HS Satellite Lunch,Lunch,Milk,37351,"Milk, Skim Chocolate Half Pint","Milk, Skim Chocolate Half Pint 25-26"
2026-09-28,HS Satellite Lunch,HS Satellite Lunch,Lunch,Milk,37353,"Milk, Skim Plain Half Pint","Milk, Skim Plain Half Pint 25-26"
2026-09-28,HS Satellite Lunch,HS Satellite Lunch,Lunch,Vegetable Sides,38072,"Celery, Raw","Celery, Raw 25-26"
2026-09-28,HS Satellite Lunch,HS Satellite Lunch,Lunch,Vegetable Sides,37438,"Peas & Carrots, Blend, Butter Buds, Fajita","Peas & Carrots, Blend, Butter Buds, Fajita 25-26"
2026-09-28,HS Snack Favorites,HS Favorites,Snack,Condiments,37842,"Ketchup, PC (P)","Ketchup, PC (P) 25-26"
2026-09-28,HS Snack Favorites,HS Favorites,Snack,Condiments,37390,"Mayonnaise, PC","Mayonnaise, PC 25-26"
2026-09-28,HS Snack Favorites,HS Favorites,Snack,Condiments,37398,"Mustard, PC","Mustard, PC 25-26"
2026-09-28,HS Snack Favorites,HS Favorites,Snack,Condiments,37455,"Ranch, Lite, PC","Ranch, Lite, PC 25-26"
2026-09-28,HS Snack Favorites,HS Favorites,Snack,Condiments,37883,"Sauce, BBQ Dunk Cup, PC (P)","Sauce, BBQ Dunk Cup, PC (P) 25-26"
2026-09-28,HS Snack Favorites,HS Favorites,Snack,Condiments,37914,"Sauce, Guacamole","Sauce, Guacamole 25-26"
2026-09-28,HS Snack Favorites,HS Favorites,Snack,Condiments,37929,"Sauce, Hot Sauce TX Pete's PC","Sauce, Hot Sauce TX Pete's PC 25-26"
2026-09-28,HS Snack Favorites,HS Favorites,Snack,Condiments,37884,"Sauce, Salsa Cup (P)","Sauce, Salsa Cup (P) 25-26"
2026-09-28,HS Snack Favorites,HS Favorites,Snack,Condiments,37913,"Sour Cream, Individual PC,","Sour Cream, Individual PC, 25-26"
2026-09-28,HS Snack Favorites,HS Favorites,Snack,Entrees,38110,"Chicken Fajita (CP), Cheese Sauce (C) Nachos","Chicken Fajita (CP), Cheese Sauce (C) Nachos 25-26"
2026-09-28,HS Snack Favorites,HS Favorites,Snack,Entrees,38099,"Chicken, Spicy, Sandwich WM (C)","Chicken, Spicy, Sandwich WM (C) 25-26"
2026-09-28,HS Snack Favorites,HS Favorites,Snack,Entrees,37923,"Turkey (C), Hot Dog","Turkey (C), Hot Dog 25-26"
2026-09-28,HS Snack Favorites,HS Favorites,Snack,Fruit Sides,38118,"Juice, 100% Apple, 4oz (Shelf-stable)","Juice, 100% Apple, 4oz (Shelf-stable) 25-26"
2026-09-28,HS Snack Favorites,HS Favorites,Snack,Fruit Sides,37436,"Pears, Diced (Drained)","Pears, Diced (Drained) 25-26"
2026-09-28,HS Snack Favorites,HS Favorites,Snack,Grain/Other Side,37310,"Chips, Baked Lays","Chips, Baked Lays 25-26"
2026-09-28,HS Snack Favorites,HS Favorites,Snack,Grain/Other Side,37459,"Pudding, Chocolate","Pudding, Chocolate 25-26"
2026-09-28,HS Snack Favorites,HS Favorites,Snack,Milk,37349,"Milk, 1% Plain Half Pint","Milk, 1% Plain Half Pint 25-26"
2026-09-28,HS Snack Favorites,HS Favorites,Snack,Milk,37351,"Milk, Skim Chocolate Half Pint","Milk, Skim Chocolate Half Pint 25-26"
2026-09-28,HS Snack Favorites,HS Favorites,Snack,Milk,37353,"Milk, Skim Plain Half Pint","Milk, Skim Plain Half Pint 25-26"
2026-09-28,HS Snack Favorites,HS Favorites,Snack,Vegetable Sides,37438,"Peas & Carrots, Blend, Butter Buds, Fajita","Peas & Carrots, Blend, Butter Buds, Fajita 25-26"
2026-09-28,HS Snack Favorites,HS Favorites,Snack,Vegetable Sides,37424,"Vegetable Blend, Butter Buds, Fajita","Vegetable Blend, Butter Buds, Fajita 25-26"
2026-09-28,K-12 Snack,K-12 Snack,Snack,Entrees,37445,"Snack, Cracker, Cheese","Snack, Cracker, Cheese 25-26"
2026-09-28,K-12 Snack,K-12 Snack,Snack,Fruit Sides,38182,"Apple, Whole, Red Delicious","Apple, Whole, Red Delicious 25-26"
2026-09-28,K-8 Lunch,K-8 Lunch,Lunch,Condiments,37842,"Ketchup, PC (P)","Ketchup, PC (P) 25-26"
2026-09-28,K-8 Lunch,K-8 Lunch,Lunch,Condiments,37398,"Mustard, PC","Mustard, PC 25-26"
2026-09-28,K-8 Lunch,K-8 Lunch,Lunch,Condiments,37455,"Ranch, Lite, PC","Ranch, Lite, PC 25-26"
2026-09-28,K-8 Lunch,K-8 Lunch,Lunch,Entrees,38284,"Chicken, Corn Dog Bites, Mini","Chicken, Corn Dog Bites, Mini 26-27"
2026-09-28,K-8 Lunch,K-8 Lunch,Lunch,Entrees,38274,"Pasta, Spaghetti and Meatballs (NEW) (C) & Marinara","Pasta, Spaghetti and Meatballs (NEW) (C) & Marinara 26-27"
2026-09-28,K-8 Lunch,K-8 Lunch,Lunch,Entrees,37591,"Sandwich, Soy Butter and Jelly IW","Sandwich, Soy Butter and Jelly IW 25-26"
2026-09-28,K-8 Lunch,K-8 Lunch,Lunch,Fruit Sides,37436,"Pears, Diced (Drained)","Pears, Diced (Drained) 25-26"
2026-09-28,K-8 Lunch,K-8 Lunch,Lunch,Milk,37349,"Milk, 1% Plain Half Pint","Milk, 1% Plain Half Pint 25-26"
2026-09-28,K-8 Lunch,K-8 Lunch,Lunch,Milk,37351,"Milk, Skim Chocolate Half Pint","Milk, Skim Chocolate Half Pint 25-26"
2026-09-28,K-8 Lunch,K-8 Lunch,Lunch,Milk,37353,"Milk, Skim Plain Half Pint","Milk, Skim Plain Half Pint 25-26"
2026-09-28,K-8 Lunch,K-8 Lunch,Lunch,Vegetable Sides,38072,"Celery, Raw","Celery, Raw 25-26"
2026-09-28,K-8 Lunch,K-8 Lunch,Lunch,Vegetable Sides,37438,"Peas & Carrots, Blend, Butter Buds, Fajita","Peas & Carrots, Blend, Butter Buds, Fajita 25-26"
2026-09-28,K-8 Sack Lunch,K-8 Sack Lunch,Lunch,Condiments,37455,"Ranch, Lite, PC","Ranch, Lite, PC 25-26"
2026-09-28,K-8 Sack Lunch,K-8 Sack Lunch,Lunch,Entrees,37899,Turkey Ham (C) & American Cheese (C) Hoagie (H/C),Turkey Ham (C) & American Cheese (C) Hoagie (H/C) 25-26
2026-09-28,K-8 Sack Lunch,K-8 Sack Lunch,Lunch,Fruit Sides,38062,"Apple, Whole, Fuji","Apple, Whole, Fuji 25-26"
2026-09-28,K-8 Sack Lunch,K-8 Sack Lunch,Lunch,Milk,37349,"Milk, 1% Plain Half Pint","Milk, 1% Plain Half Pint 25-26"
2026-09-28,K-8 Sack Lunch,K-8 Sack Lunch,Lunch,Milk,37351,"Milk, Skim Chocolate Half Pint","Milk, Skim Chocolate Half Pint 25-26"
2026-09-28,K-8 Sack Lunch,K-8 Sack Lunch,Lunch,Milk,37353,"Milk, Skim Plain Half Pint","Milk, Skim Plain Half Pint 25-26"
2026-09-28,K-8 Sack Lunch,K-8 Sack Lunch,Lunch,Vegetable Sides,38071,"Carrots, Baby Raw","Carrots, Baby Raw 25-26"
2026-09-28,K-8 Sack Lunch,K-8 Sack Lunch,Lunch,Vegetable Sides,38072,"Celery, Raw","Celery, Raw 25-26"
2026-09-28,K-8 Satellite Lunch,K-8 Satellite Lunch,Lunch,Condiments,37842,"Ketchup, PC (P)","Ketchup, PC (P) 25-26"
2026-09-28,K-8 Satellite Lunch,K-8 Satellite Lunch,Lunch,Condiments,37398,"Mustard, PC","Mustard, PC 25-26"
2026-09-28,K-8 Satellite Lunch,K-8 Satellite Lunch,Lunch,Condiments,37455,"Ranch, Lite, PC","Ranch, Lite, PC 25-26"
2026-09-28,K-8 Satellite Lunch,K-8 Satellite Lunch,Lunch,Entrees,38284,"Chicken, Corn Dog Bites, Mini","Chicken, Corn Dog Bites, Mini 26-27"
2026-09-28,K-8 Satellite Lunch,K-8 Satellite Lunch,Lunch,Fruit Sides,37436,"Pears, Diced (Drained)","Pears, Diced (Drained) 25-26"
2026-09-28,K-8 Satellite Lunch,K-8 Satellite Lunch,Lunch,Grain/Other Side,37397,"Muffin, Corn (IW)","Muffin, Corn (IW) 25-26"
2026-09-28,K-8 Satellite Lunch,K-8 Satellite Lunch,Lunch,Milk,37349,"Milk, 1% Plain Half Pint","Milk, 1% Plain Half Pint 25-26"
2026-09-28,K-8 Satellite Lunch,K-8 Satellite Lunch,Lunch,Milk,37351,"Milk, Skim Chocolate Half Pint","Milk, Skim Chocolate Half Pint 25-26"
2026-09-28,K-8 Satellite Lunch,K-8 Satellite Lunch,Lunch,Milk,37353,"Milk, Skim Plain Half Pint","Milk, Skim Plain Half Pint 25-26"
2026-09-28,K-8 Satellite Lunch,K-8 Satellite Lunch,Lunch,Vegetable Sides,38072,"Celery, Raw","Celery, Raw 25-26"
2026-09-28,K-8 Satellite Lunch,K-8 Satellite Lunch,Lunch,Vegetable Sides,37438,"Peas & Carrots, Blend, Butter Buds, Fajita","Peas & Carrots, Blend, Butter Buds, Fajita 25-26"
2026-09-28,MS Snack Favorites,MS Favorites,Snack,Condiments,37842,"Ketchup, PC (P)","Ketchup, PC (P) 25-26"
2026-09-28,MS Snack Favorites,MS Favorites,Snack,Condiments,37398,"Mustard, PC","Mustard, PC 25-26"
2026-09-28,MS Snack Favorites,MS Favorites,Snack,Condiments,37455,"Ranch, Lite, PC","Ranch, Lite, PC 25-26"
2026-09-28,MS Snack Favorites,MS Favorites,Snack,Condiments,37883,"Sauce, BBQ Dunk Cup, PC (P)","Sauce, BBQ Dunk Cup, PC (P) 25-26"
2026-09-28,MS Snack Favorites,MS Favorites,Snack,Condiments,37929,"Sauce, Hot Sauce TX Pete's PC","Sauce, Hot Sauce TX Pete's PC 25-26"
2026-09-28,MS Snack Favorites,MS Favorites,Snack,Condiments,37884,"Sauce, Salsa Cup (P)","Sauce, Salsa Cup (P) 25-26"
2026-09-28,MS Snack Favorites,MS Favorites,Snack,Entrees,37524,"Beef, Spicy Taco Stick (C)","Beef, Spicy Taco Stick (C) 25-26"
2026-09-28,MS Snack Favorites,MS Favorites,Snack,Entrees,37442,"Chicken, Nuggets, WM w/Breadstick, Cheesy Garlic (C)","Chicken, Nuggets, WM w/Breadstick, Cheesy Garlic (C) 25-26"
2026-09-28,MS Snack Favorites,MS Favorites,Snack,Entrees,37923,"Turkey (C), Hot Dog","Turkey (C), Hot Dog 25-26"
2026-09-28,MS Snack Favorites,MS Favorites,Snack,Fruit Sides,37436,"Pears, Diced (Drained)","Pears, Diced (Drained) 25-26"
2026-09-28,MS Snack Favorites,MS Favorites,Snack,Grain/Other Side,37310,"Chips, Baked Lays","Chips, Baked Lays 25-26"
2026-09-28,MS Snack Favorites,MS Favorites,Snack,Milk,37349,"Milk, 1% Plain Half Pint","Milk, 1% Plain Half Pint 25-26"
2026-09-28,MS Snack Favorites,MS Favorites,Snack,Milk,37351,"Milk, Skim Chocolate Half Pint","Milk, Skim Chocolate Half Pint 25-26"
2026-09-28,MS Snack Favorites,MS Favorites,Snack,Milk,37353,"Milk, Skim Plain Half Pint","Milk, Skim Plain Half Pint 25-26"
2026-09-28,MS Snack Favorites,MS Favorites,Snack,Vegetable Sides,38072,"Celery, Raw","Celery, Raw 25-26"
2026-09-28,MS Snack Favorites,MS Favorites,Snack,Vegetable Sides,37438,"Peas & Carrots, Blend, Butter Buds, Fajita","Peas & Carrots, Blend, Butter Buds, Fajita 25-26"
2026-09-28,Pre-K Lunch SS,PreK Lunch SS,Lunch,Entrees,37457,"Pupusa, Bean & Cheese","Pupusa, Bean & Cheese 25-26"
2026-09-28,Pre-K Lunch SS,PreK Lunch SS,Lunch,Fruit Sides,37471,"PreK, Pears, Diced 1/4 Cup","PreK, Pears, Diced 1/4 Cup 25-26"
2026-09-28,Pre-K Lunch SS,PreK Lunch SS,Lunch,Milk,37349,"Milk, 1% Plain Half Pint","Milk, 1% Plain Half Pint 25-26"
2026-09-28,Pre-K Lunch SS,PreK Lunch SS,Lunch,Vegetable Sides,37469,"PreK, Peas & Carrots, Blend, Butter Buds, Fajita 1/4 cup","PreK, Peas & Carrots, Blend, Butter Buds, Fajita 1/4 cup 25-26"
2026-09-28,PreK Snack,PreK Snack,Snack,Entrees,37445,"Snack, Cracker, Cheese","Snack, Cracker, Cheese 25-26"
2026-09-28,PreK Snack,PreK Snack,Snack,Fruit Sides,37456,Raisins (P),Raisins (P) 25-26
2026-09-29,Breakfast SS K-12,Breakfast SS K-12,Breakfast,Fruit,37506,"Fruit, Apple Slices IW (C)","Fruit, Apple Slices IW (C) 25-26"
2026-09-29,Breakfast SS K-12,Breakfast SS K-12,Breakfast,Fruit,38118,"Juice, 100% Apple, 4oz (Shelf-stable)","Juice, 100% Apple, 4oz (Shelf-stable) 25-26"
2026-09-29,Breakfast SS K-12,Breakfast SS K-12,Breakfast,Grain/ M/MA,37284,Beef Sausage and Cheese Bagel (C),Beef Sausage and Cheese Bagel (C) 25-26
2026-09-29,Breakfast SS K-12,Breakfast SS K-12,Breakfast,Milk,37349,"Milk, 1% Plain Half Pint","Milk, 1% Plain Half Pint 25-26"
2026-09-29,Breakfast SS K-12,Breakfast SS K-12,Breakfast,Milk,37353,"Milk, Skim Plain Half Pint","Milk, Skim Plain Half Pint 25-26"
2026-09-29,Breakfast SS Pre-K,Breakfast SS PreK,Breakfast,Fruit,37506,"Fruit, Apple Slices IW (C)","Fruit, Apple Slices IW (C) 25-26"
2026-09-29,Breakfast SS Pre-K,Breakfast SS PreK,Breakfast,Grain/ M/MA,37284,Beef Sausage and Cheese Bagel (C),Beef Sausage and Cheese Bagel (C) 25-26
2026-09-29,Breakfast SS Pre-K,Breakfast SS PreK,Breakfast,Milk,37349,"Milk, 1% Plain Half Pint","Milk, 1% Plain Half Pint 25-26"
2026-09-29,Breakfast Traditional OVS K-12,Breakfast Traditional OVS K-12,Breakfast,Condiments/ Side,37535,"Crackers, Blueberry Crisp","Crackers, Blueberry Crisp 25-26"
2026-09-29,Breakfast Traditional OVS K-12,Breakfast Traditional OVS K-12,Breakfast,Condiments/ Side,37929,"Sauce, Hot Sauce TX Pete's PC","Sauce, Hot Sauce TX Pete's PC 25-26"
2026-09-29,Breakfast Traditional OVS K-12,Breakfast Traditional OVS K-12,Breakfast,Condiments/ Side,37884,"Sauce, Salsa Cup (P)","Sauce, Salsa Cup (P) 25-26"
2026-09-29,Breakfast Traditional OVS K-12,Breakfast Traditional OVS K-12,Breakfast,Fruit,37506,"Fruit, Apple Slices IW (C)","Fruit, Apple Slices IW (C) 25-26"
2026-09-29,Breakfast Traditional OVS K-12,Breakfast Traditional OVS K-12,Breakfast,Fruit,38118,"Juice, 100% Apple, 4oz (Shelf-stable)","Juice, 100% Apple, 4oz (Shelf-stable) 25-26"
2026-09-29,Breakfast Traditional OVS K-12,Breakfast Traditional OVS K-12,Breakfast,Grain/ M/MA,37284,Beef Sausage and Cheese Bagel (C),Beef Sausage and Cheese Bagel (C) 25-26
2026-09-29,Breakfast Traditional OVS K-12,Breakfast Traditional OVS K-12,Breakfast,Grain/ M/MA,37663,"Breakfast Bundle, Cinnamon Toast Crunch Cereal w/Mozzarella Cheese Stick (C)","Breakfast Bundle, Cinnamon Toast Crunch Cereal w/Mozzarella Cheese Stick (C) 25-26"
2026-09-29,Breakfast Traditional OVS K-12,Breakfast Traditional OVS K-12,Breakfast,Milk,37349,"Milk, 1% Plain Half Pint","Milk, 1% Plain Half Pint 25-26"
2026-09-29,Breakfast Traditional OVS K-12,Breakfast Traditional OVS K-12,Breakfast,Milk,37353,"Milk, Skim Plain Half Pint","Milk, Skim Plain Half Pint 25-26"
2026-09-29,CACFP Cold Dinner,CACFP Cold Dinner,Dinner,Condiments,37455,"Ranch, Lite, PC","Ranch, Lite, PC 25-26"
2026-09-29,CACFP Cold Dinner,CACFP Cold Dinner,Dinner,Entrees,37591,"Sandwich, Soy Butter and Jelly IW","Sandwich, Soy Butter and Jelly IW 25-26"
2026-09-29,CACFP Cold Dinner,CACFP Cold Dinner,Dinner,Fruit Sides,38123,"Craisins, Dried, Cherry","Craisins, Dried, Cherry 25-26"
2026-09-29,CACFP Cold Dinner,CACFP Cold Dinner,Dinner,Milk,37349,"Milk, 1% Plain Half Pint","Milk, 1% Plain Half Pint 25-26"
2026-09-29,CACFP Cold Dinner,CACFP Cold Dinner,Dinner,Milk,37351,"Milk, Skim Chocolate Half Pint","Milk, Skim Chocolate Half Pint 25-26"
2026-09-29,CACFP Cold Dinner,CACFP Cold Dinner,Dinner,Vegetable Sides,38071,"Carrots, Baby Raw","Carrots, Baby Raw 25-26"
2026-09-29,CACFP Hot Dinner,CACFP Hot Dinner,Dinner,Entrees,37589,"Chicken, Dumplings, Teriyaki Sauce","Chicken, Dumplings, Teriyaki Sauce 25-26"
2026-09-29,CACFP Hot Dinner,CACFP Hot Dinner,Dinner,Fruit Sides,37436,"Pears, Diced (Drained)","Pears, Diced (Drained) 25-26"
2026-09-29,CACFP Hot Dinner,CACFP Hot Dinner,Dinner,Milk,37349,"Milk, 1% Plain Half Pint","Milk, 1% Plain Half Pint 25-26"
2026-09-29,CACFP Hot Dinner,CACFP Hot Dinner,Dinner,Milk,37351,"Milk, Skim Chocolate Half Pint","Milk, Skim Chocolate Half Pint 25-26"
2026-09-29,CACFP Hot Dinner,CACFP Hot Dinner,Dinner,Vegetable Sides,37424,"Vegetable Blend, Butter Buds, Fajita","Vegetable Blend, Butter Buds, Fajita 25-26"
2026-09-29,HS Homestyle Lunch,HS Homestyle Lunch,Lunch,Condiments,37842,"Ketchup, PC (P)","Ketchup, PC (P) 25-26"
2026-09-29,HS Homestyle Lunch,HS Homestyle Lunch,Lunch,Condiments,37390,"Mayonnaise, PC","Mayonnaise, PC 25-26"
2026-09-29,HS Homestyle Lunch,HS Homestyle Lunch,Lunch,Condiments,37398,"Mustard, PC","Mustard, PC 25-26"
2026-09-29,HS Homestyle Lunch,HS Homestyle Lunch,Lunch,Condiments,37439,"Pickles, 2ea","Pickles, 2ea 25-26"
2026-09-29,HS Homestyle Lunch,HS Homestyle Lunch,Lunch,Condiments,37914,"Sauce, Guacamole","Sauce, Guacamole 25-26"
2026-09-29,HS Homestyle Lunch,HS Homestyle Lunch,Lunch,Condiments,37929,"Sauce, Hot Sauce TX Pete's PC","Sauce, Hot Sauce TX Pete's PC 25-26"
2026-09-29,HS Homestyle Lunch,HS Homestyle Lunch,Lunch,Condiments,37884,"Sauce, Salsa Cup (P)","Sauce, Salsa Cup (P) 25-26"
2026-09-29,HS Homestyle Lunch,HS Homestyle Lunch,Lunch,Entrees,37217,"Chicken, Sandwich WM (C)","Chicken, Sandwich WM (C) 25-26"
2026-09-29,HS Homestyle Lunch,HS Homestyle Lunch,Lunch,Entrees,37591,"Sandwich, Soy Butter and Jelly IW","Sandwich, Soy Butter and Jelly IW 25-26"
2026-09-29,HS Homestyle Lunch,HS Homestyle Lunch,Lunch,Entrees,37595,"Taco, Beef & Cheese, CrispUp (C)","Taco, Beef & Cheese, CrispUp (C) 25-26"
2026-09-29,HS Homestyle Lunch,HS Homestyle Lunch,Lunch,Fruit Sides,38091,"Grapes, Red, Whole","Grapes, Red, Whole 25-26"
2026-09-29,HS Homestyle Lunch,HS Homestyle Lunch,Lunch,Fruit Sides,38118,"Juice, 100% Apple, 4oz (Shelf-stable)","Juice, 100% Apple, 4oz (Shelf-stable) 25-26"
2026-09-29,HS Homestyle Lunch,HS Homestyle Lunch,Lunch,Grain/Other Side,37310,"Chips, Baked Lays","Chips, Baked Lays 25-26"
2026-09-29,HS Homestyle Lunch,HS Homestyle Lunch,Lunch,Grain/Other Side,37459,"Pudding, Chocolate","Pudding, Chocolate 25-26"
2026-09-29,HS Homestyle Lunch,HS Homestyle Lunch,Lunch,Milk,37349,"Milk, 1% Plain Half Pint","Milk, 1% Plain Half Pint 25-26"
2026-09-29,HS Homestyle Lunch,HS Homestyle Lunch,Lunch,Milk,37351,"Milk, Skim Chocolate Half Pint","Milk, Skim Chocolate Half Pint 25-26"
2026-09-29,HS Homestyle Lunch,HS Homestyle Lunch,Lunch,Milk,37353,"Milk, Skim Plain Half Pint","Milk, Skim Plain Half Pint 25-26"
2026-09-29,HS Homestyle Lunch,HS Homestyle Lunch,Lunch,Vegetable Sides,37675,"Black Beans, Taco Fiesta","Black Beans, Taco Fiesta 25-26"
2026-09-29,HS Homestyle Lunch,HS Homestyle Lunch,Lunch,Vegetable Sides,37335,"Green Beans, Butter Buds, Fajita","Green Beans, Butter Buds, Fajita 25-26"
2026-09-29,HS SS Satellite Lunch,HS SS Satellite Lunch,Lunch,Condiments,37842,"Ketchup, PC (P)","Ketchup, PC (P) 25-26"
2026-09-29,HS SS Satellite Lunch,HS SS Satellite Lunch,Lunch,Condiments,37390,"Mayonnaise, PC","Mayonnaise, PC 25-26"
2026-09-29,HS SS Satellite Lunch,HS SS Satellite Lunch,Lunch,Condiments,37398,"Mustard, PC","Mustard, PC 25-26"
2026-09-29,HS SS Satellite Lunch,HS SS Satellite Lunch,Lunch,Condiments,37439,"Pickles, 2ea","Pickles, 2ea 25-26"
2026-09-29,HS SS Satellite Lunch,HS SS Satellite Lunch,Lunch,Condiments,37929,"Sauce, Hot Sauce TX Pete's PC","Sauce, Hot Sauce TX Pete's PC 25-26"
2026-09-29,HS SS Satellite Lunch,HS SS Satellite Lunch,Lunch,Entrees,37217,"Chicken, Sandwich WM (C)","Chicken, Sandwich WM (C) 25-26"
2026-09-29,HS SS Satellite Lunch,HS SS Satellite Lunch,Lunch,Fruit Sides,38091,"Grapes, Red, Whole","Grapes, Red, Whole 25-26"
2026-09-29,HS SS Satellite Lunch,HS SS Satellite Lunch,Lunch,Fruit Sides,38118,"Juice, 100% Apple, 4oz (Shelf-stable)","Juice, 100% Apple, 4oz (Shelf-stable) 25-26"
2026-09-29,HS SS Satellite Lunch,HS SS Satellite Lunch,Lunch,Grain/Other Side,37310,"Chips, Baked Lays","Chips, Baked Lays 25-26"
2026-09-29,HS SS Satellite Lunch,HS SS Satellite Lunch,Lunch,Milk,37349,"Milk, 1% Plain Half Pint","Milk, 1% Plain Half Pint 25-26"
2026-09-29,HS SS Satellite Lunch,HS SS Satellite Lunch,Lunch,Milk,37351,"Milk, Skim Chocolate Half Pint","Milk, Skim Chocolate Half Pint 25-26"
2026-09-29,HS SS Satellite Lunch,HS SS Satellite Lunch,Lunch,Milk,37353,"Milk, Skim Plain Half Pint","Milk, Skim Plain Half Pint 25-26"
2026-09-29,HS SS Satellite Lunch,HS SS Satellite Lunch,Lunch,Vegetable Sides,37675,"Black Beans, Taco Fiesta","Black Beans, Taco Fiesta 25-26"
2026-09-29,HS SS Satellite Lunch,HS SS Satellite Lunch,Lunch,Vegetable Sides,37335,"Green Beans, Butter Buds, Fajita","Green Beans, Butter Buds, Fajita 25-26"
2026-09-29,HS Sack Lunch,HS Sack Lunch,Lunch,Condiments,37390,"Mayonnaise, PC","Mayonnaise, PC 25-26"
2026-09-29,HS Sack Lunch,HS Sack Lunch,Lunch,Condiments,37398,"Mustard, PC","Mustard, PC 25-26"
2026-09-29,HS Sack Lunch,HS Sack Lunch,Lunch,Condiments,37455,"Ranch, Lite, PC","Ranch, Lite, PC 25-26"
2026-09-29,HS Sack Lunch,HS Sack Lunch,Lunch,Entrees,37899,Turkey Ham (C) & American Cheese (C) Hoagie (H/C),Turkey Ham (C) & American Cheese (C) Hoagie (H/C) 25-26
2026-09-29,HS Sack Lunch,HS Sack Lunch,Lunch,Fruit Sides,38122,"Juice, 100% Fruit Punch, 4oz (Shelf-stable)","Juice, 100% Fruit Punch, 4oz (Shelf-stable) 25-26"
2026-09-29,HS Sack Lunch,HS Sack Lunch,Lunch,Fruit Sides,38088,"Orange, Whole Cut 138 ct. (P)","Orange, Whole Cut 138 ct. (P) 25-26"
2026-09-29,HS Sack Lunch,HS Sack Lunch,Lunch,Grain/Other Side,37310,"Chips, Baked Lays","Chips, Baked Lays 25-26"
2026-09-29,HS Sack Lunch,HS Sack Lunch,Lunch,Milk,37349,"Milk, 1% Plain Half Pint","Milk, 1% Plain Half Pint 25-26"
2026-09-29,HS Sack Lunch,HS Sack Lunch,Lunch,Milk,37351,"Milk, Skim Chocolate Half Pint","Milk, Skim Chocolate Half Pint 25-26"
2026-09-29,HS Sack Lunch,HS Sack Lunch,Lunch,Milk,37353,"Milk, Skim Plain Half Pint","Milk, Skim Plain Half Pint 25-26"
2026-09-29,HS Sack Lunch,HS Sack Lunch,Lunch,Vegetable Sides,38111,"Corn, Salad 1/2c","Corn, Salad 1/2c 25-26"
2026-09-29,HS Sack Lunch,HS Sack Lunch,Lunch,Vegetable Sides,38093,"Cucumber Slices, Raw Whole","Cucumber Slices, Raw Whole 25-26"
2026-09-29,HS Satellite Lunch,HS Satellite Lunch,Lunch,Condiments,37842,"Ketchup, PC (P)","Ketchup, PC (P) 25-26"
2026-09-29,HS Satellite Lunch,HS Satellite Lunch,Lunch,Condiments,37390,"Mayonnaise, PC","Mayonnaise, PC 25-26"
2026-09-29,HS Satellite Lunch,HS Satellite Lunch,Lunch,Condiments,37398,"Mustard, PC","Mustard, PC 25-26"
2026-09-29,HS Satellite Lunch,HS Satellite Lunch,Lunch,Condiments,37439,"Pickles, 2ea","Pickles, 2ea 25-26"
2026-09-29,HS Satellite Lunch,HS Satellite Lunch,Lunch,Condiments,37929,"Sauce, Hot Sauce TX Pete's PC","Sauce, Hot Sauce TX Pete's PC 25-26"
2026-09-29,HS Satellite Lunch,HS Satellite Lunch,Lunch,Entrees,37217,"Chicken, Sandwich WM (C)","Chicken, Sandwich WM (C) 25-26"
2026-09-29,HS Satellite Lunch,HS Satellite Lunch,Lunch,Fruit Sides,38091,"Grapes, Red, Whole","Grapes, Red, Whole 25-26"
2026-09-29,HS Satellite Lunch,HS Satellite Lunch,Lunch,Fruit Sides,38118,"Juice, 100% Apple, 4oz (Shelf-stable)","Juice, 100% Apple, 4oz (Shelf-stable) 25-26"
2026-09-29,HS Satellite Lunch,HS Satellite Lunch,Lunch,Grain/Other Side,37310,"Chips, Baked Lays","Chips, Baked Lays 25-26"
2026-09-29,HS Satellite Lunch,HS Satellite Lunch,Lunch,Milk,37349,"Milk, 1% Plain Half Pint","Milk, 1% Plain Half Pint 25-26"
2026-09-29,HS Satellite Lunch,HS Satellite Lunch,Lunch,Milk,37351,"Milk, Skim Chocolate Half Pint","Milk, Skim Chocolate Half Pint 25-26"
2026-09-29,HS Satellite Lunch,HS Satellite Lunch,Lunch,Milk,37353,"Milk, Skim Plain Half Pint","Milk, Skim Plain Half Pint 25-26"
2026-09-29,HS Satellite Lunch,HS Satellite Lunch,Lunch,Vegetable Sides,37675,"Black Beans, Taco Fiesta","Black Beans, Taco Fiesta 25-26"
2026-09-29,HS Satellite Lunch,HS Satellite Lunch,Lunch,Vegetable Sides,37335,"Green Beans, Butter Buds, Fajita","Green Beans, Butter Buds, Fajita 25-26"
2026-09-29,HS Snack Favorites,HS Favorites,Snack,Condiments,38262,"Dipping Sauce, Marinara (P)","Dipping Sauce, Marinara (P) 25-26"
2026-09-29,HS Snack Favorites,HS Favorites,Snack,Condiments,37842,"Ketchup, PC (P)","Ketchup, PC (P) 25-26"
2026-09-29,HS Snack Favorites,HS Favorites,Snack,Condiments,37455,"Ranch, Lite, PC","Ranch, Lite, PC 25-26"
2026-09-29,HS Snack Favorites,HS Favorites,Snack,Condiments,37883,"Sauce, BBQ Dunk Cup, PC (P)","Sauce, BBQ Dunk Cup, PC (P) 25-26"
2026-09-29,HS Snack Favorites,HS Favorites,Snack,Condiments,37914,"Sauce, Guacamole","Sauce, Guacamole 25-26"
2026-09-29,HS Snack Favorites,HS Favorites,Snack,Condiments,37929,"Sauce, Hot Sauce TX Pete's PC","Sauce, Hot Sauce TX Pete's PC 25-26"
2026-09-29,HS Snack Favorites,HS Favorites,Snack,Condiments,37884,"Sauce, Salsa Cup (P)","Sauce, Salsa Cup (P) 25-26"
2026-09-29,HS Snack Favorites,HS Favorites,Snack,Entrees,37524,"Beef, Spicy Taco Stick (C)","Beef, Spicy Taco Stick (C) 25-26"
2026-09-29,HS Snack Favorites,HS Favorites,Snack,Entrees,37304,Cheesy Breadstick Bites (C),Cheesy Breadstick Bites (C) 25-26
2026-09-29,HS Snack Favorites,HS Favorites,Snack,Entrees,37442,"Chicken, Nuggets, WM w/Breadstick, Cheesy Garlic (C)","Chicken, Nuggets, WM w/Breadstick, Cheesy Garlic (C) 25-26"
2026-09-29,HS Snack Favorites,HS Favorites,Snack,Fruit Sides,38091,"Grapes, Red, Whole","Grapes, Red, Whole 25-26"
2026-09-29,HS Snack Favorites,HS Favorites,Snack,Fruit Sides,38118,"Juice, 100% Apple, 4oz (Shelf-stable)","Juice, 100% Apple, 4oz (Shelf-stable) 25-26"
2026-09-29,HS Snack Favorites,HS Favorites,Snack,Grain/Other Side,37310,"Chips, Baked Lays","Chips, Baked Lays 25-26"
2026-09-29,HS Snack Favorites,HS Favorites,Snack,Grain/Other Side,37459,"Pudding, Chocolate","Pudding, Chocolate 25-26"
2026-09-29,HS Snack Favorites,HS Favorites,Snack,Milk,37349,"Milk, 1% Plain Half Pint","Milk, 1% Plain Half Pint 25-26"
2026-09-29,HS Snack Favorites,HS Favorites,Snack,Milk,37351,"Milk, Skim Chocolate Half Pint","Milk, Skim Chocolate Half Pint 25-26"
2026-09-29,HS Snack Favorites,HS Favorites,Snack,Milk,37353,"Milk, Skim Plain Half Pint","Milk, Skim Plain Half Pint 25-26"
2026-09-29,HS Snack Favorites,HS Favorites,Snack,Vegetable Sides,37675,"Black Beans, Taco Fiesta","Black Beans, Taco Fiesta 25-26"
2026-09-29,HS Snack Favorites,HS Favorites,Snack,Vegetable Sides,37335,"Green Beans, Butter Buds, Fajita","Green Beans, Butter Buds, Fajita 25-26"
2026-09-29,K-12 Snack,K-12 Snack,Snack,Entrees,37362,"Cracker, Crispy Veggie","Cracker, Crispy Veggie 25-26"
2026-09-29,K-12 Snack,K-12 Snack,Snack,Fruit Sides,38131,"Juice, 100% Apple, 6oz (Shelf-stable)","Juice, 100% Apple, 6oz (Shelf-stable) 25-26"
2026-09-29,K-8 Lunch,K-8 Lunch,Lunch,Condiments,37842,"Ketchup, PC (P)","Ketchup, PC (P) 25-26"
2026-09-29,K-8 Lunch,K-8 Lunch,Lunch,Condiments,37390,"Mayonnaise, PC","Mayonnaise, PC 25-26"
2026-09-29,K-8 Lunch,K-8 Lunch,Lunch,Condiments,37398,"Mustard, PC","Mustard, PC 25-26"
2026-09-29,K-8 Lunch,K-8 Lunch,Lunch,Condiments,37439,"Pickles, 2ea","Pickles, 2ea 25-26"
2026-09-29,K-8 Lunch,K-8 Lunch,Lunch,Condiments,37914,"Sauce, Guacamole","Sauce, Guacamole 25-26"
2026-09-29,K-8 Lunch,K-8 Lunch,Lunch,Condiments,37929,"Sauce, Hot Sauce TX Pete's PC","Sauce, Hot Sauce TX Pete's PC 25-26"
2026-09-29,K-8 Lunch,K-8 Lunch,Lunch,Condiments,37884,"Sauce, Salsa Cup (P)","Sauce, Salsa Cup (P) 25-26"
2026-09-29,K-8 Lunch,K-8 Lunch,Lunch,Entrees,37217,"Chicken, Sandwich WM (C)","Chicken, Sandwich WM (C) 25-26"
2026-09-29,K-8 Lunch,K-8 Lunch,Lunch,Entrees,37591,"Sandwich, Soy Butter and Jelly IW","Sandwich, Soy Butter and Jelly IW 25-26"
2026-09-29,K-8 Lunch,K-8 Lunch,Lunch,Entrees,37688,"Turkey, Barbacoa, Soft Taco (C)","Turkey, Barbacoa, Soft Taco (C) 25-26"
2026-09-29,K-8 Lunch,K-8 Lunch,Lunch,Fruit Sides,38091,"Grapes, Red, Whole","Grapes, Red, Whole 25-26"
2026-09-29,K-8 Lunch,K-8 Lunch,Lunch,Grain/Other Side,37397,"Muffin, Corn (IW)","Muffin, Corn (IW) 25-26"
2026-09-29,K-8 Lunch,K-8 Lunch,Lunch,Milk,37349,"Milk, 1% Plain Half Pint","Milk, 1% Plain Half Pint 25-26"
2026-09-29,K-8 Lunch,K-8 Lunch,Lunch,Milk,37351,"Milk, Skim Chocolate Half Pint","Milk, Skim Chocolate Half Pint 25-26"
2026-09-29,K-8 Lunch,K-8 Lunch,Lunch,Milk,37353,"Milk, Skim Plain Half Pint","Milk, Skim Plain Half Pint 25-26"
2026-09-29,K-8 Lunch,K-8 Lunch,Lunch,Vegetable Sides,37675,"Black Beans, Taco Fiesta","Black Beans, Taco Fiesta 25-26"
2026-09-29,K-8 Lunch,K-8 Lunch,Lunch,Vegetable Sides,37335,"Green Beans, Butter Buds, Fajita","Green Beans, Butter Buds, Fajita 25-26"
2026-09-29,K-8 Sack Lunch,K-8 Sack Lunch,Lunch,Entrees,37775,Turkey Breast (C) & Cheese (C) Pullman Sandwich (H/C),Turkey Breast (C) & Cheese (C) Pullman Sandwich (H/C) 25-26
2026-09-29,K-8 Sack Lunch,K-8 Sack Lunch,Lunch,Fruit Sides,38088,"Orange, Whole Cut 138 ct. (P)","Orange, Whole Cut 138 ct. (P) 25-26"
2026-09-29,K-8 Sack Lunch,K-8 Sack Lunch,Lunch,Grain/Other Side,37310,"Chips, Baked Lays","Chips, Baked Lays 25-26"
2026-09-29,K-8 Sack Lunch,K-8 Sack Lunch,Lunch,Milk,37349,"Milk, 1% Plain Half Pint","Milk, 1% Plain Half Pint 25-26"
2026-09-29,K-8 Sack Lunch,K-8 Sack Lunch,Lunch,Milk,37351,"Milk, Skim Chocolate Half Pint","Milk, Skim Chocolate Half Pint 25-26"
2026-09-29,K-8 Sack Lunch,K-8 Sack Lunch,Lunch,Milk,37353,"Milk, Skim Plain Half Pint","Milk, Skim Plain Half Pint 25-26"
2026-09-29,K-8 Sack Lunch,K-8 Sack Lunch,Lunch,Vegetable Sides,38111,"Corn, Salad 1/2c","Corn, Salad 1/2c 25-26"
2026-09-29,K-8 Sack Lunch,K-8 Sack Lunch,Lunch,Vegetable Sides,38093,"Cucumber Slices, Raw Whole","Cucumber Slices, Raw Whole 25-26"
2026-09-29,K-8 Satellite Lunch,K-8 Satellite Lunch,Lunch,Condiments,37842,"Ketchup, PC (P)","Ketchup, PC (P) 25-26"
2026-09-29,K-8 Satellite Lunch,K-8 Satellite Lunch,Lunch,Condiments,37390,"Mayonnaise, PC","Mayonnaise, PC 25-26"
2026-09-29,K-8 Satellite Lunch,K-8 Satellite Lunch,Lunch,Condiments,37398,"Mustard, PC","Mustard, PC 25-26"
2026-09-29,K-8 Satellite Lunch,K-8 Satellite Lunch,Lunch,Condiments,37439,"Pickles, 2ea","Pickles, 2ea 25-26"
2026-09-29,K-8 Satellite Lunch,K-8 Satellite Lunch,Lunch,Condiments,37929,"Sauce, Hot Sauce TX Pete's PC","Sauce, Hot Sauce TX Pete's PC 25-26"
2026-09-29,K-8 Satellite Lunch,K-8 Satellite Lunch,Lunch,Entrees,37217,"Chicken, Sandwich WM (C)","Chicken, Sandwich WM (C) 25-26"
2026-09-29,K-8 Satellite Lunch,K-8 Satellite Lunch,Lunch,Fruit Sides,38091,"Grapes, Red, Whole","Grapes, Red, Whole 25-26"
2026-09-29,K-8 Satellite Lunch,K-8 Satellite Lunch,Lunch,Milk,37349,"Milk, 1% Plain Half Pint","Milk, 1% Plain Half Pint 25-26"
2026-09-29,K-8 Satellite Lunch,K-8 Satellite Lunch,Lunch,Milk,37351,"Milk, Skim Chocolate Half Pint","Milk, Skim Chocolate Half Pint 25-26"
2026-09-29,K-8 Satellite Lunch,K-8 Satellite Lunch,Lunch,Milk,37353,"Milk, Skim Plain Half Pint","Milk, Skim Plain Half Pint 25-26"
2026-09-29,K-8 Satellite Lunch,K-8 Satellite Lunch,Lunch,Vegetable Sides,37675,"Black Beans, Taco Fiesta","Black Beans, Taco Fiesta 25-26"
2026-09-29,K-8 Satellite Lunch,K-8 Satellite Lunch,Lunch,Vegetable Sides,37335,"Green Beans, Butter Buds, Fajita","Green Beans, Butter Buds, Fajita 25-26"
2026-09-29,MS Snack Favorites,MS Favorites,Snack,Condiments,38262,"Dipping Sauce, Marinara (P)","Dipping Sauce, Marinara (P) 25-26"
2026-09-29,MS Snack Favorites,MS Favorites,Snack,Condiments,37842,"Ketchup, PC (P)","Ketchup, PC (P) 25-26"
2026-09-29,MS Snack Favorites,MS Favorites,Snack,Condiments,37390,"Mayonnaise, PC","Mayonnaise, PC 25-26"
2026-09-29,MS Snack Favorites,MS Favorites,Snack,Condiments,37398,"Mustard, PC","Mustard, PC 25-26"
2026-09-29,MS Snack Favorites,MS Favorites,Snack,Condiments,37439,"Pickles, 2ea","Pickles, 2ea 25-26"
2026-09-29,MS Snack Favorites,MS Favorites,Snack,Condiments,37914,"Sauce, Guacamole","Sauce, Guacamole 25-26"
2026-09-29,MS Snack Favorites,MS Favorites,Snack,Condiments,37929,"Sauce, Hot Sauce TX Pete's PC","Sauce, Hot Sauce TX Pete's PC 25-26"
2026-09-29,MS Snack Favorites,MS Favorites,Snack,Condiments,37884,"Sauce, Salsa Cup (P)","Sauce, Salsa Cup (P) 25-26"
2026-09-29,MS Snack Favorites,MS Favorites,Snack,Entrees,37304,Cheesy Breadstick Bites (C),Cheesy Breadstick Bites (C) 25-26
2026-09-29,MS Snack Favorites,MS Favorites,Snack,Entrees,38259,"Chicken, Shredded (CP) w/Cheese (C) Soft Taco","Chicken, Shredded (CP) w/Cheese (C) Soft Taco 26-27"
2026-09-29,MS Snack Favorites,MS Favorites,Snack,Entrees,38099,"Chicken, Spicy, Sandwich WM (C)","Chicken, Spicy, Sandwich WM (C) 25-26"
2026-09-29,MS Snack Favorites,MS Favorites,Snack,Fruit Sides,38091,"Grapes, Red, Whole","Grapes, Red, Whole 25-26"
2026-09-29,MS Snack Favorites,MS Favorites,Snack,Milk,37349,"Milk, 1% Plain Half Pint","Milk, 1% Plain Half Pint 25-26"
2026-09-29,MS Snack Favorites,MS Favorites,Snack,Milk,37351,"Milk, Skim Chocolate Half Pint","Milk, Skim Chocolate Half Pint 25-26"
2026-09-29,MS Snack Favorites,MS Favorites,Snack,Milk,37353,"Milk, Skim Plain Half Pint","Milk, Skim Plain Half Pint 25-26"
2026-09-29,MS Snack Favorites,MS Favorites,Snack,Vegetable Sides,37675,"Black Beans, Taco Fiesta","Black Beans, Taco Fiesta 25-26"
2026-09-29,MS Snack Favorites,MS Favorites,Snack,Vegetable Sides,37335,"Green Beans, Butter Buds, Fajita","Green Beans, Butter Buds, Fajita 25-26"
2026-09-29,Pre-K Lunch SS,PreK Lunch SS,Lunch,Condiments,37842,"Ketchup, PC (P)","Ketchup, PC (P) 25-26"
2026-09-29,Pre-K Lunch SS,PreK Lunch SS,Lunch,Condiments,37390,"Mayonnaise, PC","Mayonnaise, PC 25-26"
2026-09-29,Pre-K Lunch SS,PreK Lunch SS,Lunch,Condiments,37398,"Mustard, PC","Mustard, PC 25-26"
2026-09-29,Pre-K Lunch SS,PreK Lunch SS,Lunch,Entrees,37217,"Chicken, Sandwich WM (C)","Chicken, Sandwich WM (C) 25-26"
2026-09-29,Pre-K Lunch SS,PreK Lunch SS,Lunch,Fruit Sides,37474,"PreK, Peaches, Diced 1/4 Cup","PreK, Peaches, Diced 1/4 Cup 25-26"
2026-09-29,Pre-K Lunch SS,PreK Lunch SS,Lunch,Milk,37349,"Milk, 1% Plain Half Pint","Milk, 1% Plain Half Pint 25-26"
2026-09-29,Pre-K Lunch SS,PreK Lunch SS,Lunch,Vegetable Sides,37478,"PreK, Green Beans, Frozen, Butter Buds, Fajita 1/4 Cup (P)","PreK, Green Beans, Frozen, Butter Buds, Fajita 1/4 Cup (P) 25-26"
2026-09-29,PreK Snack,PreK Snack,Snack,Entrees,37362,"Cracker, Crispy Veggie","Cracker, Crispy Veggie 25-26"
2026-09-29,PreK Snack,PreK Snack,Snack,Fruit Sides,38131,"Juice, 100% Apple, 6oz (Shelf-stable)","Juice, 100% Apple, 6oz (Shelf-stable) 25-26"
2026-09-30,Breakfast SS K-12,Breakfast SS K-12,Breakfast,Fruit,38063,"Banana, Whole","Banana, Whole 25-26"
2026-09-30,Breakfast SS K-12,Breakfast SS K-12,Breakfast,Fruit,38118,"Juice, 100% Apple, 4oz (Shelf-stable)","Juice, 100% Apple, 4oz (Shelf-stable) 25-26"
2026-09-30,Breakfast SS K-12,Breakfast SS K-12,Breakfast,Grain/ M/MA,37671,"Breakfast Bundle, Cherry Muffin w/Strawberry Yogurt","Breakfast Bundle, Cherry Muffin w/Strawberry Yogurt 25-26"
2026-09-30,Breakfast SS K-12,Breakfast SS K-12,Breakfast,Milk,37349,"Milk, 1% Plain Half Pint","Milk, 1% Plain Half Pint 25-26"
2026-09-30,Breakfast SS K-12,Breakfast SS K-12,Breakfast,Milk,37353,"Milk, Skim Plain Half Pint","Milk, Skim Plain Half Pint 25-26"
2026-09-30,Breakfast SS Pre-K,Breakfast SS PreK,Breakfast,Fruit,38118,"Juice, 100% Apple, 4oz (Shelf-stable)","Juice, 100% Apple, 4oz (Shelf-stable) 25-26"
2026-09-30,Breakfast SS Pre-K,Breakfast SS PreK,Breakfast,Grain/ M/MA,37844,"Muffin, Cherry, (IW)","Muffin, Cherry, (IW) 25-26"
2026-09-30,Breakfast SS Pre-K,Breakfast SS PreK,Breakfast,Milk,37349,"Milk, 1% Plain Half Pint","Milk, 1% Plain Half Pint 25-26"
2026-09-30,Breakfast Traditional OVS K-12,Breakfast Traditional OVS K-12,Breakfast,Condiments/ Side,37321,"Cracker, Educational Farmers MRKT","Cracker, Educational Farmers MRKT 25-26"
2026-09-30,Breakfast Traditional OVS K-12,Breakfast Traditional OVS K-12,Breakfast,Fruit,38063,"Banana, Whole","Banana, Whole 25-26"
2026-09-30,Breakfast Traditional OVS K-12,Breakfast Traditional OVS K-12,Breakfast,Fruit,38118,"Juice, 100% Apple, 4oz (Shelf-stable)","Juice, 100% Apple, 4oz (Shelf-stable) 25-26"
2026-09-30,Breakfast Traditional OVS K-12,Breakfast Traditional OVS K-12,Breakfast,Grain/ M/MA,37497,"Bread, Cowboy Bread, (IW)","Bread, Cowboy Bread, (IW) 25-26"
2026-09-30,Breakfast Traditional OVS K-12,Breakfast Traditional OVS K-12,Breakfast,Grain/ M/MA,37726,"Breakfast, Stuffed Egg & Cheese Hashbrown (C)","Breakfast, Stuffed Egg & Cheese Hashbrown (C) 25-26"
2026-09-30,Breakfast Traditional OVS K-12,Breakfast Traditional OVS K-12,Breakfast,Milk,37349,"Milk, 1% Plain Half Pint","Milk, 1% Plain Half Pint 25-26"
2026-09-30,Breakfast Traditional OVS K-12,Breakfast Traditional OVS K-12,Breakfast,Milk,37353,"Milk, Skim Plain Half Pint","Milk, Skim Plain Half Pint 25-26"
2026-09-30,CACFP Cold Dinner,CACFP Cold Dinner,Dinner,Condiments,37390,"Mayonnaise, PC","Mayonnaise, PC 25-26"
2026-09-30,CACFP Cold Dinner,CACFP Cold Dinner,Dinner,Condiments,37398,"Mustard, PC","Mustard, PC 25-26"
2026-09-30,CACFP Cold Dinner,CACFP Cold Dinner,Dinner,Condiments,37455,"Ranch, Lite, PC","Ranch, Lite, PC 25-26"
2026-09-30,CACFP Cold Dinner,CACFP Cold Dinner,Dinner,Entrees,37681,"Sandwich, Hoagie, Turkey Ham & Cheese on WG Roll IW","Sandwich, Hoagie, Turkey Ham & Cheese on WG Roll IW 25-26"
2026-09-30,CACFP Cold Dinner,CACFP Cold Dinner,Dinner,Fruit Sides,38088,"Orange, Whole Cut 138 ct. (P)","Orange, Whole Cut 138 ct. (P) 25-26"
2026-09-30,CACFP Cold Dinner,CACFP Cold Dinner,Dinner,Milk,37349,"Milk, 1% Plain Half Pint","Milk, 1% Plain Half Pint 25-26"
2026-09-30,CACFP Cold Dinner,CACFP Cold Dinner,Dinner,Milk,37351,"Milk, Skim Chocolate Half Pint","Milk, Skim Chocolate Half Pint 25-26"
2026-09-30,CACFP Cold Dinner,CACFP Cold Dinner,Dinner,Vegetable Sides,38093,"Cucumber Slices, Raw Whole","Cucumber Slices, Raw Whole 25-26"
2026-09-30,CACFP Hot Dinner,CACFP Hot Dinner,Dinner,Condiments,37842,"Ketchup, PC (P)","Ketchup, PC (P) 25-26"
2026-09-30,CACFP Hot Dinner,CACFP Hot Dinner,Dinner,Entrees,37225,"Chicken Fried Steak, Gravy, w/Roll","Chicken Fried Steak, Gravy, w/Roll 25-26"
2026-09-30,CACFP Hot Dinner,CACFP Hot Dinner,Dinner,Fruit Sides,37690,Applesauce,Applesauce 25-26
2026-09-30,CACFP Hot Dinner,CACFP Hot Dinner,Dinner,Milk,37349,"Milk, 1% Plain Half Pint","Milk, 1% Plain Half Pint 25-26"
2026-09-30,CACFP Hot Dinner,CACFP Hot Dinner,Dinner,Milk,37351,"Milk, Skim Chocolate Half Pint","Milk, Skim Chocolate Half Pint 25-26"
2026-09-30,CACFP Hot Dinner,CACFP Hot Dinner,Dinner,Vegetable Sides,37441,"Potato, Sweet, Roasted (P)","Potato, Sweet, Roasted (P) 25-26"
2026-09-30,HS Homestyle Lunch,HS Homestyle Lunch,Lunch,Condiments,37323,"Croutons, Cheese Garlic, IW","Croutons, Cheese Garlic, IW 25-26"
2026-09-30,HS Homestyle Lunch,HS Homestyle Lunch,Lunch,Condiments,38262,"Dipping Sauce, Marinara (P)","Dipping Sauce, Marinara (P) 25-26"
2026-09-30,HS Homestyle Lunch,HS Homestyle Lunch,Lunch,Condiments,37455,"Ranch, Lite, PC","Ranch, Lite, PC 25-26"
2026-09-30,HS Homestyle Lunch,HS Homestyle Lunch,Lunch,Entrees,38056,"Bistro, Flatbread (C), Tuscan Chicken (CP) Sandwich","Bistro, Flatbread (C), Tuscan Chicken (CP) Sandwich 25-26"
2026-09-30,HS Homestyle Lunch,HS Homestyle Lunch,Lunch,Entrees,37304,Cheesy Breadstick Bites (C),Cheesy Breadstick Bites (C) 25-26
2026-09-30,HS Homestyle Lunch,HS Homestyle Lunch,Lunch,Entrees,37591,"Sandwich, Soy Butter and Jelly IW","Sandwich, Soy Butter and Jelly IW 25-26"
2026-09-30,HS Homestyle Lunch,HS Homestyle Lunch,Lunch,Fruit Sides,37690,Applesauce,Applesauce 25-26
2026-09-30,HS Homestyle Lunch,HS Homestyle Lunch,Lunch,Fruit Sides,38118,"Juice, 100% Apple, 4oz (Shelf-stable)","Juice, 100% Apple, 4oz (Shelf-stable) 25-26"
2026-09-30,HS Homestyle Lunch,HS Homestyle Lunch,Lunch,Grain/Other Side,37310,"Chips, Baked Lays","Chips, Baked Lays 25-26"
2026-09-30,HS Homestyle Lunch,HS Homestyle Lunch,Lunch,Grain/Other Side,37459,"Pudding, Chocolate","Pudding, Chocolate 25-26"
2026-09-30,HS Homestyle Lunch,HS Homestyle Lunch,Lunch,Milk,37349,"Milk, 1% Plain Half Pint","Milk, 1% Plain Half Pint 25-26"
2026-09-30,HS Homestyle Lunch,HS Homestyle Lunch,Lunch,Milk,37351,"Milk, Skim Chocolate Half Pint","Milk, Skim Chocolate Half Pint 25-26"
2026-09-30,HS Homestyle Lunch,HS Homestyle Lunch,Lunch,Milk,37353,"Milk, Skim Plain Half Pint","Milk, Skim Plain Half Pint 25-26"
2026-09-30,HS Homestyle Lunch,HS Homestyle Lunch,Lunch,Vegetable Sides,37441,"Potato, Sweet, Roasted (P)","Potato, Sweet, Roasted (P) 25-26"
2026-09-30,HS Homestyle Lunch,HS Homestyle Lunch,Lunch,Vegetable Sides,38124,"Salad, Side, Romaine Chopped","Salad, Side, Romaine Chopped 25-26"
2026-09-30,HS SS Satellite Lunch,HS SS Satellite Lunch,Lunch,Condiments,37323,"Croutons, Cheese Garlic, IW","Croutons, Cheese Garlic, IW 25-26"
2026-09-30,HS SS Satellite Lunch,HS SS Satellite Lunch,Lunch,Condiments,37455,"Ranch, Lite, PC","Ranch, Lite, PC 25-26"
2026-09-30,HS SS Satellite Lunch,HS SS Satellite Lunch,Lunch,Entrees,38056,"Bistro, Flatbread (C), Tuscan Chicken (CP) Sandwich","Bistro, Flatbread (C), Tuscan Chicken (CP) Sandwich 25-26"
2026-09-30,HS SS Satellite Lunch,HS SS Satellite Lunch,Lunch,Fruit Sides,37690,Applesauce,Applesauce 25-26
2026-09-30,HS SS Satellite Lunch,HS SS Satellite Lunch,Lunch,Fruit Sides,38118,"Juice, 100% Apple, 4oz (Shelf-stable)","Juice, 100% Apple, 4oz (Shelf-stable) 25-26"
2026-09-30,HS SS Satellite Lunch,HS SS Satellite Lunch,Lunch,Grain/Other Side,37310,"Chips, Baked Lays","Chips, Baked Lays 25-26"
2026-09-30,HS SS Satellite Lunch,HS SS Satellite Lunch,Lunch,Milk,37349,"Milk, 1% Plain Half Pint","Milk, 1% Plain Half Pint 25-26"
2026-09-30,HS SS Satellite Lunch,HS SS Satellite Lunch,Lunch,Milk,37351,"Milk, Skim Chocolate Half Pint","Milk, Skim Chocolate Half Pint 25-26"
2026-09-30,HS SS Satellite Lunch,HS SS Satellite Lunch,Lunch,Milk,37353,"Milk, Skim Plain Half Pint","Milk, Skim Plain Half Pint 25-26"
2026-09-30,HS SS Satellite Lunch,HS SS Satellite Lunch,Lunch,Vegetable Sides,37441,"Potato, Sweet, Roasted (P)","Potato, Sweet, Roasted (P) 25-26"
2026-09-30,HS SS Satellite Lunch,HS SS Satellite Lunch,Lunch,Vegetable Sides,38124,"Salad, Side, Romaine Chopped","Salad, Side, Romaine Chopped 25-26"
2026-09-30,HS Sack Lunch,HS Sack Lunch,Lunch,Condiments,37390,"Mayonnaise, PC","Mayonnaise, PC 25-26"
2026-09-30,HS Sack Lunch,HS Sack Lunch,Lunch,Condiments,37398,"Mustard, PC","Mustard, PC 25-26"
2026-09-30,HS Sack Lunch,HS Sack Lunch,Lunch,Condiments,37455,"Ranch, Lite, PC","Ranch, Lite, PC 25-26"
2026-09-30,HS Sack Lunch,HS Sack Lunch,Lunch,Entrees,37775,Turkey Breast (C) & Cheese (C) Pullman Sandwich (H/C),Turkey Breast (C) & Cheese (C) Pullman Sandwich (H/C) 25-26
2026-09-30,HS Sack Lunch,HS Sack Lunch,Lunch,Fruit Sides,38062,"Apple, Whole, Fuji","Apple, Whole, Fuji 25-26"
2026-09-30,HS Sack Lunch,HS Sack Lunch,Lunch,Fruit Sides,38122,"Juice, 100% Fruit Punch, 4oz (Shelf-stable)","Juice, 100% Fruit Punch, 4oz (Shelf-stable) 25-26"
2026-09-30,HS Sack Lunch,HS Sack Lunch,Lunch,Grain/Other Side,37310,"Chips, Baked Lays","Chips, Baked Lays 25-26"
2026-09-30,HS Sack Lunch,HS Sack Lunch,Lunch,Milk,37349,"Milk, 1% Plain Half Pint","Milk, 1% Plain Half Pint 25-26"
2026-09-30,HS Sack Lunch,HS Sack Lunch,Lunch,Milk,37351,"Milk, Skim Chocolate Half Pint","Milk, Skim Chocolate Half Pint 25-26"
2026-09-30,HS Sack Lunch,HS Sack Lunch,Lunch,Milk,37353,"Milk, Skim Plain Half Pint","Milk, Skim Plain Half Pint 25-26"
2026-09-30,HS Sack Lunch,HS Sack Lunch,Lunch,Vegetable Sides,38070,"Broccoli, Raw","Broccoli, Raw 25-26"
2026-09-30,HS Sack Lunch,HS Sack Lunch,Lunch,Vegetable Sides,38071,"Carrots, Baby Raw","Carrots, Baby Raw 25-26"
2026-09-30,HS Satellite Lunch,HS Satellite Lunch,Lunch,Condiments,37323,"Croutons, Cheese Garlic, IW","Croutons, Cheese Garlic, IW 25-26"
2026-09-30,HS Satellite Lunch,HS Satellite Lunch,Lunch,Condiments,37455,"Ranch, Lite, PC","Ranch, Lite, PC 25-26"
2026-09-30,HS Satellite Lunch,HS Satellite Lunch,Lunch,Entrees,38056,"Bistro, Flatbread (C), Tuscan Chicken (CP) Sandwich","Bistro, Flatbread (C), Tuscan Chicken (CP) Sandwich 25-26"
2026-09-30,HS Satellite Lunch,HS Satellite Lunch,Lunch,Fruit Sides,37690,Applesauce,Applesauce 25-26
2026-09-30,HS Satellite Lunch,HS Satellite Lunch,Lunch,Fruit Sides,38118,"Juice, 100% Apple, 4oz (Shelf-stable)","Juice, 100% Apple, 4oz (Shelf-stable) 25-26"
2026-09-30,HS Satellite Lunch,HS Satellite Lunch,Lunch,Grain/Other Side,37310,"Chips, Baked Lays","Chips, Baked Lays 25-26"
2026-09-30,HS Satellite Lunch,HS Satellite Lunch,Lunch,Milk,37349,"Milk, 1% Plain Half Pint","Milk, 1% Plain Half Pint 25-26"
2026-09-30,HS Satellite Lunch,HS Satellite Lunch,Lunch,Milk,37351,"Milk, Skim Chocolate Half Pint","Milk, Skim Chocolate Half Pint 25-26"
2026-09-30,HS Satellite Lunch,HS Satellite Lunch,Lunch,Milk,37353,"Milk, Skim Plain Half Pint","Milk, Skim Plain Half Pint 25-26"
2026-09-30,HS Satellite Lunch,HS Satellite Lunch,Lunch,Vegetable Sides,37441,"Potato, Sweet, Roasted (P)","Potato, Sweet, Roasted (P) 25-26"
2026-09-30,HS Satellite Lunch,HS Satellite Lunch,Lunch,Vegetable Sides,38124,"Salad, Side, Romaine Chopped","Salad, Side, Romaine Chopped 25-26"
2026-09-30,HS Snack Favorites,HS Favorites,Snack,Condiments,37323,"Croutons, Cheese Garlic, IW","Croutons, Cheese Garlic, IW 25-26"
2026-09-30,HS Snack Favorites,HS Favorites,Snack,Condiments,37842,"Ketchup, PC (P)","Ketchup, PC (P) 25-26"
2026-09-30,HS Snack Favorites,HS Favorites,Snack,Condiments,37455,"Ranch, Lite, PC","Ranch, Lite, PC 25-26"
2026-09-30,HS Snack Favorites,HS Favorites,Snack,Condiments,37883,"Sauce, BBQ Dunk Cup, PC (P)","Sauce, BBQ Dunk Cup, PC (P) 25-26"
2026-09-30,HS Snack Favorites,HS Favorites,Snack,Condiments,37929,"Sauce, Hot Sauce TX Pete's PC","Sauce, Hot Sauce TX Pete's PC 25-26"
2026-09-30,HS Snack Favorites,HS Favorites,Snack,Entrees,37678,"Chicken, Tenders, Nashville Hot w/1 oz Roll (C)","Chicken, Tenders, Nashville Hot w/1 oz Roll (C) 25-26"
2026-09-30,HS Snack Favorites,HS Favorites,Snack,Entrees,37919,Macaroni and Cheese (C) w/Cornbread Poppers (C),Macaroni and Cheese (C) w/Cornbread Poppers (C) 25-26
2026-09-30,HS Snack Favorites,HS Favorites,Snack,Entrees,38255,"Pizza (CP), Pepperoni (Beef), 8 Cut","Pizza (CP), Pepperoni (Beef), 8 Cut 26-27"
2026-09-30,HS Snack Favorites,HS Favorites,Snack,Fruit Sides,37690,Applesauce,Applesauce 25-26
2026-09-30,HS Snack Favorites,HS Favorites,Snack,Fruit Sides,38118,"Juice, 100% Apple, 4oz (Shelf-stable)","Juice, 100% Apple, 4oz (Shelf-stable) 25-26"
2026-09-30,HS Snack Favorites,HS Favorites,Snack,Grain/Other Side,37310,"Chips, Baked Lays","Chips, Baked Lays 25-26"
2026-09-30,HS Snack Favorites,HS Favorites,Snack,Grain/Other Side,37459,"Pudding, Chocolate","Pudding, Chocolate 25-26"
2026-09-30,HS Snack Favorites,HS Favorites,Snack,Milk,37349,"Milk, 1% Plain Half Pint","Milk, 1% Plain Half Pint 25-26"
2026-09-30,HS Snack Favorites,HS Favorites,Snack,Milk,37351,"Milk, Skim Chocolate Half Pint","Milk, Skim Chocolate Half Pint 25-26"
2026-09-30,HS Snack Favorites,HS Favorites,Snack,Milk,37353,"Milk, Skim Plain Half Pint","Milk, Skim Plain Half Pint 25-26"
2026-09-30,HS Snack Favorites,HS Favorites,Snack,Vegetable Sides,37441,"Potato, Sweet, Roasted (P)","Potato, Sweet, Roasted (P) 25-26"
2026-09-30,HS Snack Favorites,HS Favorites,Snack,Vegetable Sides,38124,"Salad, Side, Romaine Chopped","Salad, Side, Romaine Chopped 25-26"
2026-09-30,K-12 Snack,K-12 Snack,Snack,Entrees,37460,Pretzel,Pretzel 25-26
2026-09-30,K-12 Snack,K-12 Snack,Snack,Fruit Sides,38182,"Apple, Whole, Red Delicious","Apple, Whole, Red Delicious 25-26"
2026-09-30,K-8 Lunch,K-8 Lunch,Lunch,Condiments,37323,"Croutons, Cheese Garlic, IW","Croutons, Cheese Garlic, IW 25-26"
2026-09-30,K-8 Lunch,K-8 Lunch,Lunch,Condiments,38262,"Dipping Sauce, Marinara (P)","Dipping Sauce, Marinara (P) 25-26"
2026-09-30,K-8 Lunch,K-8 Lunch,Lunch,Condiments,37455,"Ranch, Lite, PC","Ranch, Lite, PC 25-26"
2026-09-30,K-8 Lunch,K-8 Lunch,Lunch,Entrees,38056,"Bistro, Flatbread (C), Tuscan Chicken (CP) Sandwich","Bistro, Flatbread (C), Tuscan Chicken (CP) Sandwich 25-26"
2026-09-30,K-8 Lunch,K-8 Lunch,Lunch,Entrees,37304,Cheesy Breadstick Bites (C),Cheesy Breadstick Bites (C) 25-26
2026-09-30,K-8 Lunch,K-8 Lunch,Lunch,Entrees,37591,"Sandwich, Soy Butter and Jelly IW","Sandwich, Soy Butter and Jelly IW 25-26"
2026-09-30,K-8 Lunch,K-8 Lunch,Lunch,Fruit Sides,37690,Applesauce,Applesauce 25-26
2026-09-30,K-8 Lunch,K-8 Lunch,Lunch,Milk,37349,"Milk, 1% Plain Half Pint","Milk, 1% Plain Half Pint 25-26"
2026-09-30,K-8 Lunch,K-8 Lunch,Lunch,Milk,37351,"Milk, Skim Chocolate Half Pint","Milk, Skim Chocolate Half Pint 25-26"
2026-09-30,K-8 Lunch,K-8 Lunch,Lunch,Milk,37353,"Milk, Skim Plain Half Pint","Milk, Skim Plain Half Pint 25-26"
2026-09-30,K-8 Lunch,K-8 Lunch,Lunch,Vegetable Sides,37441,"Potato, Sweet, Roasted (P)","Potato, Sweet, Roasted (P) 25-26"
2026-09-30,K-8 Lunch,K-8 Lunch,Lunch,Vegetable Sides,38124,"Salad, Side, Romaine Chopped","Salad, Side, Romaine Chopped 25-26"
2026-09-30,K-8 Sack Lunch,K-8 Sack Lunch,Lunch,Condiments,37398,"Mustard, PC","Mustard, PC 25-26"
2026-09-30,K-8 Sack Lunch,K-8 Sack Lunch,Lunch,Condiments,37455,"Ranch, Lite, PC","Ranch, Lite, PC 25-26"
2026-09-30,K-8 Sack Lunch,K-8 Sack Lunch,Lunch,Entrees,37899,Turkey Ham (C) & American Cheese (C) Hoagie (H/C),Turkey Ham (C) & American Cheese (C) Hoagie (H/C) 25-26
2026-09-30,K-8 Sack Lunch,K-8 Sack Lunch,Lunch,Fruit Sides,38062,"Apple, Whole, Fuji","Apple, Whole, Fuji 25-26"
2026-09-30,K-8 Sack Lunch,K-8 Sack Lunch,Lunch,Milk,37349,"Milk, 1% Plain Half Pint","Milk, 1% Plain Half Pint 25-26"
2026-09-30,K-8 Sack Lunch,K-8 Sack Lunch,Lunch,Milk,37351,"Milk, Skim Chocolate Half Pint","Milk, Skim Chocolate Half Pint 25-26"
2026-09-30,K-8 Sack Lunch,K-8 Sack Lunch,Lunch,Milk,37353,"Milk, Skim Plain Half Pint","Milk, Skim Plain Half Pint 25-26"
2026-09-30,K-8 Sack Lunch,K-8 Sack Lunch,Lunch,Vegetable Sides,38070,"Broccoli, Raw","Broccoli, Raw 25-26"
2026-09-30,K-8 Sack Lunch,K-8 Sack Lunch,Lunch,Vegetable Sides,38071,"Carrots, Baby Raw","Carrots, Baby Raw 25-26"
2026-09-30,K-8 Satellite Lunch,K-8 Satellite Lunch,Lunch,Condiments,37323,"Croutons, Cheese Garlic, IW","Croutons, Cheese Garlic, IW 25-26"
2026-09-30,K-8 Satellite Lunch,K-8 Satellite Lunch,Lunch,Condiments,37455,"Ranch, Lite, PC","Ranch, Lite, PC 25-26"
2026-09-30,K-8 Satellite Lunch,K-8 Satellite Lunch,Lunch,Entrees,38056,"Bistro, Flatbread (C), Tuscan Chicken (CP) Sandwich","Bistro, Flatbread (C), Tuscan Chicken (CP) Sandwich 25-26"
2026-09-30,K-8 Satellite Lunch,K-8 Satellite Lunch,Lunch,Fruit Sides,37690,Applesauce,Applesauce 25-26
2026-09-30,K-8 Satellite Lunch,K-8 Satellite Lunch,Lunch,Milk,37349,"Milk, 1% Plain Half Pint","Milk, 1% Plain Half Pint 25-26"
2026-09-30,K-8 Satellite Lunch,K-8 Satellite Lunch,Lunch,Milk,37351,"Milk, Skim Chocolate Half Pint","Milk, Skim Chocolate Half Pint 25-26"
2026-09-30,K-8 Satellite Lunch,K-8 Satellite Lunch,Lunch,Milk,37353,"Milk, Skim Plain Half Pint","Milk, Skim Plain Half Pint 25-26"
2026-09-30,K-8 Satellite Lunch,K-8 Satellite Lunch,Lunch,Vegetable Sides,37441,"Potato, Sweet, Roasted (P)","Potato, Sweet, Roasted (P) 25-26"
2026-09-30,K-8 Satellite Lunch,K-8 Satellite Lunch,Lunch,Vegetable Sides,38124,"Salad, Side, Romaine Chopped","Salad, Side, Romaine Chopped 25-26"
2026-09-30,MS Snack Favorites,MS Favorites,Snack,Condiments,37323,"Croutons, Cheese Garlic, IW","Croutons, Cheese Garlic, IW 25-26"
2026-09-30,MS Snack Favorites,MS Favorites,Snack,Condiments,37842,"Ketchup, PC (P)","Ketchup, PC (P) 25-26"
2026-09-30,MS Snack Favorites,MS Favorites,Snack,Condiments,37455,"Ranch, Lite, PC","Ranch, Lite, PC 25-26"
2026-09-30,MS Snack Favorites,MS Favorites,Snack,Condiments,37883,"Sauce, BBQ Dunk Cup, PC (P)","Sauce, BBQ Dunk Cup, PC (P) 25-26"
2026-09-30,MS Snack Favorites,MS Favorites,Snack,Entrees,38257,"Chicken, Tenders (CP) W/Breadstick, Cheesy Garlic","Chicken, Tenders (CP) W/Breadstick, Cheesy Garlic 26-27"
2026-09-30,MS Snack Favorites,MS Favorites,Snack,Entrees,37919,Macaroni and Cheese (C) w/Cornbread Poppers (C),Macaroni and Cheese (C) w/Cornbread Poppers (C) 25-26
2026-09-30,MS Snack Favorites,MS Favorites,Snack,Entrees,38255,"Pizza (CP), Pepperoni (Beef), 8 Cut","Pizza (CP), Pepperoni (Beef), 8 Cut 26-27"
2026-09-30,MS Snack Favorites,MS Favorites,Snack,Fruit Sides,37690,Applesauce,Applesauce 25-26
2026-09-30,MS Snack Favorites,MS Favorites,Snack,Milk,37349,"Milk, 1% Plain Half Pint","Milk, 1% Plain Half Pint 25-26"
2026-09-30,MS Snack Favorites,MS Favorites,Snack,Milk,37351,"Milk, Skim Chocolate Half Pint","Milk, Skim Chocolate Half Pint 25-26"
2026-09-30,MS Snack Favorites,MS Favorites,Snack,Milk,37353,"Milk, Skim Plain Half Pint","Milk, Skim Plain Half Pint 25-26"
2026-09-30,MS Snack Favorites,MS Favorites,Snack,Vegetable Sides,37441,"Potato, Sweet, Roasted (P)","Potato, Sweet, Roasted (P) 25-26"
2026-09-30,MS Snack Favorites,MS Favorites,Snack,Vegetable Sides,38124,"Salad, Side, Romaine Chopped","Salad, Side, Romaine Chopped 25-26"
2026-09-30,Pre-K Lunch SS,PreK Lunch SS,Lunch,Condiments,38262,"Dipping Sauce, Marinara (P)","Dipping Sauce, Marinara (P) 25-26"
2026-09-30,Pre-K Lunch SS,PreK Lunch SS,Lunch,Entrees,37304,Cheesy Breadstick Bites (C),Cheesy Breadstick Bites (C) 25-26
2026-09-30,Pre-K Lunch SS,PreK Lunch SS,Lunch,Fruit Sides,37490,"PreK, Applesauce ¼ cup","PreK, Applesauce ¼ cup 25-26"
2026-09-30,Pre-K Lunch SS,PreK Lunch SS,Lunch,Milk,37349,"Milk, 1% Plain Half Pint","Milk, 1% Plain Half Pint 25-26"
2026-09-30,Pre-K Lunch SS,PreK Lunch SS,Lunch,Vegetable Sides,37463,"PreK, Sweet Potato, Roasted (P) 1/4 cup","PreK, Sweet Potato, Roasted (P) 1/4 cup 25-26"
2026-09-30,PreK Snack,PreK Snack,Snack,Entrees,37460,Pretzel,Pretzel 25-26
2026-09-30,PreK Snack,PreK Snack,Snack,Fruit Sides,37456,Raisins (P),Raisins (P) 25-26
2026-10-01,Breakfast SS K-12,Breakfast SS K-12,Breakfast,Fruit,37633,"Fruit, Pear Cup, Individual, (C)","Fruit, Pear Cup, Individual, (C) 25-26"
2026-10-01,Breakfast SS K-12,Breakfast SS K-12,Breakfast,Fruit,38118,"Juice, 100% Apple, 4oz (Shelf-stable)","Juice, 100% Apple, 4oz (Shelf-stable) 25-26"
2026-10-01,Breakfast SS K-12,Breakfast SS K-12,Breakfast,Grain/ M/MA,37674,"Breakfast, Wrap, Turkey Sausage Crumbles, Egg and Cheese IW (C)","Breakfast, Wrap, Turkey Sausage Crumbles, Egg and Cheese IW (C) 25-26"
2026-10-01,Breakfast SS K-12,Breakfast SS K-12,Breakfast,Milk,37349,"Milk, 1% Plain Half Pint","Milk, 1% Plain Half Pint 25-26"
2026-10-01,Breakfast SS K-12,Breakfast SS K-12,Breakfast,Milk,37353,"Milk, Skim Plain Half Pint","Milk, Skim Plain Half Pint 25-26"
2026-10-01,Breakfast SS Pre-K,Breakfast SS PreK,Breakfast,Fruit,37633,"Fruit, Pear Cup, Individual, (C)","Fruit, Pear Cup, Individual, (C) 25-26"
2026-10-01,Breakfast SS Pre-K,Breakfast SS PreK,Breakfast,Grain/ M/MA,37674,"Breakfast, Wrap, Turkey Sausage Crumbles, Egg and Cheese IW (C)","Breakfast, Wrap, Turkey Sausage Crumbles, Egg and Cheese IW (C) 25-26"
2026-10-01,Breakfast SS Pre-K,Breakfast SS PreK,Breakfast,Milk,37349,"Milk, 1% Plain Half Pint","Milk, 1% Plain Half Pint 25-26"
2026-10-01,Breakfast Traditional OVS K-12,Breakfast Traditional OVS K-12,Breakfast,Condiments/ Side,37929,"Sauce, Hot Sauce TX Pete's PC","Sauce, Hot Sauce TX Pete's PC 25-26"
2026-10-01,Breakfast Traditional OVS K-12,Breakfast Traditional OVS K-12,Breakfast,Condiments/ Side,37884,"Sauce, Salsa Cup (P)","Sauce, Salsa Cup (P) 25-26"
2026-10-01,Breakfast Traditional OVS K-12,Breakfast Traditional OVS K-12,Breakfast,Condiments/ Side,37446,"Snack Mix, Cracker, Strawberry Yogurt","Snack Mix, Cracker, Strawberry Yogurt 25-26"
2026-10-01,Breakfast Traditional OVS K-12,Breakfast Traditional OVS K-12,Breakfast,Fruit,37633,"Fruit, Pear Cup, Individual, (C)","Fruit, Pear Cup, Individual, (C) 25-26"
2026-10-01,Breakfast Traditional OVS K-12,Breakfast Traditional OVS K-12,Breakfast,Fruit,38118,"Juice, 100% Apple, 4oz (Shelf-stable)","Juice, 100% Apple, 4oz (Shelf-stable) 25-26"
2026-10-01,Breakfast Traditional OVS K-12,Breakfast Traditional OVS K-12,Breakfast,Grain/ M/MA,37663,"Breakfast Bundle, Cinnamon Toast Crunch Cereal w/Mozzarella Cheese Stick (C)","Breakfast Bundle, Cinnamon Toast Crunch Cereal w/Mozzarella Cheese Stick (C) 25-26"
2026-10-01,Breakfast Traditional OVS K-12,Breakfast Traditional OVS K-12,Breakfast,Grain/ M/MA,37674,"Breakfast, Wrap, Turkey Sausage Crumbles, Egg and Cheese IW (C)","Breakfast, Wrap, Turkey Sausage Crumbles, Egg and Cheese IW (C) 25-26"
2026-10-01,Breakfast Traditional OVS K-12,Breakfast Traditional OVS K-12,Breakfast,Milk,37349,"Milk, 1% Plain Half Pint","Milk, 1% Plain Half Pint 25-26"
2026-10-01,Breakfast Traditional OVS K-12,Breakfast Traditional OVS K-12,Breakfast,Milk,37353,"Milk, Skim Plain Half Pint","Milk, Skim Plain Half Pint 25-26"
2026-10-01,CACFP Cold Dinner,CACFP Cold Dinner,Dinner,Condiments,37455,"Ranch, Lite, PC","Ranch, Lite, PC 25-26"
2026-10-01,CACFP Cold Dinner,CACFP Cold Dinner,Dinner,Entrees,38216,"Sandwich, Soy Butter and Strawberry Jelly IW","Sandwich, Soy Butter and Strawberry Jelly IW 25-26"
2026-10-01,CACFP Cold Dinner,CACFP Cold Dinner,Dinner,Fruit Sides,37456,Raisins (P),Raisins (P) 25-26
2026-10-01,CACFP Cold Dinner,CACFP Cold Dinner,Dinner,Milk,37349,"Milk, 1% Plain Half Pint","Milk, 1% Plain Half Pint 25-26"
2026-10-01,CACFP Cold Dinner,CACFP Cold Dinner,Dinner,Milk,37351,"Milk, Skim Chocolate Half Pint","Milk, Skim Chocolate Half Pint 25-26"
2026-10-01,CACFP Cold Dinner,CACFP Cold Dinner,Dinner,Vegetable Sides,38071,"Carrots, Baby Raw","Carrots, Baby Raw 25-26"
2026-10-01,CACFP Hot Dinner,CACFP Hot Dinner,Dinner,Condiments,38262,"Dipping Sauce, Marinara (P)","Dipping Sauce, Marinara (P) 25-26"
2026-10-01,CACFP Hot Dinner,CACFP Hot Dinner,Dinner,Condiments,37455,"Ranch, Lite, PC","Ranch, Lite, PC 25-26"
2026-10-01,CACFP Hot Dinner,CACFP Hot Dinner,Dinner,Entrees,37940,"Calzone, Mini Cheese","Calzone, Mini Cheese 25-26"
2026-10-01,CACFP Hot Dinner,CACFP Hot Dinner,Dinner,Fruit Sides,38123,"Craisins, Dried, Cherry","Craisins, Dried, Cherry 25-26"
2026-10-01,CACFP Hot Dinner,CACFP Hot Dinner,Dinner,Milk,37349,"Milk, 1% Plain Half Pint","Milk, 1% Plain Half Pint 25-26"
2026-10-01,CACFP Hot Dinner,CACFP Hot Dinner,Dinner,Milk,37351,"Milk, Skim Chocolate Half Pint","Milk, Skim Chocolate Half Pint 25-26"
2026-10-01,CACFP Hot Dinner,CACFP Hot Dinner,Dinner,Vegetable Sides,37290,"Broccoli, Frozen, Butter Buds, Fajita","Broccoli, Frozen, Butter Buds, Fajita 25-26"
2026-10-01,HS Homestyle Lunch,HS Homestyle Lunch,Lunch,Condiments,37842,"Ketchup, PC (P)","Ketchup, PC (P) 25-26"
2026-10-01,HS Homestyle Lunch,HS Homestyle Lunch,Lunch,Condiments,37455,"Ranch, Lite, PC","Ranch, Lite, PC 25-26"
2026-10-01,HS Homestyle Lunch,HS Homestyle Lunch,Lunch,Condiments,37883,"Sauce, BBQ Dunk Cup, PC (P)","Sauce, BBQ Dunk Cup, PC (P) 25-26"
2026-10-01,HS Homestyle Lunch,HS Homestyle Lunch,Lunch,Condiments,37929,"Sauce, Hot Sauce TX Pete's PC","Sauce, Hot Sauce TX Pete's PC 25-26"
2026-10-01,HS Homestyle Lunch,HS Homestyle Lunch,Lunch,Condiments,37884,"Sauce, Salsa Cup (P)","Sauce, Salsa Cup (P) 25-26"
2026-10-01,HS Homestyle Lunch,HS Homestyle Lunch,Lunch,Condiments,37443,"Tajin, PC","Tajin, PC 25-26"
2026-10-01,HS Homestyle Lunch,HS Homestyle Lunch,Lunch,Entrees,37537,"Burrito, Beef & Cheese (C) W/Cheese Sauce (C)","Burrito, Beef & Cheese (C) W/Cheese Sauce (C) 25-26"
2026-10-01,HS Homestyle Lunch,HS Homestyle Lunch,Lunch,Entrees,38257,"Chicken, Tenders (CP) W/Breadstick, Cheesy Garlic","Chicken, Tenders (CP) W/Breadstick, Cheesy Garlic 26-27"
2026-10-01,HS Homestyle Lunch,HS Homestyle Lunch,Lunch,Entrees,37591,"Sandwich, Soy Butter and Jelly IW","Sandwich, Soy Butter and Jelly IW 25-26"
2026-10-01,HS Homestyle Lunch,HS Homestyle Lunch,Lunch,Fruit Sides,38118,"Juice, 100% Apple, 4oz (Shelf-stable)","Juice, 100% Apple, 4oz (Shelf-stable) 25-26"
2026-10-01,HS Homestyle Lunch,HS Homestyle Lunch,Lunch,Fruit Sides,38089,"Peach, Nectarine, Whole","Peach, Nectarine, Whole 25-26"
2026-10-01,HS Homestyle Lunch,HS Homestyle Lunch,Lunch,Grain/Other Side,37310,"Chips, Baked Lays","Chips, Baked Lays 25-26"
2026-10-01,HS Homestyle Lunch,HS Homestyle Lunch,Lunch,Grain/Other Side,37459,"Pudding, Chocolate","Pudding, Chocolate 25-26"
2026-10-01,HS Homestyle Lunch,HS Homestyle Lunch,Lunch,Milk,37349,"Milk, 1% Plain Half Pint","Milk, 1% Plain Half Pint 25-26"
2026-10-01,HS Homestyle Lunch,HS Homestyle Lunch,Lunch,Milk,37351,"Milk, Skim Chocolate Half Pint","Milk, Skim Chocolate Half Pint 25-26"
2026-10-01,HS Homestyle Lunch,HS Homestyle Lunch,Lunch,Milk,37353,"Milk, Skim Plain Half Pint","Milk, Skim Plain Half Pint 25-26"
2026-10-01,HS Homestyle Lunch,HS Homestyle Lunch,Lunch,Vegetable Sides,38093,"Cucumber Slices, Raw Whole","Cucumber Slices, Raw Whole 25-26"
2026-10-01,HS Homestyle Lunch,HS Homestyle Lunch,Lunch,Vegetable Sides,37327,"Fries, Seasoned, Curly (C)","Fries, Seasoned, Curly (C) 25-26"
2026-10-01,HS SS Satellite Lunch,HS SS Satellite Lunch,Lunch,Condiments,37842,"Ketchup, PC (P)","Ketchup, PC (P) 25-26"
2026-10-01,HS SS Satellite Lunch,HS SS Satellite Lunch,Lunch,Condiments,37929,"Sauce, Hot Sauce TX Pete's PC","Sauce, Hot Sauce TX Pete's PC 25-26"
2026-10-01,HS SS Satellite Lunch,HS SS Satellite Lunch,Lunch,Condiments,37884,"Sauce, Salsa Cup (P)","Sauce, Salsa Cup (P) 25-26"
2026-10-01,HS SS Satellite Lunch,HS SS Satellite Lunch,Lunch,Condiments,37443,"Tajin, PC","Tajin, PC 25-26"
2026-10-01,HS SS Satellite Lunch,HS SS Satellite Lunch,Lunch,Entrees,37537,"Burrito, Beef & Cheese (C) W/Cheese Sauce (C)","Burrito, Beef & Cheese (C) W/Cheese Sauce (C) 25-26"
2026-10-01,HS SS Satellite Lunch,HS SS Satellite Lunch,Lunch,Fruit Sides,38118,"Juice, 100% Apple, 4oz (Shelf-stable)","Juice, 100% Apple, 4oz (Shelf-stable) 25-26"
2026-10-01,HS SS Satellite Lunch,HS SS Satellite Lunch,Lunch,Fruit Sides,38089,"Peach, Nectarine, Whole","Peach, Nectarine, Whole 25-26"
2026-10-01,HS SS Satellite Lunch,HS SS Satellite Lunch,Lunch,Milk,37349,"Milk, 1% Plain Half Pint","Milk, 1% Plain Half Pint 25-26"
2026-10-01,HS SS Satellite Lunch,HS SS Satellite Lunch,Lunch,Milk,37351,"Milk, Skim Chocolate Half Pint","Milk, Skim Chocolate Half Pint 25-26"
2026-10-01,HS SS Satellite Lunch,HS SS Satellite Lunch,Lunch,Milk,37353,"Milk, Skim Plain Half Pint","Milk, Skim Plain Half Pint 25-26"
2026-10-01,HS SS Satellite Lunch,HS SS Satellite Lunch,Lunch,Vegetable Sides,38093,"Cucumber Slices, Raw Whole","Cucumber Slices, Raw Whole 25-26"
2026-10-01,HS SS Satellite Lunch,HS SS Satellite Lunch,Lunch,Vegetable Sides,37328,"Fries, Seasoned, Wedge (C)","Fries, Seasoned, Wedge (C) 25-26"
2026-10-01,HS Sack Lunch,HS Sack Lunch,Lunch,Condiments,37390,"Mayonnaise, PC","Mayonnaise, PC 25-26"
2026-10-01,HS Sack Lunch,HS Sack Lunch,Lunch,Condiments,37455,"Ranch, Lite, PC","Ranch, Lite, PC 25-26"
2026-10-01,HS Sack Lunch,HS Sack Lunch,Lunch,Entrees,37899,Turkey Ham (C) & American Cheese (C) Hoagie (H/C),Turkey Ham (C) & American Cheese (C) Hoagie (H/C) 25-26
2026-10-01,HS Sack Lunch,HS Sack Lunch,Lunch,Fruit Sides,38062,"Apple, Whole, Fuji","Apple, Whole, Fuji 25-26"
2026-10-01,HS Sack Lunch,HS Sack Lunch,Lunch,Fruit Sides,38122,"Juice, 100% Fruit Punch, 4oz (Shelf-stable)","Juice, 100% Fruit Punch, 4oz (Shelf-stable) 25-26"
2026-10-01,HS Sack Lunch,HS Sack Lunch,Lunch,Milk,37349,"Milk, 1% Plain Half Pint","Milk, 1% Plain Half Pint 25-26"
2026-10-01,HS Sack Lunch,HS Sack Lunch,Lunch,Milk,37351,"Milk, Skim Chocolate Half Pint","Milk, Skim Chocolate Half Pint 25-26"
2026-10-01,HS Sack Lunch,HS Sack Lunch,Lunch,Milk,37353,"Milk, Skim Plain Half Pint","Milk, Skim Plain Half Pint 25-26"
2026-10-01,HS Sack Lunch,HS Sack Lunch,Lunch,Vegetable Sides,38064,"Bean, Pinto Salad","Bean, Pinto Salad 25-26"
2026-10-01,HS Sack Lunch,HS Sack Lunch,Lunch,Vegetable Sides,38093,"Cucumber Slices, Raw Whole","Cucumber Slices, Raw Whole 25-26"
2026-10-01,HS Satellite Lunch,HS Satellite Lunch,Lunch,Condiments,37842,"Ketchup, PC (P)","Ketchup, PC (P) 25-26"
2026-10-01,HS Satellite Lunch,HS Satellite Lunch,Lunch,Condiments,37929,"Sauce, Hot Sauce TX Pete's PC","Sauce, Hot Sauce TX Pete's PC 25-26"
2026-10-01,HS Satellite Lunch,HS Satellite Lunch,Lunch,Condiments,37884,"Sauce, Salsa Cup (P)","Sauce, Salsa Cup (P) 25-26"
2026-10-01,HS Satellite Lunch,HS Satellite Lunch,Lunch,Condiments,37443,"Tajin, PC","Tajin, PC 25-26"
2026-10-01,HS Satellite Lunch,HS Satellite Lunch,Lunch,Entrees,37537,"Burrito, Beef & Cheese (C) W/Cheese Sauce (C)","Burrito, Beef & Cheese (C) W/Cheese Sauce (C) 25-26"
2026-10-01,HS Satellite Lunch,HS Satellite Lunch,Lunch,Fruit Sides,38118,"Juice, 100% Apple, 4oz (Shelf-stable)","Juice, 100% Apple, 4oz (Shelf-stable) 25-26"
2026-10-01,HS Satellite Lunch,HS Satellite Lunch,Lunch,Fruit Sides,38089,"Peach, Nectarine, Whole","Peach, Nectarine, Whole 25-26"
2026-10-01,HS Satellite Lunch,HS Satellite Lunch,Lunch,Milk,37349,"Milk, 1% Plain Half Pint","Milk, 1% Plain Half Pint 25-26"
2026-10-01,HS Satellite Lunch,HS Satellite Lunch,Lunch,Milk,37351,"Milk, Skim Chocolate Half Pint","Milk, Skim Chocolate Half Pint 25-26"
2026-10-01,HS Satellite Lunch,HS Satellite Lunch,Lunch,Milk,37353,"Milk, Skim Plain Half Pint","Milk, Skim Plain Half Pint 25-26"
2026-10-01,HS Satellite Lunch,HS Satellite Lunch,Lunch,Vegetable Sides,38093,"Cucumber Slices, Raw Whole","Cucumber Slices, Raw Whole 25-26"
2026-10-01,HS Satellite Lunch,HS Satellite Lunch,Lunch,Vegetable Sides,37328,"Fries, Seasoned, Wedge (C)","Fries, Seasoned, Wedge (C) 25-26"
2026-10-01,HS Snack Favorites,HS Favorites,Snack,Condiments,38262,"Dipping Sauce, Marinara (P)","Dipping Sauce, Marinara (P) 25-26"
2026-10-01,HS Snack Favorites,HS Favorites,Snack,Condiments,37842,"Ketchup, PC (P)","Ketchup, PC (P) 25-26"
2026-10-01,HS Snack Favorites,HS Favorites,Snack,Condiments,37455,"Ranch, Lite, PC","Ranch, Lite, PC 25-26"
2026-10-01,HS Snack Favorites,HS Favorites,Snack,Condiments,37914,"Sauce, Guacamole","Sauce, Guacamole 25-26"
2026-10-01,HS Snack Favorites,HS Favorites,Snack,Condiments,37929,"Sauce, Hot Sauce TX Pete's PC","Sauce, Hot Sauce TX Pete's PC 25-26"
2026-10-01,HS Snack Favorites,HS Favorites,Snack,Condiments,37884,"Sauce, Salsa Cup (P)","Sauce, Salsa Cup (P) 25-26"
2026-10-01,HS Snack Favorites,HS Favorites,Snack,Condiments,37913,"Sour Cream, Individual PC,","Sour Cream, Individual PC, 25-26"
2026-10-01,HS Snack Favorites,HS Favorites,Snack,Condiments,37443,"Tajin, PC","Tajin, PC 25-26"
2026-10-01,HS Snack Favorites,HS Favorites,Snack,Entrees,37495,"Beef Taco Meat, Nachos (C)","Beef Taco Meat, Nachos (C) 25-26"
2026-10-01,HS Snack Favorites,HS Favorites,Snack,Entrees,37537,"Burrito, Beef & Cheese (C) W/Cheese Sauce (C)","Burrito, Beef & Cheese (C) W/Cheese Sauce (C) 25-26"
2026-10-01,HS Snack Favorites,HS Favorites,Snack,Entrees,37389,"Cheesy Breadstick Bites, Jalapeno (C)","Cheesy Breadstick Bites, Jalapeno (C) 25-26"
2026-10-01,HS Snack Favorites,HS Favorites,Snack,Fruit Sides,38118,"Juice, 100% Apple, 4oz (Shelf-stable)","Juice, 100% Apple, 4oz (Shelf-stable) 25-26"
2026-10-01,HS Snack Favorites,HS Favorites,Snack,Fruit Sides,38089,"Peach, Nectarine, Whole","Peach, Nectarine, Whole 25-26"
2026-10-01,HS Snack Favorites,HS Favorites,Snack,Grain/Other Side,37397,"Muffin, Corn (IW)","Muffin, Corn (IW) 25-26"
2026-10-01,HS Snack Favorites,HS Favorites,Snack,Grain/Other Side,37459,"Pudding, Chocolate","Pudding, Chocolate 25-26"
2026-10-01,HS Snack Favorites,HS Favorites,Snack,Milk,37349,"Milk, 1% Plain Half Pint","Milk, 1% Plain Half Pint 25-26"
2026-10-01,HS Snack Favorites,HS Favorites,Snack,Milk,37351,"Milk, Skim Chocolate Half Pint","Milk, Skim Chocolate Half Pint 25-26"
2026-10-01,HS Snack Favorites,HS Favorites,Snack,Milk,37353,"Milk, Skim Plain Half Pint","Milk, Skim Plain Half Pint 25-26"
2026-10-01,HS Snack Favorites,HS Favorites,Snack,Vegetable Sides,38093,"Cucumber Slices, Raw Whole","Cucumber Slices, Raw Whole 25-26"
2026-10-01,HS Snack Favorites,HS Favorites,Snack,Vegetable Sides,37327,"Fries, Seasoned, Curly (C)","Fries, Seasoned, Curly (C) 25-26"
2026-10-01,K-12 Snack,K-12 Snack,Snack,Entrees,37445,"Snack, Cracker, Cheese","Snack, Cracker, Cheese 25-26"
2026-10-01,K-12 Snack,K-12 Snack,Snack,Fruit Sides,38131,"Juice, 100% Apple, 6oz (Shelf-stable)","Juice, 100% Apple, 6oz (Shelf-stable) 25-26"
2026-10-01,K-8 Lunch,K-8 Lunch,Lunch,Condiments,37842,"Ketchup, PC (P)","Ketchup, PC (P) 25-26"
2026-10-01,K-8 Lunch,K-8 Lunch,Lunch,Condiments,37455,"Ranch, Lite, PC","Ranch, Lite, PC 25-26"
2026-10-01,K-8 Lunch,K-8 Lunch,Lunch,Condiments,37883,"Sauce, BBQ Dunk Cup, PC (P)","Sauce, BBQ Dunk Cup, PC (P) 25-26"
2026-10-01,K-8 Lunch,K-8 Lunch,Lunch,Condiments,37929,"Sauce, Hot Sauce TX Pete's PC","Sauce, Hot Sauce TX Pete's PC 25-26"
2026-10-01,K-8 Lunch,K-8 Lunch,Lunch,Condiments,37884,"Sauce, Salsa Cup (P)","Sauce, Salsa Cup (P) 25-26"
2026-10-01,K-8 Lunch,K-8 Lunch,Lunch,Condiments,37443,"Tajin, PC","Tajin, PC 25-26"
2026-10-01,K-8 Lunch,K-8 Lunch,Lunch,Entrees,37537,"Burrito, Beef & Cheese (C) W/Cheese Sauce (C)","Burrito, Beef & Cheese (C) W/Cheese Sauce (C) 25-26"
2026-10-01,K-8 Lunch,K-8 Lunch,Lunch,Entrees,38257,"Chicken, Tenders (CP) W/Breadstick, Cheesy Garlic","Chicken, Tenders (CP) W/Breadstick, Cheesy Garlic 26-27"
2026-10-01,K-8 Lunch,K-8 Lunch,Lunch,Entrees,37591,"Sandwich, Soy Butter and Jelly IW","Sandwich, Soy Butter and Jelly IW 25-26"
2026-10-01,K-8 Lunch,K-8 Lunch,Lunch,Fruit Sides,38089,"Peach, Nectarine, Whole","Peach, Nectarine, Whole 25-26"
2026-10-01,K-8 Lunch,K-8 Lunch,Lunch,Milk,37349,"Milk, 1% Plain Half Pint","Milk, 1% Plain Half Pint 25-26"
2026-10-01,K-8 Lunch,K-8 Lunch,Lunch,Milk,37351,"Milk, Skim Chocolate Half Pint","Milk, Skim Chocolate Half Pint 25-26"
2026-10-01,K-8 Lunch,K-8 Lunch,Lunch,Milk,37353,"Milk, Skim Plain Half Pint","Milk, Skim Plain Half Pint 25-26"
2026-10-01,K-8 Lunch,K-8 Lunch,Lunch,Vegetable Sides,38093,"Cucumber Slices, Raw Whole","Cucumber Slices, Raw Whole 25-26"
2026-10-01,K-8 Lunch,K-8 Lunch,Lunch,Vegetable Sides,37327,"Fries, Seasoned, Curly (C)","Fries, Seasoned, Curly (C) 25-26"
2026-10-01,K-8 Sack Lunch,K-8 Sack Lunch,Lunch,Entrees,37775,Turkey Breast (C) & Cheese (C) Pullman Sandwich (H/C),Turkey Breast (C) & Cheese (C) Pullman Sandwich (H/C) 25-26
2026-10-01,K-8 Sack Lunch,K-8 Sack Lunch,Lunch,Fruit Sides,38062,"Apple, Whole, Fuji","Apple, Whole, Fuji 25-26"
2026-10-01,K-8 Sack Lunch,K-8 Sack Lunch,Lunch,Milk,37349,"Milk, 1% Plain Half Pint","Milk, 1% Plain Half Pint 25-26"
2026-10-01,K-8 Sack Lunch,K-8 Sack Lunch,Lunch,Milk,37351,"Milk, Skim Chocolate Half Pint","Milk, Skim Chocolate Half Pint 25-26"
2026-10-01,K-8 Sack Lunch,K-8 Sack Lunch,Lunch,Milk,37353,"Milk, Skim Plain Half Pint","Milk, Skim Plain Half Pint 25-26"
2026-10-01,K-8 Sack Lunch,K-8 Sack Lunch,Lunch,Vegetable Sides,38064,"Bean, Pinto Salad","Bean, Pinto Salad 25-26"
2026-10-01,K-8 Sack Lunch,K-8 Sack Lunch,Lunch,Vegetable Sides,38093,"Cucumber Slices, Raw Whole","Cucumber Slices, Raw Whole 25-26"
2026-10-01,K-8 Satellite Lunch,K-8 Satellite Lunch,Lunch,Condiments,37526,"Dressing, Country Gravy","Dressing, Country Gravy 25-26"
2026-10-01,K-8 Satellite Lunch,K-8 Satellite Lunch,Lunch,Condiments,37842,"Ketchup, PC (P)","Ketchup, PC (P) 25-26"
2026-10-01,K-8 Satellite Lunch,K-8 Satellite Lunch,Lunch,Condiments,37455,"Ranch, Lite, PC","Ranch, Lite, PC 25-26"
2026-10-01,K-8 Satellite Lunch,K-8 Satellite Lunch,Lunch,Condiments,37443,"Tajin, PC","Tajin, PC 25-26"
2026-10-01,K-8 Satellite Lunch,K-8 Satellite Lunch,Lunch,Entrees,37540,"Beef, Steak Fingers w/Roll (C)","Beef, Steak Fingers w/Roll (C) 25-26"
2026-10-01,K-8 Satellite Lunch,K-8 Satellite Lunch,Lunch,Fruit Sides,38088,"Orange, Whole Cut 138 ct. (P)","Orange, Whole Cut 138 ct. (P) 25-26"
2026-10-01,K-8 Satellite Lunch,K-8 Satellite Lunch,Lunch,Milk,37349,"Milk, 1% Plain Half Pint","Milk, 1% Plain Half Pint 25-26"
2026-10-01,K-8 Satellite Lunch,K-8 Satellite Lunch,Lunch,Milk,37351,"Milk, Skim Chocolate Half Pint","Milk, Skim Chocolate Half Pint 25-26"
2026-10-01,K-8 Satellite Lunch,K-8 Satellite Lunch,Lunch,Milk,37353,"Milk, Skim Plain Half Pint","Milk, Skim Plain Half Pint 25-26"
2026-10-01,K-8 Satellite Lunch,K-8 Satellite Lunch,Lunch,Vegetable Sides,38093,"Cucumber Slices, Raw Whole","Cucumber Slices, Raw Whole 25-26"
2026-10-01,K-8 Satellite Lunch,K-8 Satellite Lunch,Lunch,Vegetable Sides,37855,"Potatoes, Mashed w/Country Gravy (C)","Potatoes, Mashed w/Country Gravy (C) 25-26"
2026-10-01,MS Snack Favorites,MS Favorites,Snack,Condiments,38262,"Dipping Sauce, Marinara (P)","Dipping Sauce, Marinara (P) 25-26"
2026-10-01,MS Snack Favorites,MS Favorites,Snack,Condiments,37842,"Ketchup, PC (P)","Ketchup, PC (P) 25-26"
2026-10-01,MS Snack Favorites,MS Favorites,Snack,Condiments,37398,"Mustard, PC","Mustard, PC 25-26"
2026-10-01,MS Snack Favorites,MS Favorites,Snack,Condiments,37914,"Sauce, Guacamole","Sauce, Guacamole 25-26"
2026-10-01,MS Snack Favorites,MS Favorites,Snack,Condiments,37929,"Sauce, Hot Sauce TX Pete's PC","Sauce, Hot Sauce TX Pete's PC 25-26"
2026-10-01,MS Snack Favorites,MS Favorites,Snack,Condiments,37884,"Sauce, Salsa Cup (P)","Sauce, Salsa Cup (P) 25-26"
2026-10-01,MS Snack Favorites,MS Favorites,Snack,Condiments,37443,"Tajin, PC","Tajin, PC 25-26"
2026-10-01,MS Snack Favorites,MS Favorites,Snack,Entrees,37389,"Cheesy Breadstick Bites, Jalapeno (C)","Cheesy Breadstick Bites, Jalapeno (C) 25-26"
2026-10-01,MS Snack Favorites,MS Favorites,Snack,Entrees,38110,"Chicken Fajita (CP), Cheese Sauce (C) Nachos","Chicken Fajita (CP), Cheese Sauce (C) Nachos 25-26"
2026-10-01,MS Snack Favorites,MS Favorites,Snack,Entrees,37923,"Turkey (C), Hot Dog","Turkey (C), Hot Dog 25-26"
2026-10-01,MS Snack Favorites,MS Favorites,Snack,Fruit Sides,38089,"Peach, Nectarine, Whole","Peach, Nectarine, Whole 25-26"
2026-10-01,MS Snack Favorites,MS Favorites,Snack,Milk,37349,"Milk, 1% Plain Half Pint","Milk, 1% Plain Half Pint 25-26"
2026-10-01,MS Snack Favorites,MS Favorites,Snack,Milk,37351,"Milk, Skim Chocolate Half Pint","Milk, Skim Chocolate Half Pint 25-26"
2026-10-01,MS Snack Favorites,MS Favorites,Snack,Milk,37353,"Milk, Skim Plain Half Pint","Milk, Skim Plain Half Pint 25-26"
2026-10-01,MS Snack Favorites,MS Favorites,Snack,Vegetable Sides,38093,"Cucumber Slices, Raw Whole","Cucumber Slices, Raw Whole 25-26"
2026-10-01,MS Snack Favorites,MS Favorites,Snack,Vegetable Sides,37327,"Fries, Seasoned, Curly (C)","Fries, Seasoned, Curly (C) 25-26"
2026-10-01,Pre-K Lunch SS,PreK Lunch SS,Lunch,Entrees,37537,"Burrito, Beef & Cheese (C) W/Cheese Sauce (C)","Burrito, Beef & Cheese (C) W/Cheese Sauce (C) 25-26"
2026-10-01,Pre-K Lunch SS,PreK Lunch SS,Lunch,Fruit Sides,37506,"Fruit, Apple Slices IW (C)","Fruit, Apple Slices IW (C) 25-26"
2026-10-01,Pre-K Lunch SS,PreK Lunch SS,Lunch,Milk,37349,"Milk, 1% Plain Half Pint","Milk, 1% Plain Half Pint 25-26"
2026-10-01,Pre-K Lunch SS,PreK Lunch SS,Lunch,Vegetable Sides,38081,"PreK, Cucumber Slices, Raw Whole 1/4c","PreK, Cucumber Slices, Raw Whole 1/4c 25-26"
2026-10-01,PreK Snack,PreK Snack,Snack,Entrees,37445,"Snack, Cracker, Cheese","Snack, Cracker, Cheese 25-26"
2026-10-01,PreK Snack,PreK Snack,Snack,Fruit Sides,38131,"Juice, 100% Apple, 6oz (Shelf-stable)","Juice, 100% Apple, 6oz (Shelf-stable) 25-26"
2026-10-02,Breakfast SS K-12,Breakfast SS K-12,Breakfast,Fruit,37277,"Fruit, Applesauce Cup, Individual (CP)","Fruit, Applesauce Cup, Individual (CP) 25-26"
2026-10-02,Breakfast SS K-12,Breakfast SS K-12,Breakfast,Fruit,38118,"Juice, 100% Apple, 4oz (Shelf-stable)","Juice, 100% Apple, 4oz (Shelf-stable) 25-26"
2026-10-02,Breakfast SS K-12,Breakfast SS K-12,Breakfast,Grain/ M/MA,37497,"Bread, Cowboy Bread, (IW)","Bread, Cowboy Bread, (IW) 25-26"
2026-10-02,Breakfast SS K-12,Breakfast SS K-12,Breakfast,Grain/ M/MA,37422,"Yogurt, Strawberry 4oz","Yogurt, Strawberry 4oz 25-26"
2026-10-02,Breakfast SS K-12,Breakfast SS K-12,Breakfast,Milk,37349,"Milk, 1% Plain Half Pint","Milk, 1% Plain Half Pint 25-26"
2026-10-02,Breakfast SS K-12,Breakfast SS K-12,Breakfast,Milk,37353,"Milk, Skim Plain Half Pint","Milk, Skim Plain Half Pint 25-26"
2026-10-02,Breakfast SS Pre-K,Breakfast SS PreK,Breakfast,Fruit,38118,"Juice, 100% Apple, 4oz (Shelf-stable)","Juice, 100% Apple, 4oz (Shelf-stable) 25-26"
2026-10-02,Breakfast SS Pre-K,Breakfast SS PreK,Breakfast,Grain/ M/MA,37960,"BRK, Apple Cinnamon Toast, IW","BRK, Apple Cinnamon Toast, IW 25-26"
2026-10-02,Breakfast SS Pre-K,Breakfast SS PreK,Breakfast,Milk,37349,"Milk, 1% Plain Half Pint","Milk, 1% Plain Half Pint 25-26"
2026-10-02,Breakfast Traditional OVS K-12,Breakfast Traditional OVS K-12,Breakfast,Condiments/ Side,37321,"Cracker, Educational Farmers MRKT","Cracker, Educational Farmers MRKT 25-26"
2026-10-02,Breakfast Traditional OVS K-12,Breakfast Traditional OVS K-12,Breakfast,Fruit,37277,"Fruit, Applesauce Cup, Individual (CP)","Fruit, Applesauce Cup, Individual (CP) 25-26"
2026-10-02,Breakfast Traditional OVS K-12,Breakfast Traditional OVS K-12,Breakfast,Fruit,38118,"Juice, 100% Apple, 4oz (Shelf-stable)","Juice, 100% Apple, 4oz (Shelf-stable) 25-26"
2026-10-02,Breakfast Traditional OVS K-12,Breakfast Traditional OVS K-12,Breakfast,Grain/ M/MA,37715,"Chicken, Biscuit, Fully Cooked, WG (C)","Chicken, Biscuit, Fully Cooked, WG (C) 25-26"
2026-10-02,Breakfast Traditional OVS K-12,Breakfast Traditional OVS K-12,Breakfast,Grain/ M/MA,37423,"Yogurt & Granola, Strawberry 4oz, Granola 1oz","Yogurt & Granola, Strawberry 4oz, Granola 1oz 25-26"
2026-10-02,Breakfast Traditional OVS K-12,Breakfast Traditional OVS K-12,Breakfast,Milk,37349,"Milk, 1% Plain Half Pint","Milk, 1% Plain Half Pint 25-26"
2026-10-02,Breakfast Traditional OVS K-12,Breakfast Traditional OVS K-12,Breakfast,Milk,37353,"Milk, Skim Plain Half Pint","Milk, Skim Plain Half Pint 25-26"
2026-10-02,CACFP Cold Dinner,CACFP Cold Dinner,Dinner,Condiments,37390,"Mayonnaise, PC","Mayonnaise, PC 25-26"
2026-10-02,CACFP Cold Dinner,CACFP Cold Dinner,Dinner,Condiments,37398,"Mustard, PC","Mustard, PC 25-26"
2026-10-02,CACFP Cold Dinner,CACFP Cold Dinner,Dinner,Condiments,37455,"Ranch, Lite, PC","Ranch, Lite, PC 25-26"
2026-10-02,CACFP Cold Dinner,CACFP Cold Dinner,Dinner,Entrees,37681,"Sandwich, Hoagie, Turkey Ham & Cheese on WG Roll IW","Sandwich, Hoagie, Turkey Ham & Cheese on WG Roll IW 25-26"
2026-10-02,CACFP Cold Dinner,CACFP Cold Dinner,Dinner,Fruit Sides,38088,"Orange, Whole Cut 138 ct. (P)","Orange, Whole Cut 138 ct. (P) 25-26"
2026-10-02,CACFP Cold Dinner,CACFP Cold Dinner,Dinner,Milk,37349,"Milk, 1% Plain Half Pint","Milk, 1% Plain Half Pint 25-26"
2026-10-02,CACFP Cold Dinner,CACFP Cold Dinner,Dinner,Milk,37351,"Milk, Skim Chocolate Half Pint","Milk, Skim Chocolate Half Pint 25-26"
2026-10-02,CACFP Cold Dinner,CACFP Cold Dinner,Dinner,Vegetable Sides,38072,"Celery, Raw","Celery, Raw 25-26"
2026-10-02,CACFP Hot Dinner,CACFP Hot Dinner,Dinner,Condiments,37929,"Sauce, Hot Sauce TX Pete's PC","Sauce, Hot Sauce TX Pete's PC 25-26"
2026-10-02,CACFP Hot Dinner,CACFP Hot Dinner,Dinner,Condiments,37884,"Sauce, Salsa Cup (P)","Sauce, Salsa Cup (P) 25-26"
2026-10-02,CACFP Hot Dinner,CACFP Hot Dinner,Dinner,Entrees,37428,"Tamale, Chicken","Tamale, Chicken 25-26"
2026-10-02,CACFP Hot Dinner,CACFP Hot Dinner,Dinner,Fruit Sides,37331,"Fruit, Mixed, Canned (Drained)","Fruit, Mixed, Canned (Drained) 25-26"
2026-10-02,CACFP Hot Dinner,CACFP Hot Dinner,Dinner,Milk,37349,"Milk, 1% Plain Half Pint","Milk, 1% Plain Half Pint 25-26"
2026-10-02,CACFP Hot Dinner,CACFP Hot Dinner,Dinner,Milk,37351,"Milk, Skim Chocolate Half Pint","Milk, Skim Chocolate Half Pint 25-26"
2026-10-02,CACFP Hot Dinner,CACFP Hot Dinner,Dinner,Vegetable Sides,37675,"Black Beans, Taco Fiesta","Black Beans, Taco Fiesta 25-26"
2026-10-02,HS Homestyle Lunch,HS Homestyle Lunch,Lunch,Condiments,37842,"Ketchup, PC (P)","Ketchup, PC (P) 25-26"
2026-10-02,HS Homestyle Lunch,HS Homestyle Lunch,Lunch,Condiments,37883,"Sauce, BBQ Dunk Cup, PC (P)","Sauce, BBQ Dunk Cup, PC (P) 25-26"
2026-10-02,HS Homestyle Lunch,HS Homestyle Lunch,Lunch,Entrees,37406,"Pizza (C), Cheese, 8 Cut","Pizza (C), Cheese, 8 Cut 25-26"
2026-10-02,HS Homestyle Lunch,HS Homestyle Lunch,Lunch,Entrees,38255,"Pizza (CP), Pepperoni (Beef), 8 Cut","Pizza (CP), Pepperoni (Beef), 8 Cut 26-27"
2026-10-02,HS Homestyle Lunch,HS Homestyle Lunch,Lunch,Entrees,37591,"Sandwich, Soy Butter and Jelly IW","Sandwich, Soy Butter and Jelly IW 25-26"
2026-10-02,HS Homestyle Lunch,HS Homestyle Lunch,Lunch,Entrees,37677,"Turkey, BBQ Sandwich (C)","Turkey, BBQ Sandwich (C) 25-26"
2026-10-02,HS Homestyle Lunch,HS Homestyle Lunch,Lunch,Fruit Sides,37331,"Fruit, Mixed, Canned (Drained)","Fruit, Mixed, Canned (Drained) 25-26"
2026-10-02,HS Homestyle Lunch,HS Homestyle Lunch,Lunch,Fruit Sides,38118,"Juice, 100% Apple, 4oz (Shelf-stable)","Juice, 100% Apple, 4oz (Shelf-stable) 25-26"
2026-10-02,HS Homestyle Lunch,HS Homestyle Lunch,Lunch,Grain/Other Side,37397,"Muffin, Corn (IW)","Muffin, Corn (IW) 25-26"
2026-10-02,HS Homestyle Lunch,HS Homestyle Lunch,Lunch,Grain/Other Side,37459,"Pudding, Chocolate","Pudding, Chocolate 25-26"
2026-10-02,HS Homestyle Lunch,HS Homestyle Lunch,Lunch,Milk,37349,"Milk, 1% Plain Half Pint","Milk, 1% Plain Half Pint 25-26"
2026-10-02,HS Homestyle Lunch,HS Homestyle Lunch,Lunch,Milk,37351,"Milk, Skim Chocolate Half Pint","Milk, Skim Chocolate Half Pint 25-26"
2026-10-02,HS Homestyle Lunch,HS Homestyle Lunch,Lunch,Milk,37353,"Milk, Skim Plain Half Pint","Milk, Skim Plain Half Pint 25-26"
2026-10-02,HS Homestyle Lunch,HS Homestyle Lunch,Lunch,Vegetable Sides,37290,"Broccoli, Frozen, Butter Buds, Fajita","Broccoli, Frozen, Butter Buds, Fajita 25-26"
2026-10-02,HS Homestyle Lunch,HS Homestyle Lunch,Lunch,Vegetable Sides,37297,"Carrots, Glazed","Carrots, Glazed 25-26"
2026-10-02,HS SS Satellite Lunch,HS SS Satellite Lunch,Lunch,Condiments,37842,"Ketchup, PC (P)","Ketchup, PC (P) 25-26"
2026-10-02,HS SS Satellite Lunch,HS SS Satellite Lunch,Lunch,Condiments,37883,"Sauce, BBQ Dunk Cup, PC (P)","Sauce, BBQ Dunk Cup, PC (P) 25-26"
2026-10-02,HS SS Satellite Lunch,HS SS Satellite Lunch,Lunch,Entrees,37677,"Turkey, BBQ Sandwich (C)","Turkey, BBQ Sandwich (C) 25-26"
2026-10-02,HS SS Satellite Lunch,HS SS Satellite Lunch,Lunch,Fruit Sides,37331,"Fruit, Mixed, Canned (Drained)","Fruit, Mixed, Canned (Drained) 25-26"
2026-10-02,HS SS Satellite Lunch,HS SS Satellite Lunch,Lunch,Fruit Sides,38118,"Juice, 100% Apple, 4oz (Shelf-stable)","Juice, 100% Apple, 4oz (Shelf-stable) 25-26"
2026-10-02,HS SS Satellite Lunch,HS SS Satellite Lunch,Lunch,Grain/Other Side,37310,"Chips, Baked Lays","Chips, Baked Lays 25-26"
2026-10-02,HS SS Satellite Lunch,HS SS Satellite Lunch,Lunch,Milk,37349,"Milk, 1% Plain Half Pint","Milk, 1% Plain Half Pint 25-26"
2026-10-02,HS SS Satellite Lunch,HS SS Satellite Lunch,Lunch,Milk,37351,"Milk, Skim Chocolate Half Pint","Milk, Skim Chocolate Half Pint 25-26"
2026-10-02,HS SS Satellite Lunch,HS SS Satellite Lunch,Lunch,Milk,37353,"Milk, Skim Plain Half Pint","Milk, Skim Plain Half Pint 25-26"
2026-10-02,HS SS Satellite Lunch,HS SS Satellite Lunch,Lunch,Vegetable Sides,37290,"Broccoli, Frozen, Butter Buds, Fajita","Broccoli, Frozen, Butter Buds, Fajita 25-26"
2026-10-02,HS SS Satellite Lunch,HS SS Satellite Lunch,Lunch,Vegetable Sides,37297,"Carrots, Glazed","Carrots, Glazed 25-26"
2026-10-02,HS Sack Lunch,HS Sack Lunch,Lunch,Condiments,37390,"Mayonnaise, PC","Mayonnaise, PC 25-26"
2026-10-02,HS Sack Lunch,HS Sack Lunch,Lunch,Condiments,37455,"Ranch, Lite, PC","Ranch, Lite, PC 25-26"
2026-10-02,HS Sack Lunch,HS Sack Lunch,Lunch,Entrees,37775,Turkey Breast (C) & Cheese (C) Pullman Sandwich (H/C),Turkey Breast (C) & Cheese (C) Pullman Sandwich (H/C) 25-26
2026-10-02,HS Sack Lunch,HS Sack Lunch,Lunch,Fruit Sides,38062,"Apple, Whole, Fuji","Apple, Whole, Fuji 25-26"
2026-10-02,HS Sack Lunch,HS Sack Lunch,Lunch,Fruit Sides,38122,"Juice, 100% Fruit Punch, 4oz (Shelf-stable)","Juice, 100% Fruit Punch, 4oz (Shelf-stable) 25-26"
2026-10-02,HS Sack Lunch,HS Sack Lunch,Lunch,Grain/Other Side,37310,"Chips, Baked Lays","Chips, Baked Lays 25-26"
2026-10-02,HS Sack Lunch,HS Sack Lunch,Lunch,Milk,37349,"Milk, 1% Plain Half Pint","Milk, 1% Plain Half Pint 25-26"
2026-10-02,HS Sack Lunch,HS Sack Lunch,Lunch,Milk,37351,"Milk, Skim Chocolate Half Pint","Milk, Skim Chocolate Half Pint 25-26"
2026-10-02,HS Sack Lunch,HS Sack Lunch,Lunch,Milk,37353,"Milk, Skim Plain Half Pint","Milk, Skim Plain Half Pint 25-26"
2026-10-02,HS Sack Lunch,HS Sack Lunch,Lunch,Vegetable Sides,38071,"Carrots, Baby Raw","Carrots, Baby Raw 25-26"
2026-10-02,HS Sack Lunch,HS Sack Lunch,Lunch,Vegetable Sides,38072,"Celery, Raw","Celery, Raw 25-26"
2026-10-02,HS Satellite Lunch,HS Satellite Lunch,Lunch,Condiments,37842,"Ketchup, PC (P)","Ketchup, PC (P) 25-26"
2026-10-02,HS Satellite Lunch,HS Satellite Lunch,Lunch,Condiments,37883,"Sauce, BBQ Dunk Cup, PC (P)","Sauce, BBQ Dunk Cup, PC (P) 25-26"
2026-10-02,HS Satellite Lunch,HS Satellite Lunch,Lunch,Entrees,37677,"Turkey, BBQ Sandwich (C)","Turkey, BBQ Sandwich (C) 25-26"
2026-10-02,HS Satellite Lunch,HS Satellite Lunch,Lunch,Fruit Sides,37331,"Fruit, Mixed, Canned (Drained)","Fruit, Mixed, Canned (Drained) 25-26"
2026-10-02,HS Satellite Lunch,HS Satellite Lunch,Lunch,Fruit Sides,38118,"Juice, 100% Apple, 4oz (Shelf-stable)","Juice, 100% Apple, 4oz (Shelf-stable) 25-26"
2026-10-02,HS Satellite Lunch,HS Satellite Lunch,Lunch,Grain/Other Side,37310,"Chips, Baked Lays","Chips, Baked Lays 25-26"
2026-10-02,HS Satellite Lunch,HS Satellite Lunch,Lunch,Milk,37349,"Milk, 1% Plain Half Pint","Milk, 1% Plain Half Pint 25-26"
2026-10-02,HS Satellite Lunch,HS Satellite Lunch,Lunch,Milk,37351,"Milk, Skim Chocolate Half Pint","Milk, Skim Chocolate Half Pint 25-26"
2026-10-02,HS Satellite Lunch,HS Satellite Lunch,Lunch,Milk,37353,"Milk, Skim Plain Half Pint","Milk, Skim Plain Half Pint 25-26"
2026-10-02,HS Satellite Lunch,HS Satellite Lunch,Lunch,Vegetable Sides,37290,"Broccoli, Frozen, Butter Buds, Fajita","Broccoli, Frozen, Butter Buds, Fajita 25-26"
2026-10-02,HS Satellite Lunch,HS Satellite Lunch,Lunch,Vegetable Sides,37297,"Carrots, Glazed","Carrots, Glazed 25-26"
2026-10-02,HS Snack Favorites,HS Favorites,Snack,Condiments,37842,"Ketchup, PC (P)","Ketchup, PC (P) 25-26"
2026-10-02,HS Snack Favorites,HS Favorites,Snack,Condiments,37390,"Mayonnaise, PC","Mayonnaise, PC 25-26"
2026-10-02,HS Snack Favorites,HS Favorites,Snack,Condiments,37398,"Mustard, PC","Mustard, PC 25-26"
2026-10-02,HS Snack Favorites,HS Favorites,Snack,Condiments,37439,"Pickles, 2ea","Pickles, 2ea 25-26"
2026-10-02,HS Snack Favorites,HS Favorites,Snack,Condiments,37455,"Ranch, Lite, PC","Ranch, Lite, PC 25-26"
2026-10-02,HS Snack Favorites,HS Favorites,Snack,Condiments,37883,"Sauce, BBQ Dunk Cup, PC (P)","Sauce, BBQ Dunk Cup, PC (P) 25-26"
2026-10-02,HS Snack Favorites,HS Favorites,Snack,Condiments,37929,"Sauce, Hot Sauce TX Pete's PC","Sauce, Hot Sauce TX Pete's PC 25-26"
2026-10-02,HS Snack Favorites,HS Favorites,Snack,Entrees,37717,"Beef (C), Burger, American Cheese (C)","Beef (C), Burger, American Cheese (C) 25-26"
2026-10-02,HS Snack Favorites,HS Favorites,Snack,Entrees,37589,"Chicken, Dumplings, Teriyaki Sauce","Chicken, Dumplings, Teriyaki Sauce 25-26"
2026-10-02,HS Snack Favorites,HS Favorites,Snack,Entrees,38257,"Chicken, Tenders (CP) W/Breadstick, Cheesy Garlic","Chicken, Tenders (CP) W/Breadstick, Cheesy Garlic 26-27"
2026-10-02,HS Snack Favorites,HS Favorites,Snack,Fruit Sides,37331,"Fruit, Mixed, Canned (Drained)","Fruit, Mixed, Canned (Drained) 25-26"
2026-10-02,HS Snack Favorites,HS Favorites,Snack,Fruit Sides,38118,"Juice, 100% Apple, 4oz (Shelf-stable)","Juice, 100% Apple, 4oz (Shelf-stable) 25-26"
2026-10-02,HS Snack Favorites,HS Favorites,Snack,Grain/Other Side,37310,"Chips, Baked Lays","Chips, Baked Lays 25-26"
2026-10-02,HS Snack Favorites,HS Favorites,Snack,Grain/Other Side,37459,"Pudding, Chocolate","Pudding, Chocolate 25-26"
2026-10-02,HS Snack Favorites,HS Favorites,Snack,Milk,37349,"Milk, 1% Plain Half Pint","Milk, 1% Plain Half Pint 25-26"
2026-10-02,HS Snack Favorites,HS Favorites,Snack,Milk,37351,"Milk, Skim Chocolate Half Pint","Milk, Skim Chocolate Half Pint 25-26"
2026-10-02,HS Snack Favorites,HS Favorites,Snack,Milk,37353,"Milk, Skim Plain Half Pint","Milk, Skim Plain Half Pint 25-26"
2026-10-02,HS Snack Favorites,HS Favorites,Snack,Vegetable Sides,37290,"Broccoli, Frozen, Butter Buds, Fajita","Broccoli, Frozen, Butter Buds, Fajita 25-26"
2026-10-02,HS Snack Favorites,HS Favorites,Snack,Vegetable Sides,37297,"Carrots, Glazed","Carrots, Glazed 25-26"
2026-10-02,K-12 Snack,K-12 Snack,Snack,Entrees,37446,"Snack Mix, Cracker, Strawberry Yogurt","Snack Mix, Cracker, Strawberry Yogurt 25-26"
2026-10-02,K-12 Snack,K-12 Snack,Snack,Fruit Sides,38182,"Apple, Whole, Red Delicious","Apple, Whole, Red Delicious 25-26"
2026-10-02,K-8 Lunch,K-8 Lunch,Lunch,Condiments,37842,"Ketchup, PC (P)","Ketchup, PC (P) 25-26"
2026-10-02,K-8 Lunch,K-8 Lunch,Lunch,Condiments,37883,"Sauce, BBQ Dunk Cup, PC (P)","Sauce, BBQ Dunk Cup, PC (P) 25-26"
2026-10-02,K-8 Lunch,K-8 Lunch,Lunch,Entrees,37406,"Pizza (C), Cheese, 8 Cut","Pizza (C), Cheese, 8 Cut 25-26"
2026-10-02,K-8 Lunch,K-8 Lunch,Lunch,Entrees,38255,"Pizza (CP), Pepperoni (Beef), 8 Cut","Pizza (CP), Pepperoni (Beef), 8 Cut 26-27"
2026-10-02,K-8 Lunch,K-8 Lunch,Lunch,Entrees,37591,"Sandwich, Soy Butter and Jelly IW","Sandwich, Soy Butter and Jelly IW 25-26"
2026-10-02,K-8 Lunch,K-8 Lunch,Lunch,Entrees,37677,"Turkey, BBQ Sandwich (C)","Turkey, BBQ Sandwich (C) 25-26"
2026-10-02,K-8 Lunch,K-8 Lunch,Lunch,Fruit Sides,37331,"Fruit, Mixed, Canned (Drained)","Fruit, Mixed, Canned (Drained) 25-26"
2026-10-02,K-8 Lunch,K-8 Lunch,Lunch,Milk,37349,"Milk, 1% Plain Half Pint","Milk, 1% Plain Half Pint 25-26"
2026-10-02,K-8 Lunch,K-8 Lunch,Lunch,Milk,37351,"Milk, Skim Chocolate Half Pint","Milk, Skim Chocolate Half Pint 25-26"
2026-10-02,K-8 Lunch,K-8 Lunch,Lunch,Milk,37353,"Milk, Skim Plain Half Pint","Milk, Skim Plain Half Pint 25-26"
2026-10-02,K-8 Lunch,K-8 Lunch,Lunch,Vegetable Sides,37290,"Broccoli, Frozen, Butter Buds, Fajita","Broccoli, Frozen, Butter Buds, Fajita 25-26"
2026-10-02,K-8 Lunch,K-8 Lunch,Lunch,Vegetable Sides,37297,"Carrots, Glazed","Carrots, Glazed 25-26"
2026-10-02,K-8 Sack Lunch,K-8 Sack Lunch,Lunch,Condiments,37455,"Ranch, Lite, PC","Ranch, Lite, PC 25-26"
2026-10-02,K-8 Sack Lunch,K-8 Sack Lunch,Lunch,Entrees,37899,Turkey Ham (C) & American Cheese (C) Hoagie (H/C),Turkey Ham (C) & American Cheese (C) Hoagie (H/C) 25-26
2026-10-02,K-8 Sack Lunch,K-8 Sack Lunch,Lunch,Fruit Sides,38062,"Apple, Whole, Fuji","Apple, Whole, Fuji 25-26"
2026-10-02,K-8 Sack Lunch,K-8 Sack Lunch,Lunch,Milk,37349,"Milk, 1% Plain Half Pint","Milk, 1% Plain Half Pint 25-26"
2026-10-02,K-8 Sack Lunch,K-8 Sack Lunch,Lunch,Milk,37351,"Milk, Skim Chocolate Half Pint","Milk, Skim Chocolate Half Pint 25-26"
2026-10-02,K-8 Sack Lunch,K-8 Sack Lunch,Lunch,Milk,37353,"Milk, Skim Plain Half Pint","Milk, Skim Plain Half Pint 25-26"
2026-10-02,K-8 Sack Lunch,K-8 Sack Lunch,Lunch,Vegetable Sides,38071,"Carrots, Baby Raw","Carrots, Baby Raw 25-26"
2026-10-02,K-8 Sack Lunch,K-8 Sack Lunch,Lunch,Vegetable Sides,38072,"Celery, Raw","Celery, Raw 25-26"
2026-10-02,K-8 Satellite Lunch,K-8 Satellite Lunch,Lunch,Condiments,37842,"Ketchup, PC (P)","Ketchup, PC (P) 25-26"
2026-10-02,K-8 Satellite Lunch,K-8 Satellite Lunch,Lunch,Condiments,37883,"Sauce, BBQ Dunk Cup, PC (P)","Sauce, BBQ Dunk Cup, PC (P) 25-26"
2026-10-02,K-8 Satellite Lunch,K-8 Satellite Lunch,Lunch,Entrees,37677,"Turkey, BBQ Sandwich (C)","Turkey, BBQ Sandwich (C) 25-26"
2026-10-02,K-8 Satellite Lunch,K-8 Satellite Lunch,Lunch,Fruit Sides,37331,"Fruit, Mixed, Canned (Drained)","Fruit, Mixed, Canned (Drained) 25-26"
2026-10-02,K-8 Satellite Lunch,K-8 Satellite Lunch,Lunch,Milk,37349,"Milk, 1% Plain Half Pint","Milk, 1% Plain Half Pint 25-26"
2026-10-02,K-8 Satellite Lunch,K-8 Satellite Lunch,Lunch,Milk,37351,"Milk, Skim Chocolate Half Pint","Milk, Skim Chocolate Half Pint 25-26"
2026-10-02,K-8 Satellite Lunch,K-8 Satellite Lunch,Lunch,Milk,37353,"Milk, Skim Plain Half Pint","Milk, Skim Plain Half Pint 25-26"
2026-10-02,K-8 Satellite Lunch,K-8 Satellite Lunch,Lunch,Vegetable Sides,37290,"Broccoli, Frozen, Butter Buds, Fajita","Broccoli, Frozen, Butter Buds, Fajita 25-26"
2026-10-02,K-8 Satellite Lunch,K-8 Satellite Lunch,Lunch,Vegetable Sides,37297,"Carrots, Glazed","Carrots, Glazed 25-26"
2026-10-02,MS Snack Favorites,MS Favorites,Snack,Condiments,37842,"Ketchup, PC (P)","Ketchup, PC (P) 25-26"
2026-10-02,MS Snack Favorites,MS Favorites,Snack,Condiments,37390,"Mayonnaise, PC","Mayonnaise, PC 25-26"
2026-10-02,MS Snack Favorites,MS Favorites,Snack,Condiments,37398,"Mustard, PC","Mustard, PC 25-26"
2026-10-02,MS Snack Favorites,MS Favorites,Snack,Condiments,37439,"Pickles, 2ea","Pickles, 2ea 25-26"
2026-10-02,MS Snack Favorites,MS Favorites,Snack,Condiments,37455,"Ranch, Lite, PC","Ranch, Lite, PC 25-26"
2026-10-02,MS Snack Favorites,MS Favorites,Snack,Condiments,37929,"Sauce, Hot Sauce TX Pete's PC","Sauce, Hot Sauce TX Pete's PC 25-26"
2026-10-02,MS Snack Favorites,MS Favorites,Snack,Entrees,37691,"Asian, Teriyaki Breaded Chicken Poppers (C) & Rice","Asian, Teriyaki Breaded Chicken Poppers (C) & Rice 25-26"
2026-10-02,MS Snack Favorites,MS Favorites,Snack,Entrees,37717,"Beef (C), Burger, American Cheese (C)","Beef (C), Burger, American Cheese (C) 25-26"
2026-10-02,MS Snack Favorites,MS Favorites,Snack,Entrees,37678,"Chicken, Tenders, Nashville Hot w/1 oz Roll (C)","Chicken, Tenders, Nashville Hot w/1 oz Roll (C) 25-26"
2026-10-02,MS Snack Favorites,MS Favorites,Snack,Fruit Sides,37331,"Fruit, Mixed, Canned (Drained)","Fruit, Mixed, Canned (Drained) 25-26"
2026-10-02,MS Snack Favorites,MS Favorites,Snack,Grain/Other Side,37310,"Chips, Baked Lays","Chips, Baked Lays 25-26"
2026-10-02,MS Snack Favorites,MS Favorites,Snack,Milk,37349,"Milk, 1% Plain Half Pint","Milk, 1% Plain Half Pint 25-26"
2026-10-02,MS Snack Favorites,MS Favorites,Snack,Milk,37351,"Milk, Skim Chocolate Half Pint","Milk, Skim Chocolate Half Pint 25-26"
2026-10-02,MS Snack Favorites,MS Favorites,Snack,Milk,37353,"Milk, Skim Plain Half Pint","Milk, Skim Plain Half Pint 25-26"
2026-10-02,MS Snack Favorites,MS Favorites,Snack,Vegetable Sides,37290,"Broccoli, Frozen, Butter Buds, Fajita","Broccoli, Frozen, Butter Buds, Fajita 25-26"
2026-10-02,MS Snack Favorites,MS Favorites,Snack,Vegetable Sides,37297,"Carrots, Glazed","Carrots, Glazed 25-26"
2026-10-02,Pre-K Lunch SS,PreK Lunch SS,Lunch,Condiments,37883,"Sauce, BBQ Dunk Cup, PC (P)","Sauce, BBQ Dunk Cup, PC (P) 25-26"
2026-10-02,Pre-K Lunch SS,PreK Lunch SS,Lunch,Entrees,37677,"Turkey, BBQ Sandwich (C)","Turkey, BBQ Sandwich (C) 25-26"
2026-10-02,Pre-K Lunch SS,PreK Lunch SS,Lunch,Fruit Sides,37481,"PreK, Fruit, Mixed, Canned 1/4 Cup","PreK, Fruit, Mixed, Canned 1/4 Cup 25-26"
2026-10-02,Pre-K Lunch SS,PreK Lunch SS,Lunch,Milk,37349,"Milk, 1% Plain Half Pint","Milk, 1% Plain Half Pint 25-26"
2026-10-02,Pre-K Lunch SS,PreK Lunch SS,Lunch,Vegetable Sides,37407,"PreK, Carrots, Glazed 1/4 Cup","PreK, Carrots, Glazed 1/4 Cup 25-26"
2026-10-02,PreK Snack,PreK Snack,Snack,Entrees,37446,"Snack Mix, Cracker, Strawberry Yogurt","Snack Mix, Cracker, Strawberry Yogurt 25-26"
2026-10-02,PreK Snack,PreK Snack,Snack,Fruit Sides,37456,Raisins (P),Raisins (P) 25-26
